,customer_id,product_id,order_id,purchase_date,items
694857,154473,1372,12108,2024-01-04,1.0
694859,156486,10652,12123,2024-01-04,2.3333333333333335
694877,191247,1372,12469,2024-01-04,1.6666666666666667
694905,203259,48574,12747,2024-01-04,1.6666666666666667
694908,207345,50272,12841,2024-01-04,1.0
694915,210120,1370,4685,2024-01-02,3.6666666666666665
694923,212379,10652,8669,2024-01-03,7.0
694939,221247,36720,8910,2024-01-03,-0.3333333333333333
694946,223776,1370,8979,2024-01-03,7.0
695215,158610,11262,12158,2024-01-04,4.333333333333333
695238,186942,1304,12413,2024-01-04,3.0
695240,188700,60978,12439,2024-01-04,3.6666666666666665
695266,203502,10652,12751,2024-01-04,1.6666666666666667
695272,206955,35846,12827,2024-01-04,9.666666666666666
695279,211413,1370,4724,2024-01-02,10.333333333333334
695281,211533,35846,12922,2024-01-04,20.333333333333332
695424,62337,50274,11244,2024-01-04,2.3333333333333335
695583,179838,1304,12336,2024-01-04,1.6666666666666667
695595,194229,46632,12522,2024-01-04,1.6666666666666667
695604,198867,33886,12634,2024-01-04,3.6666666666666665
695650,222906,1304,8958,2024-01-03,1.6666666666666667
695673,234093,30500,13645,2024-01-04,2.3333333333333335
695850,149634,30500,12084,2024-01-04,7.0
695851,154485,1370,12109,2024-01-04,2.3333333333333335
695854,174279,11262,12306,2024-01-04,1.6666666666666667
695864,205812,1370,8508,2024-01-03,1.6666666666666667
695865,206979,42132,12828,2024-01-04,2.3333333333333335
695866,207345,11262,12841,2024-01-04,20.333333333333332
695899,235842,1370,9398,2024-01-03,1.0
695910,25749,48574,11065,2024-01-04,1.0
696019,172161,30500,12297,2024-01-04,10.333333333333334
696020,174279,39186,12306,2024-01-04,1.0
696039,210393,48574,12882,2024-01-04,13.666666666666666
696040,210981,10652,12904,2024-01-04,3.6666666666666665
696070,236775,1370,9428,2024-01-03,17.0
696121,60864,1304,11204,2024-01-04,1.6666666666666667
696226,206346,50270,12807,2024-01-04,2.3333333333333335
696227,207096,48574,12830,2024-01-04,1.6666666666666667
696230,210981,124,12904,2024-01-04,-3.0
696231,212379,57804,8669,2024-01-03,1.0
696321,96138,35732,11653,2024-01-04,1.6666666666666667
696379,184113,48574,12381,2024-01-04,1.0
696387,192159,1370,12478,2024-01-04,7.0
696388,192771,48574,12491,2024-01-04,1.0
696391,194229,16358,12522,2024-01-04,3.6666666666666665
696401,198981,1304,8347,2024-01-03,1.6666666666666667
696406,203796,48574,12759,2024-01-04,3.0
696409,205821,1372,12800,2024-01-04,3.6666666666666665
696412,210981,30500,12904,2024-01-04,1.6666666666666667
696413,210981,44302,12904,2024-01-04,-1.0
696488,59703,50268,11198,2024-01-04,7.0
696489,61305,1370,11215,2024-01-04,1.6666666666666667
696492,68496,1370,11359,2024-01-04,3.0
696523,129264,16358,12004,2024-01-04,5.0
696553,153279,1304,7858,2024-01-03,3.0
696554,153381,50274,7860,2024-01-03,1.0
696558,179838,10652,12336,2024-01-04,3.6666666666666665
696565,198873,48574,12635,2024-01-04,1.6666666666666667
696572,207084,42132,12829,2024-01-04,1.0
696579,210846,1304,12895,2024-01-04,13.0
696580,210981,11262,12904,2024-01-04,-13.0
696602,231162,1304,13542,2024-01-04,1.6666666666666667
696604,232266,10808,13584,2024-01-04,1.0
696661,72930,35846,11482,2024-01-04,1.6666666666666667
696727,154494,1370,12110,2024-01-04,13.666666666666666
696728,163101,30500,12225,2024-01-04,7.0
696734,187797,50720,12421,2024-01-04,1.0
696739,195063,1370,8240,2024-01-03,1.6666666666666667
696745,203259,60978,12747,2024-01-04,8.333333333333334
696746,207345,1372,12841,2024-01-04,1.6666666666666667
696816,62337,10808,11244,2024-01-04,4.333333333333333
696821,68496,48574,11359,2024-01-04,1.6666666666666667
696890,154113,1370,12103,2024-01-04,1.6666666666666667
696892,172161,1372,12297,2024-01-04,7.0
696899,192942,1304,12494,2024-01-04,10.333333333333334
696910,199860,1304,8369,2024-01-03,3.0
696916,207345,51974,12841,2024-01-04,1.0
696923,210882,48574,12898,2024-01-04,2.3333333333333335
696942,223776,1304,8979,2024-01-03,2.3333333333333335
697061,154485,11262,12109,2024-01-04,1.0
697062,157500,48574,12133,2024-01-04,3.0
697067,183492,30500,8089,2024-01-03,4.333333333333333
697079,203052,60978,12742,2024-01-04,3.0
697081,206343,50270,12806,2024-01-04,1.0
697082,206412,30500,12814,2024-01-04,7.0
697083,206418,42132,12816,2024-01-04,1.6666666666666667
697085,213987,1370,4794,2024-01-02,-2.3333333333333335
697222,156063,1304,7873,2024-01-03,1.6666666666666667
697229,167316,11262,12251,2024-01-04,27.0
697238,199860,30500,8369,2024-01-03,3.6666666666666665
697242,206838,1372,12825,2024-01-04,1.0
697249,210114,11262,12876,2024-01-04,3.6666666666666665
697251,211533,35732,12922,2024-01-04,10.333333333333334
697252,211767,11262,8646,2024-01-03,2.3333333333333335
697284,236775,60978,9428,2024-01-03,1.6666666666666667
697401,153279,1370,7858,2024-01-03,1.0
697411,188196,1372,12427,2024-01-04,1.6666666666666667
697413,192756,35732,12489,2024-01-04,7.0
697421,200259,48574,8376,2024-01-03,1.0
697429,206955,35732,12827,2024-01-04,1.6666666666666667
697434,212112,50274,12937,2024-01-04,1.0
697443,223389,35732,13282,2024-01-04,1.6666666666666667
697459,238827,50270,13800,2024-01-04,1.0
697579,153312,1370,12096,2024-01-04,1.6666666666666667
697580,153885,48574,7865,2024-01-03,3.6666666666666665
697581,154578,48574,12111,2024-01-04,1.0
697584,167316,48574,12251,2024-01-04,7.0
697586,186174,44302,12402,2024-01-04,3.6666666666666665
697595,203052,1304,12742,2024-01-04,8.333333333333334
697596,207219,1304,12837,2024-01-04,1.6666666666666667
697599,210882,10652,12898,2024-01-04,2.3333333333333335
697619,225669,1304,13349,2024-01-04,3.0
697763,172590,1304,8005,2024-01-03,1.0
697766,183912,16358,12379,2024-01-04,1.0
697771,194229,11262,12522,2024-01-04,4.333333333333333
697778,203574,48574,12754,2024-01-04,3.0
697779,206415,1372,12815,2024-01-04,1.6666666666666667
697780,206940,44302,12826,2024-01-04,2.3333333333333335
697781,207105,33886,12831,2024-01-04,1.6666666666666667
697790,213102,60978,12967,2024-01-04,7.0
697805,224631,1372,13314,2024-01-04,2.3333333333333335
697835,25743,60978,11064,2024-01-04,7.0
697951,153312,1304,12096,2024-01-04,1.0
697952,154890,44302,7869,2024-01-03,10.333333333333334
697953,157398,60978,12131,2024-01-04,3.6666666666666665
697955,165744,16358,12239,2024-01-04,1.6666666666666667
697958,188937,1370,12444,2024-01-04,2.3333333333333335
697974,210981,44302,12904,2024-01-04,1.6666666666666667
697976,212220,48574,8664,2024-01-03,7.0
697979,216981,1370,8808,2024-01-03,3.6666666666666665
697985,221247,50274,8910,2024-01-03,1.0
697989,222906,1372,8958,2024-01-03,1.6666666666666667
698002,227973,1370,13416,2024-01-04,17.0
699963,61935,1370,3182,2024-01-02,2.3333333333333335
699987,72930,44302,11482,2024-01-04,1.0
700156,187974,35846,12423,2024-01-04,1.6666666666666667
700162,195063,1370,8240,2024-01-03,-1.0
700236,227295,1370,9095,2024-01-03,3.0
700253,232410,1370,9295,2024-01-03,7.0
700261,235842,35732,9398,2024-01-03,1.6666666666666667
700360,63582,35732,11269,2024-01-04,3.0
700498,153381,1372,7860,2024-01-03,1.0
700522,194208,1304,12521,2024-01-04,1.6666666666666667
700537,203502,50268,12751,2024-01-04,1.6666666666666667
700541,207345,10652,12841,2024-01-04,7.0
700552,211413,1304,4724,2024-01-02,17.0
700554,212112,57804,12937,2024-01-04,1.0
700694,62337,1304,11244,2024-01-04,1.0
700711,72930,50270,11482,2024-01-04,1.0
700829,153204,1304,7857,2024-01-03,2.3333333333333335
700831,153885,10652,7865,2024-01-03,1.6666666666666667
700843,165762,44302,12240,2024-01-04,1.6666666666666667
700859,183489,50274,8088,2024-01-03,1.0
700869,186438,1304,12407,2024-01-04,1.0
700870,187974,1370,12423,2024-01-04,1.6666666666666667
700878,194229,1370,12522,2024-01-04,3.6666666666666665
700905,203133,60978,12746,2024-01-04,3.0
700907,207366,1304,12843,2024-01-04,2.3333333333333335
700940,222750,1370,5012,2024-01-02,2.3333333333333335
700973,232410,1304,9295,2024-01-03,7.666666666666667
701222,154146,1372,12105,2024-01-04,1.6666666666666667
701229,164457,30500,7959,2024-01-03,2.3333333333333335
701237,182292,33886,8079,2024-01-03,3.6666666666666665
701241,183675,1370,12377,2024-01-04,1.6666666666666667
701279,210981,30500,12904,2024-01-04,-1.0
701283,212586,44302,12951,2024-01-04,1.0
701338,229812,50268,13491,2024-01-04,1.0
701535,129264,60978,12004,2024-01-04,2.3333333333333335
701604,157398,11262,12131,2024-01-04,1.6666666666666667
701629,188700,1304,12439,2024-01-04,1.0
701631,194229,50272,12522,2024-01-04,1.6666666666666667
701637,197835,1370,8313,2024-01-03,3.6666666666666665
701645,198867,60978,12634,2024-01-04,3.6666666666666665
701667,205821,48574,12800,2024-01-04,3.6666666666666665
701678,211533,1372,12922,2024-01-04,7.0
701697,224931,1304,9012,2024-01-03,1.6666666666666667
701818,72930,11262,11482,2024-01-04,3.6666666666666665
701938,154707,35732,12113,2024-01-04,3.0
701951,174279,60978,12306,2024-01-04,1.0
701953,182292,48574,8079,2024-01-03,1.0
701964,188961,1372,12445,2024-01-04,1.6666666666666667
702011,207345,30500,12841,2024-01-04,13.666666666666666
702073,228753,11262,9154,2024-01-03,1.0
702210,72483,50270,11469,2024-01-04,5.666666666666667
702327,153315,11262,12097,2024-01-04,1.6666666666666667
702329,163131,1372,12226,2024-01-04,1.6666666666666667
702331,166128,60978,12244,2024-01-04,44.333333333333336
702333,167316,44302,12251,2024-01-04,3.6666666666666665
702350,188937,11262,12444,2024-01-04,3.0
702372,206346,60978,12807,2024-01-04,7.0
702374,206364,30500,12811,2024-01-04,1.6666666666666667
702407,224169,10652,8989,2024-01-03,4.333333333333333
702421,227295,35732,9095,2024-01-03,1.6666666666666667
702700,203106,1304,12745,2024-01-04,10.333333333333334
702704,206412,11262,12814,2024-01-04,13.666666666666666
702712,212586,42132,12951,2024-01-04,1.0
703001,172590,11262,8005,2024-01-03,1.6666666666666667
703007,187797,60978,12421,2024-01-04,3.6666666666666665
703023,203133,11262,12746,2024-01-04,5.666666666666667
703027,206637,11262,12820,2024-01-04,10.333333333333334
703029,206838,1304,12825,2024-01-04,3.0
703033,211413,50274,8635,2024-01-03,1.6666666666666667
703062,224631,11262,13314,2024-01-04,1.6666666666666667
703217,66843,1370,11335,2024-01-04,1.0
703359,163101,1370,12225,2024-01-04,3.0
703370,182292,1304,8079,2024-01-03,3.6666666666666665
703390,204093,35732,8471,2024-01-03,3.0
703392,204093,1372,8471,2024-01-03,1.0
703406,209976,1304,8600,2024-01-03,5.666666666666667
703434,227292,1304,9094,2024-01-03,3.0
703436,227292,1370,9094,2024-01-03,2.3333333333333335
703467,25749,35846,11065,2024-01-04,2.3333333333333335
703469,25749,50270,11065,2024-01-04,1.6666666666666667
703569,72483,10652,11469,2024-01-04,7.0
703685,186327,1304,8121,2024-01-03,2.3333333333333335
703697,195723,30500,12561,2024-01-04,1.0
703713,203259,1304,12747,2024-01-04,1.6666666666666667
703715,203574,30500,12754,2024-01-04,2.3333333333333335
703727,211473,11262,8637,2024-01-03,3.6666666666666665
704030,153885,1304,7865,2024-01-03,4.333333333333333
704035,158610,1304,12158,2024-01-04,1.0
704047,172590,1370,8005,2024-01-03,3.6666666666666665
704048,173796,1370,8024,2024-01-03,1.0
704052,181101,1304,12342,2024-01-04,33.666666666666664
704056,183492,10652,8089,2024-01-03,13.666666666666666
704104,211473,60978,8637,2024-01-03,3.6666666666666665
704106,212892,1370,12958,2024-01-04,3.6666666666666665
704140,228753,1370,9154,2024-01-03,1.0
704162,234093,48574,13645,2024-01-04,4.333333333333333
704421,153315,1370,12097,2024-01-04,1.6666666666666667
704423,154146,1370,12105,2024-01-04,3.0
704425,154707,1370,12113,2024-01-04,1.6666666666666667
704435,164640,1304,12233,2024-01-04,1.6666666666666667
704437,165762,10808,12240,2024-01-04,1.0
704444,192735,1372,12488,2024-01-04,1.0
704471,206406,1304,12813,2024-01-04,7.0
704484,211413,48574,4724,2024-01-02,2.3333333333333335
704510,222906,50270,8958,2024-01-03,2.3333333333333335
704517,224841,35732,13321,2024-01-04,2.3333333333333335
704539,235842,10652,9398,2024-01-03,1.0
704784,154707,44302,12113,2024-01-04,1.0
704786,154707,1372,12113,2024-01-04,1.0
704817,194229,60978,12522,2024-01-04,13.666666666666666
704831,207345,46632,12841,2024-01-04,4.333333333333333
704833,208341,50268,12854,2024-01-04,1.6666666666666667
704841,210981,1370,12904,2024-01-04,7.0
704888,229812,11262,13491,2024-01-04,1.0
704922,25749,60978,11065,2024-01-04,7.0
705130,154890,1370,7869,2024-01-03,20.333333333333332
705138,172161,1304,12297,2024-01-04,33.666666666666664
705140,174279,1304,12306,2024-01-04,1.0
705144,183489,30500,8088,2024-01-03,3.0
705180,203502,11262,12751,2024-01-04,1.6666666666666667
705184,205815,1370,4588,2024-01-02,1.0
705187,206979,35846,12828,2024-01-04,7.0
705197,210882,1370,12898,2024-01-04,5.0
705201,212586,50270,12951,2024-01-04,1.0
705283,234093,1304,13645,2024-01-04,7.666666666666667
705499,156486,1370,12123,2024-01-04,3.0
705508,167316,30500,12251,2024-01-04,19.0
705512,178230,11262,12329,2024-01-04,3.6666666666666665
705525,192756,1304,12489,2024-01-04,5.0
705544,206304,1304,8512,2024-01-03,1.0
705546,207105,11262,12831,2024-01-04,5.0
707116,149634,1304,12084,2024-01-04,3.6666666666666665
707119,153315,1304,12097,2024-01-04,1.6666666666666667
707120,153402,11262,7861,2024-01-03,7.0
707122,153402,1304,7861,2024-01-03,1.6666666666666667
707160,203082,10652,12744,2024-01-04,1.6666666666666667
707170,205815,1304,4588,2024-01-02,1.0
707172,205821,1304,12800,2024-01-04,3.6666666666666665
707176,206346,50268,12807,2024-01-04,1.6666666666666667
707178,206940,30500,12826,2024-01-04,7.0
707186,212256,1304,12941,2024-01-04,1.6666666666666667
707211,222906,48574,8958,2024-01-03,1.6666666666666667
707215,224631,1370,13314,2024-01-04,3.0
707221,227829,11262,13411,2024-01-04,7.0
707347,128763,1304,11983,2024-01-04,1.6666666666666667
707379,153867,56714,7863,2024-01-03,1.6666666666666667
707380,153867,1372,7863,2024-01-03,1.0
707392,184674,11262,2638,2024-01-01,1.6666666666666667
707404,205812,1372,8508,2024-01-03,1.6666666666666667
707405,206355,11262,12809,2024-01-04,3.0
707411,211476,1304,8638,2024-01-03,7.0
707412,212256,1370,12941,2024-01-04,1.0
707415,216498,11262,13086,2024-01-04,1.6666666666666667
707488,72483,33886,11469,2024-01-04,3.0
707496,88821,11262,11594,2024-01-04,3.0
707547,153204,11262,7857,2024-01-03,1.0
707548,154578,46632,12111,2024-01-04,1.0
707552,175293,48574,12314,2024-01-04,3.6666666666666665
707556,184113,11262,12381,2024-01-04,1.0
707558,186174,60978,12402,2024-01-04,13.666666666666666
707560,188700,35846,12439,2024-01-04,2.3333333333333335
707566,198981,39186,8347,2024-01-03,3.6666666666666665
707567,198981,48574,8347,2024-01-03,2.3333333333333335
707575,203058,44302,12743,2024-01-04,1.0
707576,203661,48574,12755,2024-01-04,3.0
707577,206625,11262,12819,2024-01-04,7.0
707587,217002,11262,13109,2024-01-04,7.0
707588,219231,33886,13155,2024-01-04,27.0
707618,234093,48574,13645,2024-01-04,1.0
707740,181101,11262,12342,2024-01-04,10.333333333333334
707741,188700,1370,12439,2024-01-04,1.0
707753,206349,1304,12808,2024-01-04,2.3333333333333335
707754,206406,33886,12813,2024-01-04,10.333333333333334
707755,206637,30500,12820,2024-01-04,5.666666666666667
707756,206940,1372,12826,2024-01-04,2.3333333333333335
707762,210120,1370,4685,2024-01-02,-3.0
707853,72930,16358,11482,2024-01-04,1.6666666666666667
707874,128901,50268,7765,2024-01-03,1.6666666666666667
707928,183492,50270,12374,2024-01-04,13.666666666666666
707929,184509,60978,12385,2024-01-04,1.6666666666666667
707932,186657,1304,8123,2024-01-03,1.0
707938,194229,33886,12522,2024-01-04,10.333333333333334
707946,205812,1304,8508,2024-01-03,3.0
707948,206346,33886,12807,2024-01-04,20.333333333333332
707949,206349,35732,12808,2024-01-04,3.0
707950,206406,48574,12813,2024-01-04,3.6666666666666665
707969,222906,1370,8958,2024-01-03,2.3333333333333335
708032,72108,1304,11459,2024-01-04,3.0
708033,72930,39186,11482,2024-01-04,2.3333333333333335
708101,153204,10652,7857,2024-01-03,2.3333333333333335
708102,153402,1370,7861,2024-01-03,1.6666666666666667
708108,166128,30500,12244,2024-01-04,433.6666666666667
708113,183912,1370,12379,2024-01-04,2.3333333333333335
708115,187797,39186,12421,2024-01-04,1.0
708120,194883,48574,12536,2024-01-04,1.6666666666666667
708130,203133,1370,12746,2024-01-04,2.3333333333333335
708131,206418,35846,12816,2024-01-04,1.0
708135,213102,1304,12967,2024-01-04,3.0
708150,225669,35732,13349,2024-01-04,5.0
708155,228753,1304,9154,2024-01-03,1.6666666666666667
708212,62337,44302,11244,2024-01-04,1.0
708213,63582,48574,11269,2024-01-04,3.0
708223,72930,48574,11482,2024-01-04,3.0
708291,165726,35732,12238,2024-01-04,1.0
708301,203058,11262,12743,2024-01-04,4.333333333333333
708302,203796,1304,12759,2024-01-04,3.6666666666666665
708303,206343,46632,12806,2024-01-04,4.333333333333333
708310,210981,124,12904,2024-01-04,3.6666666666666665
708468,155403,11262,12121,2024-01-04,10.333333333333334
708473,163131,60978,12226,2024-01-04,13.666666666666666
708474,165726,30500,12238,2024-01-04,1.0
708475,166029,11262,4056,2024-01-02,1.0
708494,198867,1304,12634,2024-01-04,3.6666666666666665
708500,207219,50270,12837,2024-01-04,1.0
708507,212505,1304,12949,2024-01-04,1.6666666666666667
708526,232266,1370,13584,2024-01-04,1.0
708646,178230,10652,12329,2024-01-04,1.6666666666666667
708649,183387,1370,8086,2024-01-03,5.0
708651,191247,42132,12469,2024-01-04,1.6666666666666667
708660,200259,1372,8376,2024-01-03,1.0
708666,206358,1304,12810,2024-01-04,3.6666666666666665
708667,206415,1304,12815,2024-01-04,7.0
708671,210114,1304,12876,2024-01-04,13.666666666666666
708834,199860,11262,8369,2024-01-03,3.6666666666666665
708841,205821,1370,12800,2024-01-04,7.0
708842,207156,1304,12834,2024-01-04,2.3333333333333335
708847,212586,60978,12951,2024-01-04,1.6666666666666667
708848,212640,30500,12953,2024-01-04,2.3333333333333335
708921,63582,60978,11269,2024-01-04,2.3333333333333335
708985,156486,1304,12123,2024-01-04,2.3333333333333335
708989,161058,30500,12212,2024-01-04,1.0
708990,167316,16358,12251,2024-01-04,3.0
708993,178458,1370,12330,2024-01-04,3.0
708995,183492,30500,8089,2024-01-03,20.333333333333332
708997,184509,48574,12385,2024-01-04,1.0
708999,186174,48574,12402,2024-01-04,3.6666666666666665
709000,194229,35846,12522,2024-01-04,3.6666666666666665
709010,211767,1370,8646,2024-01-03,4.333333333333333
709011,212256,48574,12941,2024-01-04,1.6666666666666667
709165,172161,11262,12297,2024-01-04,38.333333333333336
709166,183645,30500,12376,2024-01-04,1.0
709179,203259,39186,12747,2024-01-04,2.3333333333333335
709180,203259,11262,12747,2024-01-04,5.666666666666667
709181,207216,60978,12836,2024-01-04,3.6666666666666665
709182,207330,1372,12840,2024-01-04,2.3333333333333335
709183,207366,48574,12843,2024-01-04,1.0
709193,221247,10808,8910,2024-01-03,-0.3333333333333333
709210,232410,1372,9295,2024-01-03,3.6666666666666665
709327,153315,1372,12097,2024-01-04,1.6666666666666667
709328,154473,1304,12108,2024-01-04,3.0
709329,156063,1370,7873,2024-01-03,2.3333333333333335
709339,175293,1370,12314,2024-01-04,67.0
709342,185067,1370,4170,2024-01-02,3.0
709351,203502,16358,12751,2024-01-04,1.0
709363,213987,1304,4794,2024-01-02,2.3333333333333335
709391,234093,60978,13645,2024-01-04,3.6666666666666665
709443,59703,33886,11198,2024-01-04,3.6666666666666665
709444,61902,1370,11233,2024-01-04,2.3333333333333335
709456,96138,1304,11653,2024-01-04,3.0
709507,153885,30500,7865,2024-01-03,1.6666666666666667
709508,154890,1304,7869,2024-01-03,27.0
709515,182292,16358,8079,2024-01-03,2.3333333333333335
709521,188961,1370,12445,2024-01-04,1.6666666666666667
709524,197835,11262,8313,2024-01-03,1.6666666666666667
709529,203796,59822,12759,2024-01-04,1.0
709530,205107,1370,12777,2024-01-04,1.0
709536,210393,35732,12882,2024-01-04,17.0
709545,217782,11262,8828,2024-01-03,20.333333333333332
709659,129153,1304,11998,2024-01-04,3.0
709693,178818,1304,4121,2024-01-02,2.3333333333333335
709694,181101,60978,12342,2024-01-04,176.33333333333334
709696,183387,1304,8086,2024-01-03,3.6666666666666665
709704,194229,44302,12522,2024-01-04,3.6666666666666665
709715,206346,48574,12807,2024-01-04,1.0
709716,206979,39186,12828,2024-01-04,7.0
709725,219231,11262,13155,2024-01-04,20.333333333333332
709732,224169,11262,8989,2024-01-03,67.66666666666667
709733,224631,1304,13314,2024-01-04,1.0
709755,235842,1304,9398,2024-01-03,1.0
709860,154494,48574,12110,2024-01-04,1.6666666666666667
709871,178230,1370,12329,2024-01-04,1.6666666666666667
709873,184485,35846,12383,2024-01-04,4.333333333333333
709878,194208,46632,12521,2024-01-04,1.0
709891,203574,11262,12754,2024-01-04,7.0
709910,220713,1370,13193,2024-01-04,1.6666666666666667
709934,238827,1304,13800,2024-01-04,1.6666666666666667
709996,72483,39186,11469,2024-01-04,2.3333333333333335
710015,129153,11262,11998,2024-01-04,2.3333333333333335
710060,167316,60978,12251,2024-01-04,33.666666666666664
710064,186657,1370,8123,2024-01-03,2.3333333333333335
710067,192768,1304,12490,2024-01-04,3.0
710069,195249,1370,12544,2024-01-04,3.6666666666666665
710090,221247,50274,8910,2024-01-03,-0.3333333333333333
710092,222906,11262,8958,2024-01-03,7.0
710106,234093,11262,13645,2024-01-04,1.6666666666666667
710242,183492,46632,8089,2024-01-03,1.0
710244,186216,1372,8120,2024-01-03,2.3333333333333335
710253,198279,1372,12618,2024-01-04,1.0
710268,213513,1370,12979,2024-01-04,2.3333333333333335
710280,228687,60978,5196,2024-01-02,4.333333333333333
710399,153381,33886,7860,2024-01-03,1.0
710408,187974,10652,12423,2024-01-04,1.6666666666666667
710409,191247,39186,12469,2024-01-04,4.333333333333333
710410,192735,1304,12488,2024-01-04,1.0
710418,198279,48574,12618,2024-01-04,1.0
710430,206418,11262,12816,2024-01-04,4.333333333333333
710435,210981,10652,12904,2024-01-04,-3.0
710580,154113,11262,12103,2024-01-04,4.333333333333333
710585,172419,30500,12298,2024-01-04,1.0
710588,183489,50270,8088,2024-01-03,1.6666666666666667
710589,188100,48574,12424,2024-01-04,1.6666666666666667
710591,191247,1304,12469,2024-01-04,1.6666666666666667
710592,192159,48574,12478,2024-01-04,3.6666666666666665
710596,197835,1372,12606,2024-01-04,2.3333333333333335
710603,207267,48574,12839,2024-01-04,-1.0
710605,212892,48574,12958,2024-01-04,3.6666666666666665
710625,226623,1370,5130,2024-01-02,1.6666666666666667
710682,59703,1304,11198,2024-01-04,3.6666666666666665
710752,154494,11262,12110,2024-01-04,4.333333333333333
710761,192735,1370,12488,2024-01-04,1.6666666666666667
710762,192771,44302,12491,2024-01-04,1.0
710763,192942,48574,12494,2024-01-04,1.6666666666666667
710773,205107,48574,12777,2024-01-04,1.0
710775,207996,1304,12851,2024-01-04,2.3333333333333335
710780,212256,30500,12941,2024-01-04,3.0
710873,60864,1370,11204,2024-01-04,3.0
710940,153303,1370,12095,2024-01-04,13.666666666666666
710943,165762,35846,12240,2024-01-04,7.0
710945,173796,11262,8024,2024-01-03,2.3333333333333335
710947,182292,1370,8079,2024-01-03,3.6666666666666665
710948,183492,50268,8089,2024-01-03,1.0
710951,187974,11262,12423,2024-01-04,2.3333333333333335
710954,188787,60978,12441,2024-01-04,1.6666666666666667
710956,191247,35732,12469,2024-01-04,7.0
710970,203082,11262,12744,2024-01-04,1.6666666666666667
710971,207267,48574,12839,2024-01-04,1.6666666666666667
710986,217782,60978,8828,2024-01-03,11.0
710998,227295,48574,9095,2024-01-03,1.0
711036,60864,1372,11204,2024-01-04,1.6666666666666667
711040,66843,11262,11335,2024-01-04,4.333333333333333
711041,72930,30500,11482,2024-01-04,3.6666666666666665
711105,195063,11262,12538,2024-01-04,2.3333333333333335
711111,206940,39186,12826,2024-01-04,3.6666666666666665
711112,206979,11262,12828,2024-01-04,39.666666666666664
711113,208341,11262,12854,2024-01-04,3.0
711217,129153,60978,11998,2024-01-04,1.0
711263,154890,1372,7869,2024-01-03,7.0
711266,165762,1370,12240,2024-01-04,1.6666666666666667
711275,184485,1304,12383,2024-01-04,1.6666666666666667
711276,186216,1304,8120,2024-01-03,1.6666666666666667
711287,198279,1304,12618,2024-01-04,5.666666666666667
711296,206304,1372,8512,2024-01-03,1.0
711300,212505,35732,12949,2024-01-04,10.333333333333334
711304,217002,1372,13109,2024-01-04,1.6666666666666667
711307,222750,11262,5012,2024-01-02,3.6666666666666665
711312,228753,33886,9154,2024-01-03,1.0
711335,25743,1370,11064,2024-01-04,17.0
711479,207345,3382,12841,2024-01-04,3.6666666666666665
711483,210114,1372,12876,2024-01-04,1.0
711488,213102,1370,12967,2024-01-04,6.333333333333333
711490,213987,1304,4794,2024-01-02,-1.6666666666666667
711498,224931,1304,9012,2024-01-03,-1.0
711502,228753,35732,9154,2024-01-03,1.0
711515,25734,11262,11063,2024-01-04,4.333333333333333
711564,66843,48574,11335,2024-01-04,1.0
711642,156486,35846,12123,2024-01-04,2.3333333333333335
711645,163131,11262,12226,2024-01-04,4.333333333333333
711653,183492,1304,12374,2024-01-04,10.333333333333334
711654,187797,35732,12421,2024-01-04,3.0
711660,198873,1370,12635,2024-01-04,1.6666666666666667
711663,203259,1370,12747,2024-01-04,4.333333333333333
711668,208449,1370,12855,2024-01-04,1.0
711687,224631,10652,13314,2024-01-04,1.6666666666666667
711694,228687,1370,5196,2024-01-02,3.6666666666666665
711837,153885,1370,7865,2024-01-03,7.0
711841,179838,35846,12336,2024-01-04,10.333333333333334
711842,181101,11262,12342,2024-01-04,224.33333333333337
711845,188787,33886,12441,2024-01-04,1.6666666666666667
711847,191247,35846,12469,2024-01-04,4.333333333333333
711851,195063,11262,8240,2024-01-03,-1.6666666666666667
711853,196311,42132,12572,2024-01-04,1.0
711859,203058,1304,12743,2024-01-04,4.333333333333333
711860,203106,35846,12745,2024-01-04,3.6666666666666665
711861,203133,60978,12746,2024-01-04,1.0
711869,212220,1370,8664,2024-01-03,7.0
711934,61482,11262,11221,2024-01-04,1.6666666666666667
712013,174279,1372,12306,2024-01-04,1.0
712019,183489,50272,8088,2024-01-03,1.0
712020,183675,1304,12377,2024-01-04,1.0
712024,195249,1304,12544,2024-01-04,3.6666666666666665
712036,205821,11262,12800,2024-01-04,1.6666666666666667
712037,206364,33886,12811,2024-01-04,3.0
712038,206940,48574,12826,2024-01-04,4.333333333333333
712039,206979,10808,12828,2024-01-04,3.0
712049,216498,44302,13086,2024-01-04,1.6666666666666667
712186,154494,1304,12110,2024-01-04,3.6666666666666665
712187,157500,1370,12133,2024-01-04,1.6666666666666667
712192,174468,1304,12309,2024-01-04,31.0
712197,183489,57804,8088,2024-01-03,1.0
712201,195063,1370,12538,2024-01-04,1.6666666666666667
712216,207084,1304,12829,2024-01-04,1.0
712217,207219,48574,12837,2024-01-04,2.3333333333333335
712224,211533,48574,12922,2024-01-04,8.333333333333334
712225,212112,48574,12937,2024-01-04,1.0
712303,65067,48574,11305,2024-01-04,1.0
712364,153303,35846,12095,2024-01-04,5.0
712366,163131,1304,12226,2024-01-04,1.0
712370,177903,1370,4118,2024-01-02,3.6666666666666665
712374,186174,35732,12402,2024-01-04,7.0
712376,191247,10652,12469,2024-01-04,4.333333333333333
712382,197799,1370,12603,2024-01-04,3.0
712390,206346,46632,12807,2024-01-04,1.0
712391,206364,50272,12811,2024-01-04,1.0
712392,206811,1304,12824,2024-01-04,3.0
712408,222669,33886,13262,2024-01-04,20.333333333333332
712416,229812,1304,13491,2024-01-04,3.0
712527,166128,60978,12244,2024-01-04,433.6666666666667
712528,167316,1304,12251,2024-01-04,2.3333333333333335
712532,188787,1370,12441,2024-01-04,1.0
712541,210882,11262,12898,2024-01-04,1.0
712542,210981,11262,12904,2024-01-04,13.666666666666666
712544,212256,44302,12941,2024-01-04,1.0
712566,226623,1372,5130,2024-01-02,1.0
712718,153867,1304,7863,2024-01-03,2.3333333333333335
712722,163131,30500,12226,2024-01-04,5.666666666666667
712743,203058,48574,12743,2024-01-04,3.6666666666666665
712744,206367,1304,12812,2024-01-04,3.0
712745,206406,1370,12813,2024-01-04,7.0
712767,231162,1370,13542,2024-01-04,1.6666666666666667
712826,62337,57804,11244,2024-01-04,1.0
712834,70890,33886,11421,2024-01-04,6.333333333333333
712894,188100,60978,12424,2024-01-04,2.3333333333333335
712898,194208,11262,12521,2024-01-04,4.333333333333333
712903,197835,48574,8313,2024-01-03,1.0
712942,226623,1304,5130,2024-01-02,1.0
713074,157500,1372,12133,2024-01-04,2.3333333333333335
713084,192942,1372,12494,2024-01-04,1.6666666666666667
713096,203889,11262,12760,2024-01-04,5.0
713101,210834,1370,12893,2024-01-04,7.0
713114,222894,1304,13265,2024-01-04,2.3333333333333335
713170,61482,39186,11221,2024-01-04,4.333333333333333
713174,65067,35732,11305,2024-01-04,1.0
713243,154473,1370,12108,2024-01-04,1.0
713247,165762,39186,12240,2024-01-04,7.0
713253,184509,1370,12385,2024-01-04,1.6666666666666667
713255,188604,1304,12435,2024-01-04,1.0
713262,206415,1370,12815,2024-01-04,3.6666666666666665
713267,212112,60978,12937,2024-01-04,1.6666666666666667
713274,222750,124,5012,2024-01-02,1.0
713276,224169,30500,8989,2024-01-03,7.0
713352,72561,1304,7388,2024-01-03,4.333333333333333
713353,72930,1370,11482,2024-01-04,2.3333333333333335
713416,164640,11262,12233,2024-01-04,1.6666666666666667
713419,183489,1370,8088,2024-01-03,1.6666666666666667
713420,183645,1372,12376,2024-01-04,1.0
713421,185067,48574,4170,2024-01-02,1.6666666666666667
713423,186438,1370,12407,2024-01-04,1.6666666666666667
713436,203133,1304,12746,2024-01-04,2.3333333333333335
713437,203502,35732,12751,2024-01-04,1.6666666666666667
713443,210897,11262,12899,2024-01-04,1.6666666666666667
713444,211473,30500,8637,2024-01-03,7.0
713449,213987,1370,4794,2024-01-02,3.0
713462,227295,11262,9095,2024-01-03,1.6666666666666667
713524,72483,60978,11469,2024-01-04,11.0
713582,154485,11262,12109,2024-01-04,1.0
713583,157398,33886,12131,2024-01-04,1.6666666666666667
713589,183489,30500,8088,2024-01-03,3.6666666666666665
713590,183489,11262,8088,2024-01-03,1.6666666666666667
713592,186216,1370,8120,2024-01-03,1.6666666666666667
713599,200259,11262,8376,2024-01-03,1.0
713606,206346,30500,12807,2024-01-04,8.333333333333334
713616,211413,50270,8635,2024-01-03,2.3333333333333335
713727,128901,1370,7765,2024-01-03,7.0
713777,182292,1372,8079,2024-01-03,1.0
713780,187974,1304,12423,2024-01-04,1.6666666666666667
713782,188604,1370,12435,2024-01-04,1.6666666666666667
713784,192942,1370,12494,2024-01-04,1.6666666666666667
713790,198873,1372,12635,2024-01-04,1.6666666666666667
713793,200259,1304,8376,2024-01-03,1.0
713797,203502,35846,12751,2024-01-04,1.0
713799,206343,30500,12806,2024-01-04,7.0
713800,207114,1370,12832,2024-01-04,1.6666666666666667
713804,210882,33886,12898,2024-01-04,3.6666666666666665
713807,211641,11262,12926,2024-01-04,7.0
713808,212256,10652,12941,2024-01-04,3.0
713816,221610,1304,8920,2024-01-03,1.0
713853,25743,1304,11064,2024-01-04,10.333333333333334
713964,178458,1372,12330,2024-01-04,3.0
713968,184113,1370,12381,2024-01-04,3.6666666666666665
713969,186657,50720,8123,2024-01-03,1.0
713974,198981,1370,8347,2024-01-03,2.3333333333333335
713982,211533,16358,12922,2024-01-04,7.0
713995,224169,11262,8989,2024-01-03,2.3333333333333335
714082,66843,1304,11335,2024-01-04,2.3333333333333335
714161,155403,1304,12121,2024-01-04,11.0
714165,182292,46632,8079,2024-01-03,1.6666666666666667
714168,184488,1304,12384,2024-01-04,1.6666666666666667
714172,186378,1370,12405,2024-01-04,1.6666666666666667
714174,192771,1304,12491,2024-01-04,2.3333333333333335
714182,198867,30500,12634,2024-01-04,3.6666666666666665
714186,203133,1372,12746,2024-01-04,1.0
714189,206304,48574,8512,2024-01-03,1.0
714190,206637,33886,12820,2024-01-04,2.3333333333333335
714191,207345,1304,12841,2024-01-04,3.0
714192,207828,11262,12848,2024-01-04,7.0
714205,217002,1370,13109,2024-01-04,3.6666666666666665
714212,224931,1370,9012,2024-01-03,3.0
714213,224931,1370,9012,2024-01-03,-2.3333333333333335
714335,149634,11262,12084,2024-01-04,3.6666666666666665
714338,163101,48574,12225,2024-01-04,1.6666666666666667
714349,196311,1304,12572,2024-01-04,2.3333333333333335
714360,203796,1370,12759,2024-01-04,3.0
714376,227295,30500,9095,2024-01-03,1.6666666666666667
714514,154578,11262,12111,2024-01-04,3.0
714517,183387,30500,8086,2024-01-03,5.0
714528,198279,1370,12618,2024-01-04,1.6666666666666667
714534,203889,1304,12760,2024-01-04,3.6666666666666665
714566,234093,50268,13645,2024-01-04,4.333333333333333
714648,129153,30500,11998,2024-01-04,2.3333333333333335
714685,153315,60978,12097,2024-01-04,1.6666666666666667
714692,181101,35846,12342,2024-01-04,40.333333333333336
714701,206955,1372,12827,2024-01-04,1.0
714702,207366,11262,12843,2024-01-04,7.0
714705,210114,10652,12876,2024-01-04,4.333333333333333
714707,211641,30500,12926,2024-01-04,3.6666666666666665
714716,216498,60978,13086,2024-01-04,7.0
714729,225669,11262,13349,2024-01-04,3.6666666666666665
714745,235842,11262,9398,2024-01-03,1.0
714878,178458,48574,12330,2024-01-04,3.0
714893,207330,35846,12840,2024-01-04,5.666666666666667
714898,210897,1304,12899,2024-01-04,1.6666666666666667
714926,234093,50270,13645,2024-01-04,2.3333333333333335
714931,238827,11262,13800,2024-01-04,3.0
714932,25743,46632,11064,2024-01-04,1.6666666666666667
714933,25749,44302,11065,2024-01-04,2.3333333333333335
715005,129264,35732,12004,2024-01-04,1.6666666666666667
715048,153303,1372,12095,2024-01-04,7.0
715053,163377,1304,12228,2024-01-04,1.0
715055,167316,1370,12251,2024-01-04,12.333333333333334
715075,206421,50268,12817,2024-01-04,1.0
715094,229812,60978,13491,2024-01-04,1.0
715174,128763,50270,11983,2024-01-04,1.6666666666666667
715209,153885,60978,7865,2024-01-03,3.6666666666666665
715224,178230,1372,12329,2024-01-04,2.3333333333333335
715225,183675,35732,12377,2024-01-04,3.0
715226,186216,48574,8120,2024-01-03,1.6666666666666667
715227,188196,1370,12427,2024-01-04,3.6666666666666665
715245,204093,11262,8471,2024-01-03,3.0
715246,204093,1370,8471,2024-01-03,2.3333333333333335
715247,205107,11262,12777,2024-01-04,3.6666666666666665
715249,206346,39186,12807,2024-01-04,7.0
715250,206745,1304,12823,2024-01-04,2.3333333333333335
715251,207216,1370,12836,2024-01-04,3.0
715263,216498,35732,13086,2024-01-04,2.3333333333333335
715401,165762,1372,12240,2024-01-04,3.0
715405,178230,50274,12329,2024-01-04,3.0
715423,203574,1304,12754,2024-01-04,3.0
715424,206421,11262,12817,2024-01-04,2.3333333333333335
715438,222906,44302,8958,2024-01-03,3.0
715520,65067,11262,11305,2024-01-04,1.0
715588,153885,56714,7865,2024-01-03,6.333333333333333
715589,156486,30500,12123,2024-01-04,2.3333333333333335
715590,163101,1372,12225,2024-01-04,3.0
715597,197835,60978,8313,2024-01-03,1.6666666666666667
715603,203058,1370,12743,2024-01-04,3.6666666666666665
715604,203133,33886,12746,2024-01-04,3.0
715609,216498,11262,13086,2024-01-04,4.333333333333333
715710,72930,35732,11482,2024-01-04,3.6666666666666665
715771,153204,1372,7857,2024-01-03,7.666666666666667
715772,153381,1304,7860,2024-01-03,1.0
715784,195063,30500,8240,2024-01-03,-1.0
715790,206637,1304,12820,2024-01-04,1.6666666666666667
715791,207105,1304,12831,2024-01-04,2.3333333333333335
715809,222750,1304,5012,2024-01-02,5.0
715813,224841,1370,13321,2024-01-04,3.0
715891,72930,33886,11482,2024-01-04,2.3333333333333335
715952,153204,48574,7857,2024-01-03,2.3333333333333335
715954,163131,39186,12226,2024-01-04,10.333333333333334
715957,177903,11262,4118,2024-01-02,3.0
715960,186657,39186,8123,2024-01-03,3.0
715961,188100,1370,12424,2024-01-04,1.0
715971,203133,46632,12746,2024-01-04,2.3333333333333335
715972,206406,11262,12813,2024-01-04,20.333333333333332
715973,207345,39186,12841,2024-01-04,3.6666666666666665
715978,212640,11262,12953,2024-01-04,7.0
715983,217002,48574,13109,2024-01-04,2.3333333333333335
715987,220179,11262,13179,2024-01-04,4.333333333333333
715989,221610,60978,8920,2024-01-03,2.3333333333333335
716020,25749,1372,11065,2024-01-04,1.6666666666666667
716080,72483,44302,11469,2024-01-04,10.333333333333334
716132,153912,1304,12100,2024-01-04,3.0
716133,154707,60978,12113,2024-01-04,1.6666666666666667
716134,154707,11262,12113,2024-01-04,1.6666666666666667
716143,187395,16358,8133,2024-01-03,1.0
716145,191247,11262,12469,2024-01-04,4.333333333333333
716159,203259,10652,12747,2024-01-04,4.333333333333333
716162,207996,30500,12851,2024-01-04,2.3333333333333335
716170,210843,11262,12894,2024-01-04,3.0
716171,210843,1304,12894,2024-01-04,1.6666666666666667
716174,210981,1370,12904,2024-01-04,-6.333333333333333
716175,212112,50268,12937,2024-01-04,1.0
716213,25734,1370,11063,2024-01-04,4.333333333333333
716276,72930,60978,11482,2024-01-04,3.6666666666666665
716308,129264,11262,12004,2024-01-04,2.3333333333333335
716349,167316,1372,12251,2024-01-04,2.3333333333333335
716354,186378,16358,12405,2024-01-04,17.0
716372,205107,33886,12777,2024-01-04,1.6666666666666667
716374,206415,48574,12815,2024-01-04,2.3333333333333335
716375,206418,1304,12816,2024-01-04,1.0
716376,206625,35732,12819,2024-01-04,2.3333333333333335
716377,206955,10808,12827,2024-01-04,1.0
716378,207150,1304,12833,2024-01-04,1.6666666666666667
716383,212505,33886,12949,2024-01-04,4.333333333333333
716394,223071,44302,8965,2024-01-03,1.0
716398,227292,1372,9094,2024-01-03,1.6666666666666667
716529,186327,1370,8121,2024-01-03,2.3333333333333335
716535,197673,33886,12600,2024-01-04,3.0
716538,198981,1372,8347,2024-01-03,1.6666666666666667
716544,203574,46632,12754,2024-01-04,1.0
716546,206412,11262,12814,2024-01-04,3.0
716553,211533,44302,12922,2024-01-04,5.0
716700,153204,1370,7857,2024-01-03,4.333333333333333
716701,153885,1372,7865,2024-01-03,1.6666666666666667
716708,184674,1304,2638,2024-01-01,1.6666666666666667
716709,184674,1370,2638,2024-01-01,1.0
716714,192768,48574,12490,2024-01-04,1.0
716716,195063,11262,8240,2024-01-03,2.3333333333333335
716766,25749,11262,11065,2024-01-04,7.0
716851,128763,11262,11983,2024-01-04,1.0
716895,188937,1304,12444,2024-01-04,1.6666666666666667
716898,192942,44302,12494,2024-01-04,1.6666666666666667
716910,203082,1370,12744,2024-01-04,3.6666666666666665
716911,206304,1370,8512,2024-01-03,1.0
716915,210846,30500,12895,2024-01-04,4.333333333333333
716917,210882,60978,12898,2024-01-04,3.6666666666666665
716996,59703,48574,11198,2024-01-04,1.6666666666666667
717026,128901,30500,7765,2024-01-03,1.6666666666666667
717072,163377,1370,12228,2024-01-04,1.0
717077,187395,1370,8133,2024-01-03,5.0
717085,194229,1304,12522,2024-01-04,2.3333333333333335
717089,195723,1304,12561,2024-01-04,9.0
717096,203574,60978,12754,2024-01-04,2.3333333333333335
717097,206367,33886,12812,2024-01-04,3.6666666666666665
717098,207084,1372,12829,2024-01-04,1.0
717104,212112,50272,12937,2024-01-04,1.0
717105,213102,44302,12967,2024-01-04,1.0
717132,25734,11262,11063,2024-01-04,1.0
717133,25749,30500,11065,2024-01-04,7.0
717239,153381,1370,7860,2024-01-03,1.0
717240,154485,35732,12109,2024-01-04,1.0
717243,163131,1370,12226,2024-01-04,1.6666666666666667
717245,172419,1370,12298,2024-01-04,1.6666666666666667
717251,183489,48574,8088,2024-01-03,2.3333333333333335
717253,186942,1372,12413,2024-01-04,1.0
717254,188937,48574,12444,2024-01-04,1.6666666666666667
717263,198867,1370,12634,2024-01-04,3.6666666666666665
717266,203106,44302,12745,2024-01-04,3.0
717267,206838,35846,12825,2024-01-04,1.0
717270,209976,11262,8600,2024-01-03,1.6666666666666667
717273,212112,46632,12937,2024-01-04,1.0
717286,223071,48574,8965,2024-01-03,1.0
717431,149634,60978,12084,2024-01-04,3.6666666666666665
717434,153867,48574,7863,2024-01-03,1.6666666666666667
717435,154146,1304,12105,2024-01-04,1.0
717462,203052,33886,12742,2024-01-04,7.0
717463,204228,1372,12762,2024-01-04,1.6666666666666667
717477,216498,30500,13086,2024-01-04,4.333333333333333
717622,149634,10652,12084,2024-01-04,3.6666666666666665
717624,154578,1304,12111,2024-01-04,3.6666666666666665
717627,163131,50272,12226,2024-01-04,1.0
717628,164640,35732,12233,2024-01-04,1.6666666666666667
717629,165726,1372,12238,2024-01-04,1.6666666666666667
717631,183492,60978,8089,2024-01-03,13.666666666666666
717632,183645,11262,12376,2024-01-04,3.6666666666666665
717641,197835,35732,12606,2024-01-04,3.0
717645,206343,124,12806,2024-01-04,4.333333333333333
717646,207114,1304,12832,2024-01-04,2.3333333333333335
717647,207345,50724,12841,2024-01-04,3.6666666666666665
717834,166128,30500,12244,2024-01-04,44.333333333333336
717839,184113,1304,12381,2024-01-04,2.3333333333333335
717842,186438,1372,12407,2024-01-04,1.6666666666666667
717845,191247,30500,12469,2024-01-04,7.0
717851,194883,1370,12536,2024-01-04,7.0
717852,195063,30500,12538,2024-01-04,2.3333333333333335
717857,198873,39186,12635,2024-01-04,4.333333333333333
717865,204228,1370,12762,2024-01-04,3.0
717866,204759,1370,8481,2024-01-03,3.0
717867,205815,16358,4588,2024-01-02,2.3333333333333335
717900,238827,35732,13800,2024-01-04,3.0
718003,166029,1372,4056,2024-01-02,3.6666666666666665
718023,203106,33886,12745,2024-01-04,7.0
718025,206418,16358,12816,2024-01-04,1.0
718051,222894,1370,13265,2024-01-04,1.0
718053,223071,1370,8965,2024-01-03,2.3333333333333335
718054,225669,33886,13349,2024-01-04,1.6666666666666667
718117,61482,1372,11221,2024-01-04,3.0
718186,153315,10652,12097,2024-01-04,1.6666666666666667
718193,178458,1304,12330,2024-01-04,3.0
718194,181101,1370,12342,2024-01-04,33.666666666666664
718195,186657,48574,8123,2024-01-03,1.6666666666666667
718196,186657,11262,8123,2024-01-03,8.333333333333334
718207,206346,1372,12807,2024-01-04,1.0
718208,206745,10652,12823,2024-01-04,1.6666666666666667
718209,206979,60978,12828,2024-01-04,13.666666666666666
718210,207114,11262,12832,2024-01-04,1.6666666666666667
718211,207345,1370,12841,2024-01-04,1.6666666666666667
718213,208341,39186,12854,2024-01-04,3.0
718214,208341,1370,12854,2024-01-04,3.0
718221,212112,1370,12937,2024-01-04,1.6666666666666667
718238,227295,1304,9095,2024-01-03,2.3333333333333335
718270,25743,30500,11064,2024-01-04,5.0
718395,153312,10652,12096,2024-01-04,1.6666666666666667
718396,154890,48574,7869,2024-01-03,7.0
718399,177903,1304,4118,2024-01-02,1.6666666666666667
718402,183387,11262,8086,2024-01-03,7.0
718416,203106,60978,12745,2024-01-04,10.333333333333334
718417,206364,11262,12811,2024-01-04,3.6666666666666665
718422,210114,30500,12876,2024-01-04,3.6666666666666665
718426,213102,48574,12967,2024-01-04,3.0
718435,216981,1304,8808,2024-01-03,1.6666666666666667
718440,221247,36720,8910,2024-01-03,1.0
718441,222669,11262,13262,2024-01-04,20.333333333333332
718452,231162,44302,13542,2024-01-04,1.0
718582,183492,57804,8089,2024-01-03,1.0
718597,199242,16358,8355,2024-01-03,2.3333333333333335
718604,206343,50272,12806,2024-01-04,1.0
718610,213513,1304,12979,2024-01-04,1.6666666666666667
718757,161058,35846,12212,2024-01-04,1.6666666666666667
718758,163044,1370,7956,2024-01-03,4.333333333333333
718759,165762,48574,12240,2024-01-04,1.6666666666666667
718760,166029,30500,4056,2024-01-02,1.6666666666666667
718776,197673,60978,12600,2024-01-04,3.0
718778,198867,11262,12634,2024-01-04,3.6666666666666665
718780,206346,1304,12807,2024-01-04,1.6666666666666667
718783,208341,30500,12854,2024-01-04,1.6666666666666667
718785,210111,1372,8603,2024-01-03,3.0
718800,221247,10808,8910,2024-01-03,1.0
718802,222906,60978,8958,2024-01-03,7.0
718930,153303,1304,12095,2024-01-04,13.666666666666666
718940,178230,57804,12329,2024-01-04,1.0
718941,178818,1370,4121,2024-01-02,1.6666666666666667
718944,198873,1304,12635,2024-01-04,1.6666666666666667
718949,203796,11262,12759,2024-01-04,1.6666666666666667
718950,204243,1370,4548,2024-01-02,3.6666666666666665
718952,207345,33886,12841,2024-01-04,7.0
718954,210843,35846,12894,2024-01-04,1.6666666666666667
718964,223389,1304,13282,2024-01-04,1.0
718969,227829,1304,13411,2024-01-04,1.6666666666666667
719111,167316,50270,12251,2024-01-04,1.0
719119,195063,30500,8240,2024-01-03,1.6666666666666667
719127,199242,35732,8355,2024-01-03,3.0
719133,206367,30500,12812,2024-01-04,3.6666666666666665
719134,207114,16358,12832,2024-01-04,3.0
719156,232266,57804,13584,2024-01-04,1.0
719166,25749,1370,11065,2024-01-04,5.666666666666667
719287,153312,48574,12096,2024-01-04,1.6666666666666667
719288,157500,11262,12133,2024-01-04,16.333333333333332
719291,163377,16358,12228,2024-01-04,1.0
719297,183387,1372,8086,2024-01-03,3.6666666666666665
719314,204093,10652,8471,2024-01-03,2.3333333333333335
719315,204093,1304,8471,2024-01-03,1.0
719316,206940,1304,12826,2024-01-04,7.0
719317,207219,44302,12837,2024-01-04,1.0
719324,211533,50270,12922,2024-01-04,4.333333333333333
719338,224631,60978,13314,2024-01-04,2.3333333333333335
719348,232410,48574,9295,2024-01-03,1.0
719363,25743,16358,11064,2024-01-04,2.3333333333333335
1496366,165717,1304,21863,2024-01-07,2.3333333333333335
1496490,61935,1370,21677,2024-01-07,2.3333333333333335
1497658,203454,30500,20638,2024-01-06,2.3333333333333335
1498497,197529,60978,21909,2024-01-07,1.6666666666666667
1498969,203454,11262,20638,2024-01-06,4.333333333333333
1498970,203454,16358,20638,2024-01-06,3.0
1499406,197529,42132,21909,2024-01-07,1.0
1499842,165717,124,21863,2024-01-07,4.333333333333333
1500928,203454,1370,20638,2024-01-06,-3.6666666666666665
1501141,203454,11262,20638,2024-01-06,-3.6666666666666665
1501365,197529,1304,21909,2024-01-07,3.0
1501366,197529,1370,21909,2024-01-07,3.0
1502417,197529,30500,21909,2024-01-07,2.3333333333333335
1503131,203454,16358,20638,2024-01-06,-2.3333333333333335
1503997,203454,10652,20638,2024-01-06,-2.3333333333333335
1504757,61935,1370,21677,2024-01-07,-1.6666666666666667
1505296,203454,10652,20638,2024-01-06,3.0
1505754,226848,1304,22095,2024-01-07,5.0
1506852,165717,30500,21863,2024-01-07,3.0
1507081,203454,30500,20638,2024-01-06,-1.6666666666666667
1507257,165717,48574,21863,2024-01-07,1.0
1507270,203454,48574,20638,2024-01-06,-2.3333333333333335
1507913,165717,1370,21863,2024-01-07,4.333333333333333
1507933,203454,1370,20638,2024-01-06,4.333333333333333
1507935,208116,48574,20666,2024-01-06,1.0
1508338,203454,48574,20638,2024-01-06,3.0
1508934,165717,39186,21863,2024-01-07,3.0
1511408,197529,11262,21909,2024-01-07,3.6666666666666665
1513867,208116,1370,20666,2024-01-06,1.6666666666666667
1514303,197529,48574,21909,2024-01-07,1.6666666666666667
1516001,165717,11262,21863,2024-01-07,7.0
1518588,192300,11262,21882,2024-01-07,4.333333333333333
2082768,198945,48574,21928,2024-01-07,2.3333333333333335
2083910,198945,1370,21928,2024-01-07,7.0
2085071,198945,1372,21928,2024-01-07,1.0
2499953,154167,39186,12106,2024-01-04,1.6666666666666667
2499957,164007,1304,12232,2024-01-04,-1.0
2499960,187101,30500,20538,2024-01-06,13.666666666666666
2499961,188331,56714,4207,2024-01-02,17.0
2499969,205812,1370,20657,2024-01-06,1.6666666666666667
2499970,206988,30500,17310,2024-01-05,1.6666666666666667
2499972,211413,50272,17434,2024-01-05,2.3333333333333335
2499983,223518,30500,13286,2024-01-04,1.0
2500027,72930,46632,15991,2024-01-05,1.0
2500081,155388,1372,16641,2024-01-05,1.0
2500090,208692,11262,20672,2024-01-06,13.666666666666666
2500105,229737,1304,17963,2024-01-05,1.6666666666666667
2500138,60888,30500,3162,2024-01-02,7.0
2500141,67740,39186,20137,2024-01-06,1.0
2500191,154167,30500,20408,2024-01-06,1.6666666666666667
2500197,182292,16358,16848,2024-01-05,1.6666666666666667
2500198,185244,1372,16878,2024-01-05,1.0
2500199,186174,33886,16887,2024-01-05,7.0
2500218,225390,1370,13343,2024-01-04,1.0
2500228,234018,1304,20946,2024-01-06,1.6666666666666667
2500231,236490,48574,5510,2024-01-02,1.6666666666666667
2500236,238218,1304,20993,2024-01-06,1.6666666666666667
2500279,67740,35732,20137,2024-01-06,1.6666666666666667
2500346,154887,48574,16637,2024-01-05,3.6666666666666665
2500351,187806,50720,4202,2024-01-02,3.6666666666666665
2500362,204483,11262,17247,2024-01-05,4.333333333333333
2500410,72930,50720,15991,2024-01-05,1.0
2500424,128502,30500,20352,2024-01-06,7.0
2500471,164007,1370,20454,2024-01-06,1.6666666666666667
2500474,185244,1304,16878,2024-01-05,1.0
2500479,211413,48574,17434,2024-01-05,2.3333333333333335
2500537,71766,1370,11448,2024-01-04,3.6666666666666665
2500538,72117,1304,20183,2024-01-06,2.3333333333333335
2500587,154119,1372,12104,2024-01-04,1.6666666666666667
2500588,154956,1372,20411,2024-01-06,1.0
2500594,184863,1370,4167,2024-01-02,2.3333333333333335
2500601,206514,33886,17305,2024-01-05,1.0
2500602,208812,11262,20676,2024-01-06,1.6666666666666667
2500609,219450,11262,20780,2024-01-06,5.666666666666667
2500613,225393,50270,17815,2024-01-05,1.0
2500614,225393,1372,17815,2024-01-05,4.333333333333333
2500651,61353,1304,20102,2024-01-06,2.3333333333333335
2500723,187806,11262,4202,2024-01-02,20.333333333333332
2500724,188331,60978,4207,2024-01-02,20.333333333333332
2500725,188685,30500,12438,2024-01-04,1.6666666666666667
2500733,205812,1304,20657,2024-01-06,2.3333333333333335
2500734,206760,1304,17307,2024-01-05,1.0
2500735,208554,1304,17353,2024-01-05,3.6666666666666665
2500736,212445,36720,17460,2024-01-05,1.0
2500755,236655,10652,13734,2024-01-04,1.6666666666666667
2500799,61908,1370,20105,2024-01-06,7.0
2500871,171702,1370,20473,2024-01-06,1.6666666666666667
2500872,176319,1304,12318,2024-01-04,1.6666666666666667
2500877,198573,60978,4395,2024-01-02,7.0
2500879,203673,33886,17228,2024-01-05,-1.6666666666666667
2500883,206748,30500,17306,2024-01-05,33.666666666666664
2500884,206868,1304,17308,2024-01-05,7.0
2500943,72930,1372,15991,2024-01-05,2.3333333333333335
2501024,204243,11262,17240,2024-01-05,2.3333333333333335
2501026,206697,50272,12822,2024-01-04,1.0
2501027,206697,10808,12822,2024-01-04,1.6666666666666667
2501032,219030,1370,20771,2024-01-06,2.3333333333333335
2501047,233559,35732,13627,2024-01-04,1.0
2501048,234018,60978,20946,2024-01-06,4.333333333333333
2501152,154812,42132,12117,2024-01-04,1.0
2501153,186987,11262,12414,2024-01-04,21.666666666666668
2501155,188685,1304,12438,2024-01-04,1.0
2501159,212442,1304,20701,2024-01-06,7.0
2501173,232827,1372,18083,2024-01-05,2.3333333333333335
2501178,238218,1370,20993,2024-01-06,-0.3333333333333333
2501219,61935,16358,11234,2024-01-04,1.6666666666666667
2501277,156063,11262,20415,2024-01-06,1.0
2501284,171702,1304,20473,2024-01-06,1.0
2501288,182292,48574,16848,2024-01-05,1.0
2501296,206484,11262,12818,2024-01-04,5.666666666666667
2501297,206514,60978,17305,2024-01-05,1.0
2501298,208206,1304,17336,2024-01-05,1.6666666666666667
2501300,211476,1304,20692,2024-01-06,1.0
2501301,211965,33534,20696,2024-01-06,-7.666666666666667
2501309,225393,44302,17815,2024-01-05,4.333333333333333
2501312,228438,11262,20866,2024-01-06,1.6666666666666667
2501313,228438,1370,20866,2024-01-06,1.6666666666666667
2501424,154890,50272,3936,2024-01-02,1.0
2501428,163578,1370,12230,2024-01-04,1.0
2501430,187101,1372,20538,2024-01-06,3.6666666666666665
2501433,194790,1372,12534,2024-01-04,1.0
2501438,203673,39186,17228,2024-01-05,-1.0
2501440,210981,124,17419,2024-01-05,3.6666666666666665
2501486,60888,60978,3162,2024-01-02,8.333333333333334
2501557,154956,1372,20411,2024-01-06,-0.3333333333333333
2501560,198573,56714,4395,2024-01-02,1.0
2501561,198573,10652,4395,2024-01-02,2.3333333333333335
2501565,209625,1372,17385,2024-01-05,1.6666666666666667
2501566,210633,1304,20685,2024-01-06,1.6666666666666667
2501567,211749,56714,4735,2024-01-02,8.333333333333334
2501570,217293,11262,20758,2024-01-06,1.6666666666666667
2501590,236655,1372,9424,2024-01-03,2.3333333333333335
2501643,72930,11262,15991,2024-01-05,3.6666666666666665
2501704,153084,1372,20403,2024-01-06,1.0
2501705,154245,11262,12107,2024-01-04,7.0
2501717,194229,50270,17015,2024-01-05,7.0
2501726,203673,1370,17228,2024-01-05,-1.0
2501727,210981,48574,17419,2024-01-05,1.6666666666666667
2501728,212445,50270,17460,2024-01-05,3.0
2501729,212445,57804,17460,2024-01-05,1.0
2501740,225390,35846,13343,2024-01-04,1.0
2501846,154803,1304,12116,2024-01-04,1.0
2501847,156057,11262,3938,2024-01-02,13.666666666666666
2501852,187101,1304,12417,2024-01-04,20.333333333333332
2501862,206748,44302,17306,2024-01-05,10.333333333333334
2501863,206937,11262,17309,2024-01-05,2.3333333333333335
2501885,231909,1370,20920,2024-01-06,1.6666666666666667
2501895,237252,1370,20984,2024-01-06,1.0
2501991,154869,1370,12118,2024-01-04,1.6666666666666667
2501996,171702,10652,20473,2024-01-06,1.0
2501997,183672,11262,20525,2024-01-06,2.3333333333333335
2502067,72930,44302,15991,2024-01-05,1.0
2502119,156057,50724,3938,2024-01-02,7.0
2502124,171702,11262,20473,2024-01-06,2.3333333333333335
2502125,178830,48574,4122,2024-01-02,2.3333333333333335
2502140,206484,10652,12818,2024-01-04,2.3333333333333335
2502148,228438,11262,20866,2024-01-06,-1.0
2502157,233559,50724,13627,2024-01-04,1.0
2502159,236520,57804,18195,2024-01-05,1.6666666666666667
2502242,154167,1370,12106,2024-01-04,1.0
2502243,154890,1372,3936,2024-01-02,3.6666666666666665
2502249,183363,1372,12373,2024-01-04,3.0
2502259,211473,30500,20691,2024-01-06,2.3333333333333335
2502262,219132,39186,20773,2024-01-06,1.0
2502273,231876,33886,18037,2024-01-05,4.333333333333333
2502391,156057,10652,3938,2024-01-02,7.0
2502397,187806,1370,4202,2024-01-02,3.6666666666666665
2502400,191892,50270,4253,2024-01-02,-6.333333333333333
2502407,210186,48574,17396,2024-01-05,1.6666666666666667
2502408,211473,11262,20691,2024-01-06,3.6666666666666665
2502429,236520,50272,18195,2024-01-05,1.0
2502467,72312,30500,7381,2024-01-03,-1.0
2502526,179436,1372,12333,2024-01-04,1.0
2502529,191892,56714,4253,2024-01-02,5.0
2502535,203673,33886,17228,2024-01-05,2.3333333333333335
2502539,212445,51974,17460,2024-01-05,1.0
2502649,162957,1370,20450,2024-01-06,1.6666666666666667
2502651,194229,16358,17015,2024-01-05,3.6666666666666665
2502655,203445,35846,20636,2024-01-06,2.3333333333333335
2502656,204483,48574,17247,2024-01-05,1.6666666666666667
2502664,219132,10652,20773,2024-01-06,3.0
2502715,72930,1304,15991,2024-01-05,1.6666666666666667
2502759,154167,30500,20408,2024-01-06,-1.0
2502761,162624,11262,16755,2024-01-05,1.0
2502765,188685,1370,12438,2024-01-04,2.3333333333333335
2502774,206412,33534,20660,2024-01-06,1.6666666666666667
2502824,72930,30500,15991,2024-01-05,3.0
2502875,184863,57804,4167,2024-01-02,1.6666666666666667
2502876,186378,16358,20536,2024-01-06,10.333333333333334
2502877,191553,48574,12474,2024-01-04,1.0
2502878,191892,50270,4253,2024-01-02,7.0
2502882,203517,10652,12753,2024-01-04,7.0
2502883,204657,16358,17252,2024-01-05,1.0
2502884,205332,1370,17266,2024-01-05,1.6666666666666667
2502887,211413,1372,17434,2024-01-05,4.333333333333333
2502888,211749,42132,4735,2024-01-02,20.333333333333332
2502906,232827,50268,18083,2024-01-05,1.0
2502952,61977,11262,20107,2024-01-06,10.333333333333334
2503013,154770,1304,20409,2024-01-06,1.6666666666666667
2503017,162960,11262,20451,2024-01-06,1.0
2503018,176472,48574,20493,2024-01-06,1.6666666666666667
2503021,191892,42132,8192,2024-01-03,25.0
2503026,204243,1370,17240,2024-01-05,2.3333333333333335
2503029,211413,1304,17434,2024-01-05,7.0
2503032,216309,50268,17562,2024-01-05,3.6666666666666665
2503141,154797,1304,12115,2024-01-04,1.0
2503142,154956,42132,20411,2024-01-06,-0.3333333333333333
2503147,186174,30500,16887,2024-01-05,11.666666666666666
2503158,210045,1370,20682,2024-01-06,1.0
2503159,210981,1370,17419,2024-01-05,7.0
2503271,155100,1304,20412,2024-01-06,1.6666666666666667
2503278,203790,1304,20639,2024-01-06,1.0
2503280,211413,1370,17434,2024-01-05,7.0
2503284,216309,124,17562,2024-01-05,3.6666666666666665
2503336,56871,30500,20091,2024-01-06,-0.3333333333333333
2503340,61908,1304,20105,2024-01-06,7.0
2503389,156057,36720,3938,2024-01-02,2.3333333333333335
2503390,156057,36722,3938,2024-01-02,2.3333333333333335
2503391,156057,56714,3938,2024-01-02,3.0
2503394,167451,10652,12253,2024-01-04,1.6666666666666667
2503395,178830,56714,4122,2024-01-02,13.666666666666666
2503400,183195,56714,4156,2024-01-02,10.333333333333334
2503401,191553,60978,12474,2024-01-04,1.0
2503403,194229,1370,17015,2024-01-05,1.6666666666666667
2503409,208206,11262,17336,2024-01-05,1.0
2503410,212445,60978,17460,2024-01-05,1.6666666666666667
2503411,212478,11262,8674,2024-01-03,4.333333333333333
2503474,72900,30500,20190,2024-01-06,17.0
2503533,154953,11262,7870,2024-01-03,13.666666666666666
2503556,237252,11262,20984,2024-01-06,1.0
2503592,72930,35732,15991,2024-01-05,3.6666666666666665
2503609,128502,60978,20352,2024-01-06,3.6666666666666665
2503610,129135,1372,20355,2024-01-06,1.6666666666666667
2503650,188685,30500,20547,2024-01-06,1.0
2503657,206988,1372,17310,2024-01-05,1.0
2503658,207339,11262,17316,2024-01-05,13.666666666666666
2503666,233559,1304,13627,2024-01-04,2.3333333333333335
2503763,154797,1370,12115,2024-01-04,1.0
2503765,186174,10808,16887,2024-01-05,1.6666666666666667
2503774,203451,16358,20637,2024-01-06,1.0
2503789,230073,30500,17978,2024-01-05,2.3333333333333335
2503823,72312,3382,7381,2024-01-03,-1.6666666666666667
2503867,154167,60978,20408,2024-01-06,1.6666666666666667
2503868,154869,1372,12118,2024-01-04,1.0
2503876,191892,56714,8192,2024-01-03,5.0
2503880,205812,1372,20657,2024-01-06,1.0
2503881,207129,42132,17313,2024-01-05,1.6666666666666667
2503882,207339,35732,17316,2024-01-05,33.666666666666664
2503935,61353,11262,20102,2024-01-06,1.6666666666666667
2504011,182292,35846,16848,2024-01-05,1.0
2504029,202959,33886,17215,2024-01-05,2.3333333333333335
2504030,202959,44302,17215,2024-01-05,1.0
2504032,203517,11262,12753,2024-01-04,33.666666666666664
2504033,204519,1372,20647,2024-01-06,2.3333333333333335
2504034,205812,48574,20657,2024-01-06,1.0
2504036,206484,33886,12818,2024-01-04,3.0
2504037,206760,39186,17307,2024-01-05,3.6666666666666665
2504038,206760,48298,17307,2024-01-05,3.6666666666666665
2504040,210981,10652,17419,2024-01-05,3.6666666666666665
2504052,231876,1304,18037,2024-01-05,1.0
2504106,67740,11262,20137,2024-01-06,1.0
2504125,128502,1370,20352,2024-01-06,1.0
2504161,154890,1304,20410,2024-01-06,40.333333333333336
2504170,178830,10652,4122,2024-01-02,13.666666666666666
2504172,184950,1304,16875,2024-01-05,5.666666666666667
2504189,219132,35732,20773,2024-01-06,3.0
2504202,231057,36720,18006,2024-01-05,1.0
2504251,56868,35732,11174,2024-01-04,1.0
2504255,72930,10652,15991,2024-01-05,2.3333333333333335
2504256,72930,1370,15991,2024-01-05,3.6666666666666665
2504311,166356,1304,12246,2024-01-04,13.666666666666666
2504316,186951,1304,20537,2024-01-06,3.0
2504321,212478,50270,8674,2024-01-03,1.0
2504328,219450,16358,20780,2024-01-06,2.3333333333333335
2504335,228438,1304,20866,2024-01-06,1.0
2504341,232827,11262,18083,2024-01-05,3.6666666666666665
2504374,60888,1372,3162,2024-01-02,1.0
2504381,71766,35732,11448,2024-01-04,7.0
2504435,176472,1304,20493,2024-01-06,1.0
2504436,184863,56714,4167,2024-01-02,3.6666666666666665
2504442,203673,50268,17228,2024-01-05,-1.6666666666666667
2504443,206760,46632,17307,2024-01-05,1.6666666666666667
2504453,231057,57804,18006,2024-01-05,1.0
2504555,164007,1304,20454,2024-01-06,1.0
2504561,194790,1370,12534,2024-01-04,1.6666666666666667
2504564,198573,11262,4395,2024-01-02,3.0
2504570,205722,1370,12798,2024-01-04,1.0
2504571,211749,50270,4735,2024-01-02,13.666666666666666
2504577,224208,50268,17765,2024-01-05,-0.3333333333333333
2504581,228438,48574,20866,2024-01-06,1.6666666666666667
2504583,230091,50272,13502,2024-01-04,1.0
2504585,232503,44302,13593,2024-01-04,1.0
2504621,61353,1370,20102,2024-01-06,1.6666666666666667
2504677,164007,35732,12232,2024-01-04,-2.3333333333333335
2504678,176472,35846,20493,2024-01-06,1.0
2504679,179436,1304,12333,2024-01-04,1.0
2504680,187101,60978,20538,2024-01-06,33.666666666666664
2504690,205332,39186,17266,2024-01-05,1.0
2504691,206748,3382,17306,2024-01-05,7.0
2504692,208812,1304,20676,2024-01-06,3.6666666666666665
2504703,225393,30500,17815,2024-01-05,7.0
2504704,225393,1304,17815,2024-01-05,2.3333333333333335
2504747,72117,48574,20183,2024-01-06,5.0
2504810,207465,50270,17317,2024-01-05,1.0
2504834,238536,1372,18254,2024-01-05,1.6666666666666667
2504950,203673,30500,17228,2024-01-05,-1.0
2504952,206514,35732,17305,2024-01-05,1.0
2504953,207087,60,17312,2024-01-05,1.0
2504960,219030,11262,20771,2024-01-06,1.0
2505006,60888,11262,3162,2024-01-02,7.0
2505012,72312,3382,7381,2024-01-03,2.3333333333333335
2505073,154770,48574,20409,2024-01-06,1.6666666666666667
2505082,198573,48574,4395,2024-01-02,1.6666666666666667
2505139,72312,11262,7381,2024-01-03,2.3333333333333335
2505198,191226,1370,20551,2024-01-06,2.3333333333333335
2505199,193965,10652,20564,2024-01-06,3.0
2505203,203673,39186,17228,2024-01-05,1.6666666666666667
2505212,223518,1370,13286,2024-01-04,3.6666666666666665
2505223,231876,11262,18037,2024-01-05,4.333333333333333
2505275,71766,11262,11448,2024-01-04,4.333333333333333
2505338,159831,48574,7936,2024-01-03,1.6666666666666667
2505339,178257,1370,20499,2024-01-06,1.0
2505340,187806,50270,4202,2024-01-02,7.0
2505348,203673,30500,17228,2024-01-05,1.6666666666666667
2505350,206478,60978,17304,2024-01-05,7.0
2505351,206760,57804,17307,2024-01-05,1.6666666666666667
2505352,210120,1370,12877,2024-01-04,3.6666666666666665
2505448,154698,50274,12112,2024-01-04,4.333333333333333
2505452,194790,11262,12534,2024-01-04,1.6666666666666667
2505457,204243,11262,17240,2024-01-05,1.0
2505460,206514,35846,17305,2024-01-05,1.0
2505461,206748,60978,17306,2024-01-05,20.333333333333332
2505477,230073,35732,17978,2024-01-05,3.6666666666666665
2505573,154167,1370,16632,2024-01-05,1.0
2505574,154890,1370,20410,2024-01-06,47.0
2505575,154890,11262,3936,2024-01-02,3.0
2505582,186174,50272,16887,2024-01-05,1.6666666666666667
2505592,203673,1304,17228,2024-01-05,-0.3333333333333333
2505608,225393,60978,17815,2024-01-05,7.0
2505611,227988,1304,20862,2024-01-06,2.3333333333333335
2505618,231057,30500,18006,2024-01-05,8.333333333333334
2505619,231057,39186,18006,2024-01-05,4.333333333333333
2505720,153813,42132,12099,2024-01-04,-1.0
2505721,154434,35732,16634,2024-01-05,1.0
2505726,175878,1370,20489,2024-01-06,1.0
2505728,191892,44302,4253,2024-01-02,-6.333333333333333
2505731,203790,30500,20639,2024-01-06,2.3333333333333335
2505733,211473,1304,20691,2024-01-06,2.3333333333333335
2505845,154167,10652,16632,2024-01-05,3.6666666666666665
2505846,154434,1372,16634,2024-01-05,1.0
2505847,154797,30500,12115,2024-01-04,3.0
2505853,186378,35846,20536,2024-01-06,3.6666666666666665
2505855,191892,50270,8192,2024-01-03,7.0
2505861,204657,1372,17252,2024-01-05,-3.6666666666666665
2505863,206478,10652,17304,2024-01-05,3.6666666666666665
2505864,206937,33886,17309,2024-01-05,1.6666666666666667
2505875,228438,35732,20866,2024-01-06,-1.0
2505885,236520,50274,18195,2024-01-05,2.3333333333333335
2505985,154956,30500,20411,2024-01-06,1.0
2506002,211476,48574,20692,2024-01-06,1.6666666666666667
2506012,224925,11262,20826,2024-01-06,1.0
2506022,232503,36722,13593,2024-01-04,1.0
2506120,153813,42132,12099,2024-01-04,1.6666666666666667
2506121,154890,11262,20410,2024-01-06,1.6666666666666667
2506126,176472,1370,20493,2024-01-06,1.6666666666666667
2506129,184950,30500,16875,2024-01-05,1.6666666666666667
2506133,206697,1304,12822,2024-01-04,1.0
2506134,206868,11262,17308,2024-01-05,67.0
2506159,236520,10808,18195,2024-01-05,1.6666666666666667
2506266,165132,1304,16761,2024-01-05,2.3333333333333335
2506271,176319,1370,12318,2024-01-04,4.333333333333333
2506273,183672,1304,20525,2024-01-06,1.0
2506276,194790,1304,12534,2024-01-04,1.6666666666666667
2506289,219132,11262,20773,2024-01-06,3.0
2506290,219450,30500,20780,2024-01-06,1.0
2506297,234018,1370,20946,2024-01-06,2.3333333333333335
2506390,154434,1370,16634,2024-01-05,1.6666666666666667
2506395,164007,35732,12232,2024-01-04,3.0
2506398,183195,1370,4156,2024-01-02,2.3333333333333335
2506407,206748,11262,17306,2024-01-05,67.0
2506410,210981,44302,17419,2024-01-05,1.6666666666666667
2506425,231096,1370,20911,2024-01-06,1.6666666666666667
2506427,232614,1370,20930,2024-01-06,2.3333333333333335
2506517,156063,1370,20415,2024-01-06,1.6666666666666667
2506521,183492,1304,20523,2024-01-06,10.333333333333334
2506522,186987,33886,12414,2024-01-04,3.0
2506532,203673,1370,17228,2024-01-05,1.6666666666666667
2506536,207339,44302,17316,2024-01-05,4.333333333333333
2506539,208758,11262,20673,2024-01-06,7.666666666666667
2506614,72561,35732,3390,2024-01-02,1.6666666666666667
2506624,129135,48574,20355,2024-01-06,1.0
2506681,154890,30500,3936,2024-01-02,5.666666666666667
2506684,182292,10652,16848,2024-01-05,3.0
2506695,204243,1304,17240,2024-01-05,1.0
2506701,216564,50274,13089,2024-01-04,1.0
2506765,72930,39186,15991,2024-01-05,2.3333333333333335
2506831,207087,39186,17312,2024-01-05,1.6666666666666667
2506832,210186,60978,17396,2024-01-05,17.0
2506833,212445,44302,17460,2024-01-05,1.0
2506836,219030,1372,20771,2024-01-06,1.0
2506893,71766,60978,11448,2024-01-04,1.6666666666666667
2506906,128502,33886,20352,2024-01-06,7.0
2506907,128502,1304,20352,2024-01-06,1.0
2506954,154167,39186,16632,2024-01-05,2.3333333333333335
2506955,156063,10808,20415,2024-01-06,1.0
2506960,186174,11262,16887,2024-01-05,20.333333333333332
2506976,232827,35732,18083,2024-01-05,2.3333333333333335
2506983,237252,1372,20984,2024-01-06,1.0
2507068,156057,60978,3938,2024-01-02,15.666666666666666
2507075,176472,11262,20493,2024-01-06,1.6666666666666667
2507077,182292,1304,16848,2024-01-05,1.0
2507082,203673,124,17228,2024-01-05,-1.0
2507083,206697,39186,12822,2024-01-04,1.6666666666666667
2507084,208812,1370,20676,2024-01-06,10.333333333333334
2507095,224208,50272,17765,2024-01-05,1.0
2507100,228438,1370,20866,2024-01-06,-1.0
2507108,236655,1304,9424,2024-01-03,2.3333333333333335
2507143,60888,56714,3162,2024-01-02,1.6666666666666667
2507149,72312,30500,7381,2024-01-03,1.6666666666666667
2507210,187101,1372,12417,2024-01-04,3.6666666666666665
2507220,203451,1370,20637,2024-01-06,1.0
2507221,207339,1304,17316,2024-01-05,3.6666666666666665
2507222,212445,33886,17460,2024-01-05,1.6666666666666667
2507240,236490,1304,5510,2024-01-02,1.6666666666666667
2507302,128502,11262,20352,2024-01-06,3.6666666666666665
2507338,163044,1370,20452,2024-01-06,3.6666666666666665
2507340,191892,42132,4253,2024-01-02,25.666666666666668
2507345,206484,1304,12818,2024-01-04,1.6666666666666667
2507346,206697,50270,12822,2024-01-04,2.3333333333333335
2507407,71766,46632,11448,2024-01-04,1.0
2507460,162960,33534,20451,2024-01-06,1.0
2507461,171702,39186,20473,2024-01-06,1.6666666666666667
2507465,183195,36720,4156,2024-01-02,3.6666666666666665
2507474,202959,48574,17215,2024-01-05,3.6666666666666665
2507477,208692,60978,20672,2024-01-06,13.666666666666666
2507489,224208,50268,17765,2024-01-05,1.0
2507535,68676,1304,11360,2024-01-04,10.333333333333334
2507590,155388,1372,16641,2024-01-05,-0.3333333333333333
2507593,161208,1304,20445,2024-01-06,1.0
2507594,164007,48574,20454,2024-01-06,1.0
2507595,173613,1372,20482,2024-01-06,1.6666666666666667
2507599,183672,10652,20525,2024-01-06,2.3333333333333335
2507614,203277,42132,20635,2024-01-06,2.3333333333333335
2507615,212442,11262,20701,2024-01-06,3.6666666666666665
2507731,154803,1372,12116,2024-01-04,1.0
2507740,194229,11262,17015,2024-01-05,13.666666666666666
2507742,198573,50720,4395,2024-01-02,1.0
2507746,206697,50274,12822,2024-01-04,1.6666666666666667
2507747,209829,1370,20680,2024-01-06,1.6666666666666667
2507748,210933,60,17416,2024-01-05,1.0
2507868,154956,35732,20411,2024-01-06,1.0
2507869,154956,11262,20411,2024-01-06,1.0
2507870,186174,124,16887,2024-01-05,7.0
2507871,186987,1304,12414,2024-01-04,12.333333333333334
2507877,203673,50268,17228,2024-01-05,2.3333333333333335
2507882,210186,1372,17396,2024-01-05,3.0
2507890,224208,50272,17765,2024-01-05,-0.3333333333333333
2507998,186174,42132,16887,2024-01-05,3.6666666666666665
2507999,186174,60978,16887,2024-01-05,10.333333333333334
2508001,191892,42132,4253,2024-01-02,-25.0
2508008,203445,1370,20636,2024-01-06,4.333333333333333
2508016,216564,57804,13089,2024-01-04,1.0
2508017,219132,11262,20773,2024-01-06,1.0
2508114,182292,1370,16848,2024-01-05,1.6666666666666667
2508266,223518,1304,13286,2024-01-04,2.3333333333333335
2508274,230091,50270,13502,2024-01-04,1.6666666666666667
2508279,236490,48574,20971,2024-01-06,1.6666666666666667
2508318,56868,1370,11174,2024-01-04,3.0
2508374,154890,1304,3936,2024-01-02,7.0
2508378,178257,1304,20499,2024-01-06,2.3333333333333335
2508380,187101,1370,12417,2024-01-04,47.0
2508384,194229,60978,17015,2024-01-05,3.6666666666666665
2508394,210633,48574,20685,2024-01-06,1.0
2508404,224208,11262,17765,2024-01-05,1.0
2508405,224208,57804,17765,2024-01-05,-0.3333333333333333
2508408,225393,35846,17815,2024-01-05,7.0
2508410,228438,48574,20866,2024-01-06,-1.0
2508515,154890,48574,20410,2024-01-06,13.666666666666666
2508521,183195,48574,4156,2024-01-02,1.0
2508529,202959,35732,17215,2024-01-05,2.3333333333333335
2508531,206748,35846,17306,2024-01-05,10.333333333333334
2508532,206760,124,17307,2024-01-05,3.6666666666666665
2508533,211476,35846,20692,2024-01-06,1.6666666666666667
2508542,223518,50268,13286,2024-01-04,1.0
2508549,230091,44302,13502,2024-01-04,2.3333333333333335
2508649,156063,1304,20415,2024-01-06,2.3333333333333335
2508654,188685,11262,12438,2024-01-04,1.6666666666666667
2508662,210186,51974,17396,2024-01-05,1.0
2508677,228438,1304,20866,2024-01-06,-0.3333333333333333
2508688,237252,1304,20984,2024-01-06,1.0
2508733,71766,30500,11448,2024-01-04,3.0
2508787,187806,56714,4202,2024-01-02,9.666666666666666
2508790,191226,35846,20551,2024-01-06,1.0
2508795,203673,124,17228,2024-01-05,1.6666666666666667
2508798,206760,50270,17307,2024-01-05,1.6666666666666667
2508810,231057,44302,18006,2024-01-05,3.0
2508813,231909,30500,20920,2024-01-06,1.6666666666666667
2508903,154890,48574,3936,2024-01-02,3.6666666666666665
2508908,162957,1304,20450,2024-01-06,2.3333333333333335
2508917,206484,1372,12818,2024-01-04,3.0
2508918,207129,1304,17313,2024-01-05,3.0
2508926,224208,30500,17765,2024-01-05,1.0
2508934,238218,1370,20993,2024-01-06,1.0
2508974,72561,33886,3390,2024-01-02,1.0
2509047,205332,48574,17266,2024-01-05,1.0
2509048,206412,1370,20660,2024-01-06,1.0
2509163,154698,10808,12112,2024-01-04,4.333333333333333
2509169,187806,10808,4202,2024-01-02,2.3333333333333335
2509177,207927,1370,12850,2024-01-04,1.6666666666666667
2509186,229473,39186,20881,2024-01-06,1.0
2509193,234018,44302,20946,2024-01-06,1.6666666666666667
2509197,236655,1370,9424,2024-01-03,2.3333333333333335
2509298,154956,42132,20411,2024-01-06,1.0
2509302,191553,33886,12474,2024-01-04,1.0
2509309,204657,16358,17252,2024-01-05,-0.3333333333333333
2509316,217293,1370,20758,2024-01-06,3.0
2509332,231909,11262,20920,2024-01-06,1.0
2509334,232827,1370,18083,2024-01-05,3.6666666666666665
2509453,153084,1370,20403,2024-01-06,3.0
2509459,184863,30500,4167,2024-01-02,3.6666666666666665
2509460,184863,39186,4167,2024-01-02,7.0
2509461,187101,1370,20538,2024-01-06,40.333333333333336
2509467,206760,30500,17307,2024-01-05,4.333333333333333
2509487,230091,10652,13502,2024-01-04,7.0
2509499,238878,1372,18269,2024-01-05,1.0
2509577,178830,35732,4122,2024-01-02,3.6666666666666665
2509579,186378,1370,20536,2024-01-06,3.0
2509726,159831,60978,7936,2024-01-03,3.0
2509729,186174,44302,16887,2024-01-05,3.6666666666666665
2509733,191892,44302,8192,2024-01-03,7.0
2509744,207087,50272,17312,2024-01-05,1.0
2509753,232788,1304,20935,2024-01-06,8.333333333333334
2509869,154881,11262,12119,2024-01-04,3.6666666666666665
2509870,155100,1304,20412,2024-01-06,-1.0
2509881,188685,11262,20547,2024-01-06,1.6666666666666667
2509886,198573,1372,4395,2024-01-02,1.6666666666666667
2509887,204519,30500,20647,2024-01-06,2.3333333333333335
2509888,204519,35732,20647,2024-01-06,2.3333333333333335
2509890,206748,33886,17306,2024-01-05,33.666666666666664
2509973,154881,10652,12119,2024-01-04,2.3333333333333335
2509975,162624,1304,16755,2024-01-05,2.3333333333333335
2509978,171372,1372,12293,2024-01-04,2.3333333333333335
2509979,178257,48574,20499,2024-01-06,1.6666666666666667
2509982,191892,44302,4253,2024-01-02,7.0
2509990,203673,1304,17228,2024-01-05,1.0
2509991,206760,48574,17307,2024-01-05,1.0
2509992,207087,33886,17312,2024-01-05,1.6666666666666667
2509993,207339,1372,17316,2024-01-05,1.6666666666666667
2509999,224208,11262,17765,2024-01-05,-0.3333333333333333
2510005,229473,1304,20881,2024-01-06,4.333333333333333
2510047,60888,1304,3162,2024-01-02,2.3333333333333335
2510050,71766,1304,11448,2024-01-04,3.6666666666666665
2510113,188331,30500,4207,2024-01-02,20.333333333333332
2510138,232827,1304,18083,2024-01-05,2.3333333333333335
2510145,236655,11262,13734,2024-01-04,3.0
2510149,238878,48574,18269,2024-01-05,1.0
2510185,72312,11262,7381,2024-01-03,-1.6666666666666667
2510186,72900,60978,20190,2024-01-06,17.0
2510243,208812,10652,20676,2024-01-06,7.0
2510295,71766,48574,11448,2024-01-04,1.0
2510297,72561,1304,3390,2024-01-02,2.3333333333333335
2510350,154743,1304,12114,2024-01-04,3.6666666666666665
2510360,206748,50724,17306,2024-01-05,7.0
2510362,209829,1304,20680,2024-01-06,2.3333333333333335
2510415,60888,42132,3162,2024-01-02,1.0
2510470,153084,1304,20403,2024-01-06,1.0
2510471,154881,30500,12119,2024-01-04,1.6666666666666667
2510477,184863,35732,4167,2024-01-02,7.0
2510478,185244,1370,16878,2024-01-05,1.6666666666666667
2510484,202959,50270,17215,2024-01-05,1.0
2510485,205332,1304,17266,2024-01-05,1.0
2510486,206697,33886,12822,2024-01-04,1.6666666666666667
2510487,206988,35846,17310,2024-01-05,1.0
2510548,56871,30500,20091,2024-01-06,1.0
2510607,154890,11262,3936,2024-01-02,30.333333333333332
2510608,154956,11262,20411,2024-01-06,-0.3333333333333333
2510613,163044,30500,20452,2024-01-06,1.6666666666666667
2510615,184950,1370,16875,2024-01-05,8.333333333333334
2510617,186174,3382,16887,2024-01-05,3.6666666666666665
2510631,206484,30500,12818,2024-01-04,2.3333333333333335
2510641,229473,11262,20881,2024-01-06,1.6666666666666667
2510646,233559,1370,13627,2024-01-04,1.0
2510680,56871,1370,20091,2024-01-06,-2.3333333333333335
2510683,61935,1304,11234,2024-01-04,2.3333333333333335
2510688,72930,60978,15991,2024-01-05,3.6666666666666665
2510732,153084,35846,20403,2024-01-06,1.0
2510749,211473,48574,20691,2024-01-06,2.3333333333333335
2510757,224208,30500,17765,2024-01-05,-0.3333333333333333
2510861,153645,1370,20405,2024-01-06,2.3333333333333335
2510862,154167,60978,20408,2024-01-06,-1.0
2510866,186174,39186,16887,2024-01-05,13.666666666666666
2510870,194229,44302,17015,2024-01-05,3.0
2510874,203517,30500,12753,2024-01-04,10.333333333333334
2510875,204483,1304,17247,2024-01-05,3.6666666666666665
2510876,207339,57804,17316,2024-01-05,1.6666666666666667
2510879,211965,33534,20696,2024-01-06,8.333333333333334
2510992,154797,1372,12115,2024-01-04,1.0
2510995,182556,1304,20516,2024-01-06,1.6666666666666667
2511013,228438,30500,20866,2024-01-06,-1.0
2511016,229737,10652,17963,2024-01-05,4.333333333333333
2511022,234018,1372,20946,2024-01-06,1.6666666666666667
2511114,154890,1372,20410,2024-01-06,13.666666666666666
2511122,175878,1304,20489,2024-01-06,1.0
2511125,183195,1372,4156,2024-01-02,2.3333333333333335
2511126,183672,1370,20525,2024-01-06,1.0
2511128,191226,11262,20551,2024-01-06,1.0
2511136,208692,44302,20672,2024-01-06,1.6666666666666667
2511154,236655,39186,13734,2024-01-04,1.6666666666666667
2511198,72558,1304,11474,2024-01-04,3.6666666666666665
2511248,161787,1370,12214,2024-01-04,3.6666666666666665
2511249,163578,10652,12230,2024-01-04,3.6666666666666665
2511261,203790,1370,20639,2024-01-06,4.333333333333333
2511263,204657,11262,17252,2024-01-05,3.0
2511265,212283,1370,17458,2024-01-05,10.333333333333334
2511384,154887,50274,16637,2024-01-05,1.0
2511385,178830,1370,4122,2024-01-02,10.333333333333334
2511396,206412,11262,20660,2024-01-06,7.0
2511402,225390,1304,13343,2024-01-04,1.0
2511406,231096,1304,20911,2024-01-06,1.0
2511446,72117,1372,20183,2024-01-06,3.0
2511491,176472,30500,20493,2024-01-06,2.3333333333333335
2511510,227238,1370,20849,2024-01-06,3.6666666666666665
2511515,230091,39186,13502,2024-01-04,7.0
2511560,56871,1370,20091,2024-01-06,3.0
2511567,72930,50270,15991,2024-01-05,1.0
2511657,184863,60978,4167,2024-01-02,7.0
2511658,184863,10652,4167,2024-01-02,7.0
2511666,204657,11262,17252,2024-01-05,-2.3333333333333335
2511681,227238,1370,20849,2024-01-06,-3.0
2511682,228438,30500,20866,2024-01-06,1.6666666666666667
2511719,61353,48574,20102,2024-01-06,1.0
2511738,128502,48574,20352,2024-01-06,1.0
2511739,129135,1370,20355,2024-01-06,1.6666666666666667
2511784,154956,30500,20411,2024-01-06,-0.3333333333333333
2511788,161208,1370,20445,2024-01-06,1.6666666666666667
2511789,176319,30500,12318,2024-01-04,1.0
2511796,206937,1304,17309,2024-01-05,1.6666666666666667
2511804,223518,11262,13286,2024-01-04,1.6666666666666667
2511812,230073,10652,17978,2024-01-05,2.3333333333333335
2511820,238878,1370,18269,2024-01-05,1.6666666666666667
2511821,238878,11262,18269,2024-01-05,1.0
2511932,206760,1372,17307,2024-01-05,1.6666666666666667
2511933,206937,39186,17309,2024-01-05,1.6666666666666667
2511935,210981,11262,17419,2024-01-05,20.333333333333332
2511944,223728,1304,20817,2024-01-06,3.0
2511950,233559,39186,13627,2024-01-04,1.0
2512051,156057,30500,3938,2024-01-02,15.0
2512054,164007,1304,12232,2024-01-04,1.6666666666666667
2512056,183672,39186,20525,2024-01-06,1.0
2512062,204483,1370,17247,2024-01-05,1.6666666666666667
2512063,205722,48574,12798,2024-01-04,1.0
2512064,206484,60978,12818,2024-01-04,2.3333333333333335
2512074,230073,33886,17978,2024-01-05,2.3333333333333335
2512174,156057,50270,3938,2024-01-02,7.0
2512179,176319,1372,12318,2024-01-04,1.0
2512189,206412,1304,20660,2024-01-06,3.6666666666666665
2512197,219132,50268,20773,2024-01-06,3.0
2512204,232266,46632,13584,2024-01-04,1.0
2512213,238218,1304,20993,2024-01-06,-1.0
2512249,61977,1304,20107,2024-01-06,1.6666666666666667
2512312,154803,1370,12116,2024-01-04,2.3333333333333335
2512317,191892,56714,4253,2024-01-02,-4.333333333333333
2512330,208206,1372,17336,2024-01-05,1.6666666666666667
2512339,227988,1370,20862,2024-01-06,1.6666666666666667
2512350,231708,1370,18029,2024-01-05,5.0
2512351,231909,35732,20920,2024-01-06,1.0
2512462,176472,11262,20493,2024-01-06,2.3333333333333335
2512463,187101,1304,20538,2024-01-06,27.0
2512470,204657,1372,17252,2024-01-05,4.333333333333333
2512471,205332,1372,17266,2024-01-05,1.0
2512474,216309,1370,17562,2024-01-05,2.3333333333333335
2512599,154698,60,12112,2024-01-04,1.6666666666666667
2512600,154956,35732,20411,2024-01-06,-0.3333333333333333
2512607,206760,11262,17307,2024-01-05,7.0
2512608,207465,33886,17317,2024-01-05,20.333333333333332
2512614,224925,1370,20826,2024-01-06,1.6666666666666667
2512624,234030,48574,13641,2024-01-04,3.6666666666666665
2512711,167451,1370,12253,2024-01-04,1.6666666666666667
2512713,182292,60978,16848,2024-01-05,2.3333333333333335
2512717,186174,50270,16887,2024-01-05,1.6666666666666667
2512725,206760,60978,17307,2024-01-05,7.0
2512730,224208,57804,17765,2024-01-05,1.0
2512732,228438,35732,20866,2024-01-06,1.6666666666666667
2512741,232503,1372,13593,2024-01-04,2.3333333333333335
2512841,159831,1370,7936,2024-01-03,3.6666666666666665
2512843,167451,35732,12253,2024-01-04,1.6666666666666667
2512844,176472,10652,20493,2024-01-06,1.6666666666666667
2512845,183492,11262,20523,2024-01-06,224.33333333333337
2512850,204243,48574,17240,2024-01-05,1.0
2512869,227988,35732,20862,2024-01-06,2.3333333333333335
2512873,230091,60978,13502,2024-01-04,7.0
2512959,154167,30500,16632,2024-01-05,3.6666666666666665
2512960,154743,1372,12114,2024-01-04,4.333333333333333
2512963,165132,35846,16761,2024-01-05,1.0
2512966,187101,30500,12417,2024-01-04,10.333333333333334
2512984,210045,1304,20682,2024-01-06,1.0
2512986,212445,50274,17460,2024-01-05,1.0
2727881,63690,33886,7189,2024-01-03,17.0
2727952,154275,56714,3931,2024-01-02,3.6666666666666665
2727953,155085,1372,7872,2024-01-03,2.3333333333333335
2727973,204222,1372,4547,2024-01-02,1.6666666666666667
2727974,204375,11262,8478,2024-01-03,1.0
2727976,206955,35732,8524,2024-01-03,3.0
2727979,212448,44302,8672,2024-01-03,2.3333333333333335
2728113,153303,1370,7859,2024-01-03,7.0
2728115,167364,33886,7973,2024-01-03,4.333333333333333
2728121,179088,1304,4125,2024-01-02,2.3333333333333335
2728122,179853,60978,8059,2024-01-03,3.6666666666666665
2728124,184698,1370,4164,2024-01-02,2.3333333333333335
2728170,25743,1304,7028,2024-01-03,13.666666666666666
2728271,161667,56714,4032,2024-01-02,6.333333333333333
2728273,179853,42132,8059,2024-01-03,1.0
2728274,183576,1304,8092,2024-01-03,1.6666666666666667
2728284,206952,11262,8523,2024-01-03,13.666666666666666
2728285,209073,1370,8578,2024-01-03,2.3333333333333335
2728286,209154,1370,8579,2024-01-03,20.333333333333332
2728318,235932,1304,9406,2024-01-03,2.3333333333333335
2728366,64218,1372,7204,2024-01-03,1.6666666666666667
2728452,183576,35732,8092,2024-01-03,4.333333333333333
2728455,187797,1304,8137,2024-01-03,2.3333333333333335
2728467,206772,11262,8516,2024-01-03,1.0
2728468,207618,33886,8533,2024-01-03,3.6666666666666665
2728471,212337,11262,8667,2024-01-03,3.0
2728612,153669,1304,7862,2024-01-03,1.0
2728616,183213,39186,8084,2024-01-03,15.666666666666666
2728618,187707,1304,8135,2024-01-03,2.3333333333333335
2728634,212211,44302,8663,2024-01-03,1.0
2728635,212211,48574,8663,2024-01-03,2.3333333333333335
2728652,229521,10652,9185,2024-01-03,7.0
2728808,179853,50270,8059,2024-01-03,1.0
2728828,204375,11262,8478,2024-01-03,2.3333333333333335
2728829,209073,60978,8578,2024-01-03,1.0
2728974,153756,42132,3925,2024-01-02,1.6666666666666667
2728982,179088,1372,4125,2024-01-02,2.3333333333333335
2728984,186933,60978,8125,2024-01-03,8.333333333333334
2728985,187806,16358,8138,2024-01-03,3.6666666666666665
2728986,191232,35732,8183,2024-01-03,7.0
2728994,198522,1304,8334,2024-01-03,1.6666666666666667
2729000,203316,50270,4532,2024-01-02,3.0
2729033,238887,1370,9493,2024-01-03,2.3333333333333335
2729036,25743,30500,7028,2024-01-03,5.0
2729088,96444,1304,7515,2024-01-03,1.0
2729138,161667,33886,4032,2024-01-02,7.0
2729139,171702,1304,7999,2024-01-03,1.6666666666666667
2729141,175878,56714,8037,2024-01-03,1.0
2729142,178458,48574,8050,2024-01-03,3.0
2729158,203247,10652,8460,2024-01-03,2.3333333333333335
2729159,203271,16358,8461,2024-01-03,1.6666666666666667
2729161,206772,48574,8516,2024-01-03,1.6666666666666667
2729174,223728,1372,8977,2024-01-03,2.3333333333333335
2729177,224925,30500,9011,2024-01-03,1.0
2729197,25743,11262,7028,2024-01-03,45.666666666666664
2729250,69249,30500,7303,2024-01-03,1.0
2729314,178458,44302,8050,2024-01-03,1.6666666666666667
2729317,187806,10652,8138,2024-01-03,13.666666666666666
2729324,196302,35732,8273,2024-01-03,2.3333333333333335
2729327,200964,11262,8395,2024-01-03,3.6666666666666665
2729331,211140,50274,4715,2024-01-02,2.3333333333333335
2729338,216948,1370,4867,2024-01-02,1.6666666666666667
2729358,232455,30500,9297,2024-01-03,7.0
2729361,233163,50270,9323,2024-01-03,3.6666666666666665
2729420,128502,30500,7756,2024-01-03,1.6666666666666667
2729467,191232,11262,8183,2024-01-03,24.333333333333332
2729483,220170,11262,8882,2024-01-03,3.0
2729502,233163,33886,9323,2024-01-03,7.0
2729627,206868,1304,8522,2024-01-03,17.0
2729633,211140,57804,4715,2024-01-02,1.6666666666666667
2729755,171702,1370,7999,2024-01-03,1.6666666666666667
2729758,183573,1304,8091,2024-01-03,30.333333333333332
2729760,186078,11262,4181,2024-01-02,4.333333333333333
2729770,194904,56714,4312,2024-01-02,3.6666666666666665
2729778,200964,124,8395,2024-01-03,1.6666666666666667
2729782,203271,11262,8461,2024-01-03,1.6666666666666667
2729784,204189,16358,8472,2024-01-03,3.0
2729790,211638,1304,8643,2024-01-03,1.6666666666666667
2729928,191256,11262,8184,2024-01-03,3.0
2729941,206427,1370,8515,2024-01-03,7.0
2730021,69249,1370,7303,2024-01-03,1.0
2730082,153888,1370,7866,2024-01-03,1.0
2730085,165750,30500,7963,2024-01-03,3.6666666666666665
2730086,176403,30500,8042,2024-01-03,19.0
2730090,186078,1304,4181,2024-01-02,1.6666666666666667
2730101,206856,1304,8521,2024-01-03,2.3333333333333335
2730105,209994,56714,4682,2024-01-02,1.0
2730111,219450,1372,8861,2024-01-03,1.0
2730240,154275,1304,3931,2024-01-02,27.0
2730249,175878,1370,8037,2024-01-03,1.0
2730251,186933,57804,8125,2024-01-03,2.3333333333333335
2730259,203724,33886,4536,2024-01-02,5.666666666666667
2730268,209637,11262,8591,2024-01-03,2.3333333333333335
2730269,209793,60,8594,2024-01-03,1.0
2730448,227469,35732,9102,2024-01-03,1.6666666666666667
2730565,153303,1304,7859,2024-01-03,27.0
2730570,189045,1370,8154,2024-01-03,5.0
2730583,205191,1370,8492,2024-01-03,1.6666666666666667
2730593,217620,48574,8822,2024-01-03,1.0
2730601,227343,16358,9098,2024-01-03,2.3333333333333335
2730730,165750,35846,7963,2024-01-03,7.0
2730733,183573,11262,8091,2024-01-03,27.0
2730735,186933,36722,8125,2024-01-03,1.6666666666666667
2730754,208500,11262,8555,2024-01-03,2.3333333333333335
2730756,209994,1370,4682,2024-01-02,3.6666666666666665
2730758,211989,11262,8656,2024-01-03,1.0
2730902,206952,30500,8523,2024-01-03,7.0
2730903,206952,1372,8523,2024-01-03,6.333333333333333
2730904,208758,44302,8570,2024-01-03,7.0
2730905,209073,1304,8578,2024-01-03,1.0
2730906,209184,33886,8580,2024-01-03,1.6666666666666667
2730926,225747,1370,9046,2024-01-03,1.6666666666666667
2730930,231459,1370,5320,2024-01-02,1.6666666666666667
2731052,161208,56714,7952,2024-01-03,1.0
2731057,176403,11262,8042,2024-01-03,36.333333333333336
2731063,194790,1370,8233,2024-01-03,1.0
2731064,194883,1370,4311,2024-01-02,8.333333333333334
2731069,203724,60978,4536,2024-01-02,7.0
2731071,205191,11262,8492,2024-01-03,4.333333333333333
2731072,206856,11262,8521,2024-01-03,2.3333333333333335
2731073,206952,124,8523,2024-01-03,7.0
2731074,207240,1370,4620,2024-01-02,1.6666666666666667
2731078,212586,60978,4755,2024-01-02,1.0
2731101,232455,44302,9297,2024-01-03,1.0
2731226,155085,56714,7872,2024-01-03,3.6666666666666665
2731238,212211,11262,8663,2024-01-03,3.6666666666666665
2731239,212211,1370,8663,2024-01-03,3.6666666666666665
2731251,226662,60978,9076,2024-01-03,7.0
2731252,227343,1304,9098,2024-01-03,3.0
2731268,238887,10652,9493,2024-01-03,-0.3333333333333333
2731329,89013,1370,7484,2024-01-03,2.3333333333333335
2731342,128502,1304,7756,2024-01-03,2.3333333333333335
2731393,203271,1370,8461,2024-01-03,1.0
2731394,203790,1370,8465,2024-01-03,4.333333333333333
2731395,208500,48574,8555,2024-01-03,-3.0
2731397,212211,60978,8663,2024-01-03,3.6666666666666665
2731541,154032,42132,3928,2024-01-02,1.0
2731546,161208,48574,7952,2024-01-03,1.0
2731561,212748,60978,8679,2024-01-03,3.6666666666666665
2731675,153888,11262,7866,2024-01-03,1.0
2731681,171939,1370,8000,2024-01-03,4.333333333333333
2731688,194904,33886,4312,2024-01-02,20.333333333333332
2731690,196302,1304,8273,2024-01-03,2.3333333333333335
2731693,204189,50272,8472,2024-01-03,3.6666666666666665
2731694,206787,16358,8518,2024-01-03,1.0
2731695,206952,33886,8523,2024-01-03,7.0
2731696,206964,1304,8525,2024-01-03,3.0
2731722,229521,1304,9185,2024-01-03,1.6666666666666667
2731863,201741,33886,8421,2024-01-03,5.0
2731867,207999,1370,8538,2024-01-03,4.333333333333333
2731877,214968,11262,8760,2024-01-03,2.3333333333333335
2731885,225276,1370,5083,2024-01-02,1.6666666666666667
2732006,160770,11262,7947,2024-01-03,7.0
2732007,176643,48574,8045,2024-01-03,1.6666666666666667
2732009,189045,48574,8154,2024-01-03,1.6666666666666667
2732014,194904,10652,4312,2024-01-02,20.333333333333332
2732017,197286,44302,8295,2024-01-03,3.6666666666666665
2732023,200964,50270,8395,2024-01-03,1.0
2732029,204189,1304,8472,2024-01-03,1.0
2732042,222204,33886,8938,2024-01-03,2.3333333333333335
2732102,61977,33886,7148,2024-01-03,5.0
2732190,179853,33886,8059,2024-01-03,1.6666666666666667
2732197,194904,56714,4312,2024-01-02,8.333333333333334
2732209,204189,16358,8472,2024-01-03,-2.3333333333333335
2732210,208500,33886,8555,2024-01-03,-1.6666666666666667
2732211,208500,1304,8555,2024-01-03,-3.0
2732219,222204,1370,8938,2024-01-03,1.6666666666666667
2732228,232614,11262,9307,2024-01-03,1.0
2732341,154275,1370,3931,2024-01-02,20.333333333333332
2732351,187806,50270,8138,2024-01-03,10.333333333333334
2732365,208758,1370,8570,2024-01-03,7.0
2732371,211383,60978,8633,2024-01-03,2.3333333333333335
2732506,160770,1304,7947,2024-01-03,5.666666666666667
2732525,207999,35732,8538,2024-01-03,1.6666666666666667
2732530,211140,10808,4715,2024-01-02,3.0
2732544,223728,42132,8977,2024-01-03,2.3333333333333335
2732553,232827,60978,5380,2024-01-02,1.6666666666666667
2732555,233163,35732,9323,2024-01-03,20.333333333333332
2732680,165183,1370,7962,2024-01-03,3.6666666666666665
2732703,213978,57804,8719,2024-01-03,1.0
2732710,217782,60978,8828,2024-01-03,-33.0
2732817,153756,1372,3925,2024-01-02,2.3333333333333335
2732821,161667,1372,4032,2024-01-02,1.0
2732822,171702,11262,7999,2024-01-03,2.3333333333333335
2732828,186078,1370,4181,2024-01-02,1.6666666666666667
2732831,197529,1370,8304,2024-01-03,3.6666666666666665
2732848,217782,46632,8828,2024-01-03,-6.333333333333333
2732854,222669,11262,8951,2024-01-03,20.333333333333332
2732855,222669,1304,8951,2024-01-03,2.3333333333333335
2732995,155085,1370,7872,2024-01-03,2.3333333333333335
2733000,186933,124,8125,2024-01-03,3.6666666666666665
2733021,206412,1304,8514,2024-01-03,3.6666666666666665
2733022,207240,16358,4620,2024-01-02,1.0
2733026,209994,60978,4682,2024-01-02,1.0
2733050,227664,1304,9112,2024-01-03,1.0
2733055,229521,46632,9185,2024-01-03,1.6666666666666667
2733056,229521,60978,9185,2024-01-03,23.666666666666668
2733167,165183,1372,7962,2024-01-03,1.6666666666666667
2733174,187806,44302,8138,2024-01-03,10.333333333333334
2733178,194790,1304,8233,2024-01-03,1.6666666666666667
2733185,203316,11262,4532,2024-01-02,3.6666666666666665
2733186,203439,48574,8463,2024-01-03,2.3333333333333335
2733188,206850,11262,8520,2024-01-03,10.333333333333334
2733205,227469,1304,9102,2024-01-03,1.6666666666666667
2733213,232614,1370,9307,2024-01-03,1.6666666666666667
2733328,179088,1304,2636,2024-01-01,-1.6666666666666667
2733334,196302,11262,8273,2024-01-03,11.666666666666666
2733342,203316,44302,4532,2024-01-02,1.6666666666666667
2733346,207999,1304,8538,2024-01-03,6.333333333333333
2733347,208758,1304,8570,2024-01-03,7.0
2733350,211527,36720,8639,2024-01-03,1.0
2733355,213978,60,8719,2024-01-03,1.6666666666666667
2733363,220632,35846,8894,2024-01-03,1.0
2733485,153303,11262,7859,2024-01-03,13.666666666666666
2733489,176403,11262,8042,2024-01-03,8.333333333333334
2733504,203724,50720,4536,2024-01-02,1.6666666666666667
2733523,227469,1372,9102,2024-01-03,2.3333333333333335
2733607,96444,11262,7515,2024-01-03,3.6666666666666665
2733664,176403,57804,8042,2024-01-03,6.333333333333333
2733680,204411,42132,8479,2024-01-03,7.0
2733684,213978,50274,8719,2024-01-03,1.0
2733690,220632,1370,8894,2024-01-03,4.333333333333333
2733850,198522,11262,8334,2024-01-03,1.0
2733862,220170,1304,8882,2024-01-03,2.3333333333333335
2733864,220632,60978,8894,2024-01-03,3.6666666666666665
2734002,179853,11262,8059,2024-01-03,1.0
2734005,187707,42132,8135,2024-01-03,2.3333333333333335
2734025,204189,36720,8472,2024-01-03,7.0
2734039,225276,56714,5083,2024-01-02,5.0
2734173,184698,1372,4164,2024-01-02,1.0
2734186,209154,1304,8579,2024-01-03,20.333333333333332
2734201,224787,30500,9006,2024-01-03,3.6666666666666665
2734214,234021,35732,9352,2024-01-03,7.0
2734273,77484,11262,3415,2024-01-02,13.666666666666666
2734333,154770,48574,7868,2024-01-03,-1.0
2734346,194883,48574,4311,2024-01-02,2.3333333333333335
2734354,204222,33886,4547,2024-01-02,3.6666666666666665
2734355,204375,1304,8478,2024-01-03,1.0
2734357,206952,10652,8523,2024-01-03,7.0
2734372,227469,48574,9102,2024-01-03,3.0
2734488,183468,11262,8087,2024-01-03,3.6666666666666665
2734505,203724,11262,4536,2024-01-02,7.0
2734507,206952,51974,8523,2024-01-03,1.0
2734509,213978,36720,8719,2024-01-03,1.6666666666666667
2734510,219048,1304,8849,2024-01-03,3.0
2734583,61908,1304,7145,2024-01-03,4.333333333333333
2734642,162984,48574,7955,2024-01-03,1.6666666666666667
2734659,204222,11262,4547,2024-01-02,3.6666666666666665
2734661,204375,16358,8478,2024-01-03,1.0
2734662,205191,60978,8492,2024-01-03,7.0
2734666,208692,11262,8564,2024-01-03,27.0
2734667,208758,50272,8570,2024-01-03,7.0
2734669,211527,11262,8639,2024-01-03,7.0
2734749,77484,10652,3415,2024-01-02,7.0
2734808,155085,30500,7872,2024-01-03,5.666666666666667
2734827,212337,30500,8667,2024-01-03,1.6666666666666667
2734837,215985,30500,8778,2024-01-03,1.6666666666666667
2734838,215985,30500,8778,2024-01-03,1.0
2734973,155085,10652,7872,2024-01-03,7.0
2734981,191232,1370,8183,2024-01-03,3.0
2734990,204189,60978,8472,2024-01-03,11.0
2734991,204222,48574,4547,2024-01-02,1.0
2734993,206787,11262,8518,2024-01-03,2.3333333333333335
2735009,222669,33886,8951,2024-01-03,7.0
2735061,64218,1370,7204,2024-01-03,2.3333333333333335
2735066,72117,30500,7372,2024-01-03,3.6666666666666665
2735118,161667,1304,4032,2024-01-02,1.6666666666666667
2735127,186933,33886,8125,2024-01-03,7.0
2735142,206847,1370,8519,2024-01-03,3.6666666666666665
2735143,208500,11262,8555,2024-01-03,-1.6666666666666667
2735144,208812,60978,8572,2024-01-03,7.0
2735146,209994,50720,4682,2024-01-02,1.0
2735158,224787,11262,9006,2024-01-03,7.0
2735165,227664,60978,9112,2024-01-03,3.6666666666666665
2735170,229539,50270,9187,2024-01-03,3.6666666666666665
2735179,234021,11262,9352,2024-01-03,3.6666666666666665
2735182,237057,1372,9436,2024-01-03,2.3333333333333335
2735291,155043,1372,7871,2024-01-03,1.0
2735310,208758,60978,8570,2024-01-03,20.333333333333332
2735475,161208,11262,7952,2024-01-03,2.3333333333333335
2735478,191256,35732,8184,2024-01-03,1.6666666666666667
2735489,203316,48574,4532,2024-01-02,1.6666666666666667
2735491,206850,1304,8520,2024-01-03,1.0
2735493,209184,60978,8580,2024-01-03,1.6666666666666667
2735496,211761,11262,8645,2024-01-03,1.0
2735508,219450,1370,8861,2024-01-03,2.3333333333333335
2735611,128502,33886,7756,2024-01-03,2.3333333333333335
2735668,205191,48574,8492,2024-01-03,1.0
2735682,227988,1304,9127,2024-01-03,1.6666666666666667
2735790,154869,1304,3933,2024-01-02,1.0
2735798,187707,10652,8135,2024-01-03,10.333333333333334
2735808,203724,30500,4536,2024-01-02,7.0
2735811,211527,60978,8639,2024-01-03,4.333333333333333
2735896,72117,1370,7372,2024-01-03,3.6666666666666665
2735957,164007,1370,7958,2024-01-03,1.0
2735959,176643,1304,8045,2024-01-03,2.3333333333333335
2735961,183213,10808,8084,2024-01-03,1.6666666666666667
2735973,204189,44302,8472,2024-01-03,3.6666666666666665
2735974,204189,1372,8472,2024-01-03,1.6666666666666667
2735975,208500,33886,8555,2024-01-03,2.3333333333333335
2736053,89013,50268,7484,2024-01-03,3.6666666666666665
2736056,96444,60978,7515,2024-01-03,3.0
2736147,224787,1304,9006,2024-01-03,9.666666666666666
2736276,197286,10652,8295,2024-01-03,1.6666666666666667
2736281,206427,11262,8515,2024-01-03,100.33333333333331
2736282,206952,39186,8523,2024-01-03,7.0
2736283,206952,1304,8523,2024-01-03,2.3333333333333335
2736284,208758,50270,8570,2024-01-03,7.0
2736301,222843,1304,8956,2024-01-03,2.3333333333333335
2736313,229539,50274,9187,2024-01-03,4.333333333333333
2736388,89013,1304,7484,2024-01-03,1.0
2736444,153888,56714,7866,2024-01-03,1.0
2736445,154881,11262,3934,2024-01-02,3.0
2736463,203724,50270,4536,2024-01-02,3.0
2736468,211989,48574,8656,2024-01-03,7.0
2736538,67335,1304,7261,2024-01-03,1.0
2736551,96444,56714,7515,2024-01-03,1.0
2736600,154869,1370,3933,2024-01-02,3.0
2736606,176403,1372,8042,2024-01-03,7.0
2736607,179496,1370,4129,2024-01-02,4.333333333333333
2736609,187806,39186,8138,2024-01-03,67.0
2736621,204189,60978,8472,2024-01-03,12.333333333333334
2736622,206856,11262,8521,2024-01-03,1.6666666666666667
2736623,209793,1372,8594,2024-01-03,1.6666666666666667
2736631,217782,46632,8828,2024-01-03,7.0
2736696,63690,11262,7189,2024-01-03,27.0
2736701,77484,35732,3415,2024-01-02,7.0
2736702,77484,39186,3415,2024-01-02,10.333333333333334
2736763,153756,11262,3925,2024-01-02,1.0
2736764,153882,1304,7864,2024-01-03,1.0
2736767,166599,11262,7966,2024-01-03,1.0
2736771,187806,11262,8138,2024-01-03,20.333333333333332
2736785,211140,36720,4715,2024-01-02,1.0
2736787,211761,11262,8645,2024-01-03,3.6666666666666665
2736788,212448,1304,8672,2024-01-03,1.6666666666666667
2736789,212748,46632,8679,2024-01-03,3.0
2736804,228741,1370,9153,2024-01-03,2.3333333333333335
2736914,165750,1370,7963,2024-01-03,12.333333333333334
2736915,172161,44302,8003,2024-01-03,3.6666666666666665
2736916,178458,1304,8050,2024-01-03,3.0
2736918,187806,46632,8138,2024-01-03,1.6666666666666667
2736919,187806,11262,8138,2024-01-03,33.666666666666664
2736928,203790,48574,8465,2024-01-03,1.0
2736930,204189,1304,8472,2024-01-03,-0.3333333333333333
2736954,227469,30500,9102,2024-01-03,1.6666666666666667
2736961,232827,30500,5380,2024-01-02,2.3333333333333335
2737014,72117,11262,7372,2024-01-03,7.0
2737071,183213,1370,8084,2024-01-03,13.666666666666666
2737073,187707,48574,8135,2024-01-03,2.3333333333333335
2737080,204189,50272,8472,2024-01-03,-3.0
2737081,209184,1370,8580,2024-01-03,1.6666666666666667
2737193,128502,44302,7756,2024-01-03,1.0
2737226,186078,48574,4181,2024-01-02,1.0
2737228,187806,124,8138,2024-01-03,7.0
2737235,194904,35732,4312,2024-01-02,33.666666666666664
2737237,196302,60978,8273,2024-01-03,1.0
2737252,206358,11262,8513,2024-01-03,7.666666666666667
2737254,209994,11262,4682,2024-01-02,2.3333333333333335
2737256,212448,60978,8672,2024-01-03,4.333333333333333
2737284,238887,1304,9493,2024-01-03,-0.3333333333333333
2737285,238887,1370,9493,2024-01-03,-1.6666666666666667
2737413,194904,50274,4312,2024-01-02,1.0
2737422,204189,42132,8472,2024-01-03,1.6666666666666667
2737423,204375,60978,8478,2024-01-03,2.3333333333333335
2737428,209793,60978,8594,2024-01-03,3.6666666666666665
2737498,61908,57804,7145,2024-01-03,1.0
2737578,171702,48574,7999,2024-01-03,1.0
2737581,186933,36720,8125,2024-01-03,3.0
2737582,186933,10808,8125,2024-01-03,1.6666666666666667
2737592,204222,1370,4547,2024-01-02,1.0
2737593,206952,57804,8523,2024-01-03,1.6666666666666667
2737679,96444,1370,7515,2024-01-03,2.3333333333333335
2737739,154275,1372,3931,2024-01-02,10.333333333333334
2737748,189045,60978,8154,2024-01-03,3.6666666666666665
2737761,208500,48574,8555,2024-01-03,3.6666666666666665
2737762,208794,16358,4652,2024-01-02,3.6666666666666665
2737903,153756,1370,3925,2024-01-02,17.0
2737904,153888,30500,7866,2024-01-03,1.6666666666666667
2737908,162984,30500,7955,2024-01-03,1.0
2737912,176403,56714,8042,2024-01-03,13.666666666666666
2737914,194388,11262,8224,2024-01-03,7.0
2737932,217620,1304,8822,2024-01-03,1.6666666666666667
2737956,238887,10652,9493,2024-01-03,1.0
2737998,61908,1370,7145,2024-01-03,4.333333333333333
2738060,160770,60978,7947,2024-01-03,5.0
2738065,186933,50272,8125,2024-01-03,1.6666666666666667
2738066,187962,35732,4206,2024-01-02,5.666666666666667
2738084,211527,39186,8639,2024-01-03,3.6666666666666665
2738085,212211,10652,8663,2024-01-03,5.0
2738232,183213,48574,8084,2024-01-03,10.333333333333334
2738233,183213,54864,8084,2024-01-03,1.0
2738246,206952,36720,8523,2024-01-03,7.0
2738247,206952,44302,8523,2024-01-03,1.6666666666666667
2738266,224787,39186,9006,2024-01-03,3.6666666666666665
2738335,96444,1372,7515,2024-01-03,1.6666666666666667
2738352,128502,1372,7756,2024-01-03,1.6666666666666667
2738396,176403,16358,8042,2024-01-03,5.0
2738408,203790,30500,8465,2024-01-03,1.6666666666666667
2738412,216948,50268,4867,2024-01-02,1.6666666666666667
2738425,226662,33886,9076,2024-01-03,7.0
2738427,227343,59822,9098,2024-01-03,1.0
2738540,154119,1370,7867,2024-01-03,1.0
2738546,191232,30500,8183,2024-01-03,11.0
2738553,203724,50272,4536,2024-01-02,1.6666666666666667
2738556,206772,35846,8516,2024-01-03,1.0
2738566,211989,1304,8656,2024-01-03,10.333333333333334
2738567,212211,30500,8663,2024-01-03,3.0
2738584,227664,48574,9112,2024-01-03,3.6666666666666665
2738591,232827,1370,5380,2024-01-02,3.6666666666666665
2738597,237057,11262,9436,2024-01-03,3.0
2738713,160770,1372,7947,2024-01-03,3.0
2738715,176403,42132,8042,2024-01-03,7.0
2738731,204411,10652,8479,2024-01-03,3.0
2738733,206358,1304,8513,2024-01-03,3.0
2738734,206955,30500,8524,2024-01-03,1.6666666666666667
2738736,207999,11262,8538,2024-01-03,6.333333333333333
2738737,208812,1370,8572,2024-01-03,20.333333333333332
2738738,209184,11262,8580,2024-01-03,1.0
2738739,211383,33886,8633,2024-01-03,3.6666666666666665
2738741,212211,16358,8663,2024-01-03,1.6666666666666667
2738751,225276,11262,5083,2024-01-02,1.6666666666666667
2738883,194388,46632,8224,2024-01-03,2.3333333333333335
2738906,212337,60978,8667,2024-01-03,1.6666666666666667
2738907,212586,48574,4755,2024-01-02,1.0
2740415,128502,1370,7756,2024-01-03,2.3333333333333335
2740520,194388,1370,8224,2024-01-03,5.666666666666667
2740557,217620,50268,8822,2024-01-03,2.3333333333333335
2740837,179088,1304,2636,2024-01-01,2.3333333333333335
2740840,183468,1372,8087,2024-01-03,1.0
2740842,184698,1304,4164,2024-01-02,1.0
2740855,203439,1370,8463,2024-01-03,5.666666666666667
2740876,225276,11262,5083,2024-01-02,7.0
2740877,225276,1304,5083,2024-01-02,5.666666666666667
2741019,160770,48574,7947,2024-01-03,1.6666666666666667
2741020,178458,10652,8050,2024-01-03,11.666666666666666
2741021,186933,50270,8125,2024-01-03,2.3333333333333335
2741032,203247,1370,8460,2024-01-03,2.3333333333333335
2741039,209994,48574,4682,2024-01-02,1.0
2741053,222843,11262,8956,2024-01-03,1.0
2741126,77484,1370,3415,2024-01-02,5.0
2741169,154869,1372,3933,2024-01-02,1.0
2741176,164007,48574,7958,2024-01-03,1.0
2741178,187707,35732,8135,2024-01-03,7.0
2741192,206955,11262,8524,2024-01-03,9.0
2741194,209073,11262,8578,2024-01-03,3.6666666666666665
2741196,212586,1372,4755,2024-01-02,1.0
2741208,227664,1370,9112,2024-01-03,1.0
2741283,72117,56714,7372,2024-01-03,3.0
2741309,128502,48574,7756,2024-01-03,1.6666666666666667
2741346,153756,56714,3925,2024-01-02,5.0
2741347,153882,1370,7864,2024-01-03,1.0
2741352,166599,11262,7966,2024-01-03,4.333333333333333
2741357,186933,30500,8125,2024-01-03,3.6666666666666665
2741358,187806,42132,8138,2024-01-03,7.0
2741359,187806,50272,8138,2024-01-03,7.0
2741374,212442,1304,8671,2024-01-03,10.333333333333334
2741375,212748,11262,8679,2024-01-03,13.666666666666666
2741384,222204,11262,8938,2024-01-03,1.0
2741394,229539,30500,9187,2024-01-03,7.0
2741520,153888,48574,7866,2024-01-03,1.0
2741521,154770,1304,7868,2024-01-03,1.6666666666666667
2741544,200964,33886,8395,2024-01-03,3.0
2741706,176577,1370,8044,2024-01-03,1.0
2741716,209793,1304,8594,2024-01-03,3.0
2741718,211383,48574,8633,2024-01-03,2.3333333333333335
2741747,229521,11262,9185,2024-01-03,10.333333333333334
2741801,67335,1372,7261,2024-01-03,1.0
2741881,174468,11262,8030,2024-01-03,33.666666666666664
2741898,217620,1370,8822,2024-01-03,2.3333333333333335
2741902,227343,1370,9098,2024-01-03,5.0
2741905,228741,1304,9153,2024-01-03,1.0
2741915,237057,1370,9436,2024-01-03,2.3333333333333335
2741963,63690,1304,7189,2024-01-03,18.333333333333332
2741970,72117,1372,7372,2024-01-03,3.6666666666666665
2742029,162984,11262,7955,2024-01-03,1.0
2742030,176643,1370,8045,2024-01-03,1.6666666666666667
2742033,186078,10652,4181,2024-01-02,1.6666666666666667
2742050,205191,30500,8492,2024-01-03,3.0
2742051,206955,16358,8524,2024-01-03,3.0
2742054,211527,1372,8639,2024-01-03,3.0
2742057,215985,33886,8778,2024-01-03,2.3333333333333335
2742224,189045,11262,8154,2024-01-03,7.0
2742231,203724,44302,4536,2024-01-02,1.6666666666666667
2742236,206427,1304,8515,2024-01-03,27.0
2742237,206784,30500,8517,2024-01-03,1.0
2742239,207999,48574,8538,2024-01-03,1.6666666666666667
2742256,227469,1370,9102,2024-01-03,2.3333333333333335
2742317,59700,42132,3156,2024-01-02,2.3333333333333335
2742413,219048,1370,8849,2024-01-03,2.3333333333333335
2742414,219450,16358,8861,2024-01-03,2.3333333333333335
2742564,219048,1372,8849,2024-01-03,5.0
2742573,226662,48574,9076,2024-01-03,3.6666666666666665
2742795,206784,33886,8517,2024-01-03,1.0
2742797,208794,1370,4652,2024-01-02,1.6666666666666667
2742973,64218,56714,7204,2024-01-03,1.0
2743104,155043,1370,7871,2024-01-03,1.0
2743114,179853,44302,8059,2024-01-03,1.0
2743117,183468,1304,8087,2024-01-03,1.0
2743123,187221,1304,8130,2024-01-03,1.0
2743142,204189,42132,8472,2024-01-03,-1.0
2743152,211638,11262,8643,2024-01-03,3.6666666666666665
2743424,155481,35732,3937,2024-01-02,1.6666666666666667
2743476,215298,48574,4832,2024-01-02,14.333333333333334
2743718,154881,1370,3934,2024-01-02,3.6666666666666665
2743720,155481,1304,3937,2024-01-02,1.6666666666666667
2743751,212442,30500,8671,2024-01-03,2.3333333333333335
2743907,96444,48574,7515,2024-01-03,2.3333333333333335
2744039,209793,51316,8594,2024-01-03,1.0
2744079,232455,1370,9297,2024-01-03,1.6666666666666667
2744289,179088,1372,2636,2024-01-01,2.3333333333333335
2744298,187806,48574,8138,2024-01-03,7.0
2744331,206772,1304,8516,2024-01-03,3.6666666666666665
2744348,223782,1304,8980,2024-01-03,2.3333333333333335
2744380,238887,1304,9493,2024-01-03,1.0
2744599,154770,1304,7868,2024-01-03,-1.0
2744607,166599,48574,7966,2024-01-03,1.0
2744611,179496,56714,4129,2024-01-02,3.6666666666666665
2744617,187797,1372,8137,2024-01-03,2.3333333333333335
2744625,196302,48574,8273,2024-01-03,1.0
2744635,200964,60978,8395,2024-01-03,3.0
2744642,203724,10652,4536,2024-01-02,2.3333333333333335
2744648,206952,35732,8523,2024-01-03,2.3333333333333335
2744650,206952,36722,8523,2024-01-03,1.6666666666666667
2744653,208500,1304,8555,2024-01-03,3.6666666666666665
2744906,153756,60978,3925,2024-01-02,7.0
2744910,160770,1370,7947,2024-01-03,1.6666666666666667
2744912,164871,1370,7960,2024-01-03,2.3333333333333335
2744918,172161,48574,8003,2024-01-03,7.0
2744923,187707,1370,8135,2024-01-03,4.333333333333333
2744925,187806,60978,8138,2024-01-03,5.666666666666667
2744931,197529,1304,8304,2024-01-03,3.6666666666666665
2744946,208812,1304,8572,2024-01-03,7.0
2744958,211812,1304,8650,2024-01-03,1.6666666666666667
2744987,222204,1304,8938,2024-01-03,1.0
2745012,232455,33886,9297,2024-01-03,3.6666666666666665
2745226,155481,60978,3937,2024-01-02,1.6666666666666667
2745241,178458,1372,8050,2024-01-03,3.0
2745263,201741,35732,8421,2024-01-03,1.6666666666666667
2745266,203724,1304,4536,2024-01-02,1.6666666666666667
2745270,206784,11262,8517,2024-01-03,1.6666666666666667
2745563,172161,1370,8003,2024-01-03,20.333333333333332
2745567,183213,1304,8084,2024-01-03,10.333333333333334
2745574,196302,30500,8273,2024-01-03,2.3333333333333335
2745576,196302,39186,8273,2024-01-03,1.6666666666666667
2745583,198867,1370,4409,2024-01-02,10.333333333333334
2745592,208758,48574,8570,2024-01-03,4.333333333333333
2745597,212448,30500,8672,2024-01-03,7.0
2745626,225747,11262,9046,2024-01-03,2.3333333333333335
2745630,227343,1372,9098,2024-01-03,2.3333333333333335
2745752,77484,56714,3415,2024-01-02,3.0
2745765,96444,33886,7515,2024-01-03,2.3333333333333335
2745968,25743,56714,7028,2024-01-03,3.0
2746170,166356,11262,7965,2024-01-03,27.0
2746179,187797,48574,8137,2024-01-03,3.0
2746183,191256,1370,8184,2024-01-03,1.0
2746197,207240,1304,4620,2024-01-02,1.0
2746200,207999,11262,8538,2024-01-03,11.0
2746204,209637,1304,8591,2024-01-03,3.0
2746262,231459,1304,5320,2024-01-02,1.6666666666666667
2746267,232827,56714,5380,2024-01-02,2.3333333333333335
2746379,75723,35732,7405,2024-01-03,3.0
2746487,164871,44302,7960,2024-01-03,1.0
2746516,203274,1370,8462,2024-01-03,2.3333333333333335
2746525,206412,30500,8514,2024-01-03,2.3333333333333335
2746527,206952,42132,8523,2024-01-03,2.3333333333333335
2746529,206952,60978,8523,2024-01-03,3.6666666666666665
2746537,211761,60978,8645,2024-01-03,1.0
2746539,211761,1370,8645,2024-01-03,1.6666666666666667
2746858,179496,1304,4129,2024-01-02,3.6666666666666665
2746864,183576,1370,8092,2024-01-03,1.0
2746869,191232,1304,8183,2024-01-03,4.333333333333333
2746894,200964,10652,8395,2024-01-03,3.0
2746899,203724,35732,4536,2024-01-02,2.3333333333333335
2746933,225747,60978,9046,2024-01-03,1.6666666666666667
2746971,25743,11262,7028,2024-01-03,7.0
2747201,203445,1370,8464,2024-01-03,4.333333333333333
2747203,203724,48574,4536,2024-01-02,1.6666666666666667
2747205,206784,1304,8517,2024-01-03,2.3333333333333335
2747207,206847,11262,8519,2024-01-03,4.333333333333333
2747209,208758,33886,8570,2024-01-03,10.333333333333334
2747215,212586,39186,4755,2024-01-02,1.0
2747250,224787,60978,9006,2024-01-03,3.6666666666666665
2747353,64218,11262,7204,2024-01-03,1.6666666666666667
2747463,154119,39186,7867,2024-01-03,1.6666666666666667
2747470,174468,30500,8030,2024-01-03,33.666666666666664
2747472,179088,1372,2636,2024-01-01,-1.6666666666666667
2747474,187806,50268,8138,2024-01-03,1.6666666666666667
2747476,187806,57804,8138,2024-01-03,7.666666666666667
2747511,214968,1370,8760,2024-01-03,5.0
2747547,231459,16358,5320,2024-01-02,1.6666666666666667
2747549,233163,50268,9323,2024-01-03,27.0
2747777,176403,10808,8042,2024-01-03,6.333333333333333
2747779,178458,50270,8050,2024-01-03,1.6666666666666667
2747781,187707,1372,8135,2024-01-03,4.333333333333333
2748061,154770,48574,7868,2024-01-03,1.6666666666666667
2748067,164007,1304,7958,2024-01-03,1.6666666666666667
2748071,176403,1304,8042,2024-01-03,7.0
2748073,178458,1370,8050,2024-01-03,3.0
2748084,186933,3382,8125,2024-01-03,3.6666666666666665
2748106,203724,50274,4536,2024-01-02,1.6666666666666667
2748108,207618,1372,8533,2024-01-03,1.0
2748130,224787,48574,9006,2024-01-03,1.6666666666666667
2748146,229521,48574,9185,2024-01-03,3.6666666666666665
2748231,61977,11262,7148,2024-01-03,17.0
2748243,72117,39186,7372,2024-01-03,7.0
2748365,153756,48574,3925,2024-01-02,1.6666666666666667
2748367,154119,10652,7867,2024-01-03,1.6666666666666667
2748369,154881,60978,3934,2024-01-02,2.3333333333333335
2748374,167364,60978,7973,2024-01-03,4.333333333333333
2748392,194904,30500,4312,2024-01-02,33.666666666666664
2748406,206868,1372,8522,2024-01-03,3.6666666666666665
2748435,227343,30500,9098,2024-01-03,3.6666666666666665
2748636,167364,35732,7973,2024-01-03,3.0
2748639,172161,1304,8003,2024-01-03,20.333333333333332
2748641,174468,56714,8030,2024-01-03,3.6666666666666665
2748659,200964,30500,8395,2024-01-03,1.6666666666666667
2748677,209184,11262,8580,2024-01-03,2.3333333333333335
2748683,212448,1372,8672,2024-01-03,1.0
2748699,217782,60978,8828,2024-01-03,33.666666666666664
2748702,223728,11262,8977,2024-01-03,1.6666666666666667
2748714,229539,39186,9187,2024-01-03,47.0
3159603,197673,11262,2679,2024-01-01,7.0
3159613,206346,48574,4597,2024-01-02,4.333333333333333
3159619,208524,48574,4642,2024-01-02,1.6666666666666667
3159763,66378,56714,7240,2024-01-03,3.6666666666666665
3159778,88920,1370,3480,2024-01-02,1.6666666666666667
3159848,184710,1304,4165,2024-01-02,2.3333333333333335
3159861,198882,60978,4410,2024-01-02,13.666666666666666
3159871,206376,50274,4598,2024-01-02,1.0
3159873,208806,60978,4653,2024-01-02,8.333333333333334
3159879,210114,1304,4683,2024-01-02,7.0
3159903,222438,60978,4997,2024-01-02,2.3333333333333335
3159906,225393,10652,5089,2024-01-02,7.0
3159912,230010,1370,2801,2024-01-01,4.333333333333333
3160026,153303,1370,3923,2024-01-02,17.0
3160035,187101,1372,4189,2024-01-02,7.0
3160045,194229,10652,4298,2024-01-02,13.666666666666666
3160076,205662,56714,4586,2024-01-02,1.6666666666666667
3160078,206346,60978,4597,2024-01-02,10.333333333333334
3160082,206823,1370,4610,2024-01-02,1.0
3160086,208872,56714,4655,2024-01-02,10.333333333333334
3160094,212721,48574,4759,2024-01-02,1.0
3160115,226662,1370,5132,2024-01-02,27.0
3160258,140277,1304,3862,2024-01-02,1.0
3160270,160029,1304,2629,2024-01-01,1.6666666666666667
3160289,192618,1304,2652,2024-01-01,1.6666666666666667
3160324,203829,11262,4538,2024-01-02,2.3333333333333335
3160328,205659,56714,4585,2024-01-02,1.0
3160332,208893,60978,4656,2024-01-02,4.333333333333333
3160338,210678,48574,4701,2024-01-02,1.0
3160353,226662,56714,5132,2024-01-02,3.6666666666666665
3160393,238263,48574,2841,2024-01-01,2.3333333333333335
3160395,238263,10652,2841,2024-01-01,1.0
3160505,154041,56714,3929,2024-01-02,1.6666666666666667
3160538,203268,48574,2704,2024-01-01,2.3333333333333335
3160544,206418,11262,2710,2024-01-01,7.0
3160548,206748,11262,4608,2024-01-02,224.33333333333337
3160550,208488,1304,4640,2024-01-02,13.666666666666666
3160552,210876,60978,4708,2024-01-02,1.6666666666666667
3160555,211950,30500,4741,2024-01-02,2.3333333333333335
3160557,211965,60978,4742,2024-01-02,7.0
3160588,230010,60978,2801,2024-01-01,2.3333333333333335
3160767,198882,50268,4410,2024-01-02,13.666666666666666
3160787,206433,39186,4601,2024-01-02,1.6666666666666667
3160789,206664,1304,4604,2024-01-02,4.333333333333333
3160791,206673,11262,4607,2024-01-02,2.3333333333333335
3160796,208554,1304,4646,2024-01-02,5.0
3160798,208599,1304,2715,2024-01-01,40.333333333333336
3160801,210876,1370,4708,2024-01-02,3.0
3160803,211527,39186,4727,2024-01-02,3.6666666666666665
3160813,219021,50720,4906,2024-01-02,1.0
3160847,232029,48574,5346,2024-01-02,3.0
3160942,72558,56714,3389,2024-01-02,1.0
3160986,153288,56714,3922,2024-01-02,1.6666666666666667
3161015,196845,42132,4360,2024-01-02,1.6666666666666667
3161019,197529,1304,2677,2024-01-01,3.6666666666666665
3161049,211473,48574,4725,2024-01-02,3.0
3161069,223968,1370,5036,2024-01-02,1.0
3161076,228729,56714,2795,2024-01-01,2.3333333333333335
3161160,65640,48574,3247,2024-01-02,3.6666666666666665
3161225,154011,30500,3927,2024-01-02,4.333333333333333
3161268,203295,1304,2705,2024-01-01,1.6666666666666667
3161270,204657,56714,4554,2024-01-02,5.0
3161274,206433,11262,4601,2024-01-02,5.666666666666667
3161276,206799,1372,4609,2024-01-02,1.0
3161283,210876,48574,4708,2024-01-02,2.3333333333333335
3161289,213114,1304,2724,2024-01-01,10.333333333333334
3161426,88920,11262,3480,2024-01-02,3.6666666666666665
3161474,154011,56714,3927,2024-01-02,2.3333333333333335
3161489,192771,1304,4267,2024-01-02,4.333333333333333
3161501,196722,1370,4358,2024-01-02,1.6666666666666667
3161512,204144,1370,4543,2024-01-02,1.6666666666666667
3161514,207600,1370,4626,2024-01-02,3.0
3161516,208617,30500,4648,2024-01-02,3.0
3161518,208821,60978,4654,2024-01-02,1.0
3161522,211524,56714,4726,2024-01-02,3.6666666666666665
3161524,211950,48574,4741,2024-01-02,1.6666666666666667
3161554,227310,50270,5149,2024-01-02,3.6666666666666665
3161579,238068,10652,2840,2024-01-01,3.0
3161703,153288,1370,3922,2024-01-02,1.0
3161705,153303,60978,3923,2024-01-02,7.0
3161715,184710,30500,4165,2024-01-02,1.0
3161719,192714,1370,4265,2024-01-02,15.0
3161738,203517,60978,4534,2024-01-02,20.333333333333332
3161740,204144,11262,4543,2024-01-02,10.333333333333334
3161742,208476,30500,4638,2024-01-02,1.6666666666666667
3161781,228060,1370,5168,2024-01-02,1.6666666666666667
3161877,61977,1304,2545,2024-01-01,1.6666666666666667
3161979,208485,60978,4639,2024-01-02,1.6666666666666667
3161984,210141,60978,4688,2024-01-02,3.6666666666666665
3161986,210876,30500,4708,2024-01-02,1.6666666666666667
3162020,225393,46632,5089,2024-01-02,2.3333333333333335
3162125,65637,10652,3246,2024-01-02,1.6666666666666667
3162192,167451,1370,4063,2024-01-02,3.6666666666666665
3162196,178257,56714,4119,2024-01-02,1.6666666666666667
3162205,187839,1304,4204,2024-01-02,1.6666666666666667
3162228,206406,1370,4599,2024-01-02,3.6666666666666665
3162230,206667,56714,4605,2024-01-02,2.3333333333333335
3162232,208533,33886,4643,2024-01-02,1.6666666666666667
3162258,222306,1304,4992,2024-01-02,3.6666666666666665
3162266,225393,42132,5089,2024-01-02,4.333333333333333
3162268,225393,48574,5089,2024-01-02,3.6666666666666665
3162293,232029,1372,5346,2024-01-02,2.3333333333333335
3162389,88920,35732,3480,2024-01-02,5.666666666666667
3162441,197799,1304,2680,2024-01-01,1.0
3162452,203145,60978,4529,2024-01-02,4.333333333333333
3162456,206670,11262,4606,2024-01-02,7.0
3162466,210876,56714,4708,2024-01-02,1.0
3162468,212745,16358,4760,2024-01-02,1.6666666666666667
3162596,96138,48574,3522,2024-01-02,1.6666666666666667
3162626,128469,1304,3820,2024-01-02,2.3333333333333335
3162647,153303,1372,3923,2024-01-02,9.0
3162653,165744,16358,4054,2024-01-02,4.333333333333333
3162655,175899,1370,4110,2024-01-02,2.3333333333333335
3162661,187734,1370,4199,2024-01-02,4.333333333333333
3162681,203256,35732,4531,2024-01-02,5.0
3162683,204657,60978,4554,2024-01-02,3.6666666666666665
3162692,206799,42132,4609,2024-01-02,1.0
3162699,212721,50270,4759,2024-01-02,3.6666666666666665
3162717,222438,10652,4997,2024-01-02,4.333333333333333
3162731,232269,56714,5355,2024-01-02,3.0
3162852,163131,1304,4043,2024-01-02,1.0
3162869,192564,48574,4263,2024-01-02,1.6666666666666667
3162870,193323,46632,2656,2024-01-01,1.0
3162886,197673,30500,2679,2024-01-01,4.333333333333333
3162890,201564,30500,2697,2024-01-01,2.3333333333333335
3162899,206346,11262,4597,2024-01-02,37.666666666666664
3162901,206748,10652,4608,2024-01-02,20.333333333333332
3162904,208599,48574,2715,2024-01-01,10.333333333333334
3162906,209697,56714,4672,2024-01-02,1.0
3163097,157767,1304,2622,2024-01-01,7.0
3163114,186174,1370,4183,2024-01-02,6.333333333333333
3163133,201564,10652,2697,2024-01-01,1.6666666666666667
3163135,203532,11262,4535,2024-01-02,5.0
3163139,207087,39186,4618,2024-01-02,7.0
3163142,208872,1370,4655,2024-01-02,7.0
3163145,209622,56714,4671,2024-01-02,1.6666666666666667
3163178,228729,35732,2795,2024-01-01,1.6666666666666667
3164041,59700,60978,3156,2024-01-02,1.6666666666666667
3164049,72558,1370,3389,2024-01-02,3.0
3164130,197286,11262,2676,2024-01-01,4.333333333333333
3164143,205659,16358,4585,2024-01-02,3.0
3164145,206376,10652,4598,2024-01-02,7.0
3164147,208599,11262,2715,2024-01-01,2.3333333333333335
3164149,208617,50270,4648,2024-01-02,1.0
3164367,206433,33886,4601,2024-01-02,3.0
3164368,208485,1304,4639,2024-01-02,1.0
3164370,208491,1304,4641,2024-01-02,6.333333333333333
3164496,72558,60978,3389,2024-01-02,4.333333333333333
3164505,88920,1372,3480,2024-01-02,1.0
3164543,188730,39186,4216,2024-01-02,2.3333333333333335
3164570,203142,1370,4528,2024-01-02,27.0
3164572,203517,1304,4534,2024-01-02,1.6666666666666667
3164574,205659,50268,4585,2024-01-02,1.0
3164604,222306,60978,4992,2024-01-02,3.6666666666666665
3164605,222669,10808,5008,2024-01-02,3.0
3164606,223968,30500,5036,2024-01-02,1.0
3164699,61344,1304,3170,2024-01-02,13.666666666666666
3164703,62817,50268,3197,2024-01-02,7.0
3164705,62817,56714,3197,2024-01-02,11.0
3164714,65631,1304,3245,2024-01-02,5.0
3164766,176643,48574,4112,2024-01-02,1.6666666666666667
3164777,188730,11262,4216,2024-01-02,3.6666666666666665
3164784,192771,46632,4267,2024-01-02,1.0
3164801,196845,1372,4360,2024-01-02,3.0
3164820,207129,1304,4619,2024-01-02,3.0
3164824,208524,57804,4642,2024-01-02,1.6666666666666667
3164853,223968,56714,5036,2024-01-02,1.0
3164971,65631,10652,3245,2024-01-02,1.6666666666666667
3165030,163101,10652,4041,2024-01-02,3.6666666666666665
3165031,163131,56714,4043,2024-01-02,8.333333333333334
3165076,207339,60978,4621,2024-01-02,20.333333333333332
3165078,208491,56714,4641,2024-01-02,2.3333333333333335
3165108,222438,11262,4997,2024-01-02,3.6666666666666665
3165113,225393,1372,5089,2024-01-02,6.333333333333333
3165228,59700,1304,3156,2024-01-02,1.6666666666666667
3165261,129081,16358,3834,2024-01-02,2.3333333333333335
3165299,194229,60978,4298,2024-01-02,27.0
3165317,206667,1304,4605,2024-01-02,8.333333333333334
3165319,206748,1372,4608,2024-01-02,13.666666666666666
3165321,206847,1370,4611,2024-01-02,3.6666666666666665
3165324,208485,56714,4639,2024-01-02,3.0
3165330,211473,11262,4725,2024-01-02,3.6666666666666665
3165359,227829,11262,5160,2024-01-02,10.333333333333334
3165433,61692,33886,3176,2024-01-02,13.666666666666666
3165494,153645,1370,3924,2024-01-02,2.3333333333333335
3165504,186174,42132,4183,2024-01-02,3.6666666666666665
3165513,192159,48574,4255,2024-01-02,3.0
3165548,203256,30500,4531,2024-01-02,4.333333333333333
3165554,206406,60978,4599,2024-01-02,3.6666666666666665
3165558,208899,11262,4657,2024-01-02,1.0
3165568,212775,1370,4762,2024-01-02,1.0
3165724,128901,1304,2615,2024-01-01,3.6666666666666665
3165771,194229,16358,4298,2024-01-02,4.333333333333333
3165773,194229,56714,4298,2024-01-02,8.333333333333334
3165775,194229,57804,4298,2024-01-02,1.6666666666666667
3165792,206433,56714,4601,2024-01-02,2.3333333333333335
3165793,207387,1372,4622,2024-01-02,1.0
3165795,208893,33886,4656,2024-01-02,2.3333333333333335
3165799,211524,1370,4726,2024-01-02,7.0
3165835,225393,39186,5089,2024-01-02,10.333333333333334
3165837,225393,11262,5089,2024-01-02,40.333333333333336
3165859,232404,1370,5362,2024-01-02,1.6666666666666667
3166002,187101,50270,4189,2024-01-02,7.0
3166004,187734,48574,4199,2024-01-02,1.6666666666666667
3166006,188730,1304,4216,2024-01-02,3.6666666666666665
3166008,188730,11262,4216,2024-01-02,7.666666666666667
3166015,192159,56714,4255,2024-01-02,4.333333333333333
3166026,196311,33886,4351,2024-01-02,10.333333333333334
3166050,203268,50270,2704,2024-01-01,1.6666666666666667
3166054,207387,33886,4622,2024-01-02,1.6666666666666667
3166057,209622,1370,4671,2024-01-02,3.6666666666666665
3166059,209697,1304,4672,2024-01-02,1.0
3166065,210678,48574,4701,2024-01-02,-0.3333333333333333
3166069,212301,11262,4750,2024-01-02,7.0
3166071,212469,35732,4752,2024-01-02,10.333333333333334
3166073,212721,1372,4759,2024-01-02,1.6666666666666667
3166084,219132,1304,2746,2024-01-01,3.6666666666666665
3166094,222306,11262,4992,2024-01-02,7.0
3166210,60882,30500,3161,2024-01-02,2.3333333333333335
3166311,194229,33886,4298,2024-01-02,10.333333333333334
3166328,205905,33886,4590,2024-01-02,1.6666666666666667
3166330,206823,30500,4610,2024-01-02,1.6666666666666667
3166331,206991,42132,4615,2024-01-02,1.0
3166333,207993,1370,4634,2024-01-02,1.6666666666666667
3166377,230010,30500,2801,2024-01-01,3.0
3166380,232269,1372,5355,2024-01-02,3.0
3166481,62817,10652,3197,2024-01-02,20.333333333333332
3166566,154011,11262,3927,2024-01-02,4.333333333333333
3166568,154068,1304,3930,2024-01-02,3.6666666666666665
3166575,162795,1370,4039,2024-01-02,1.0
3166577,163101,1372,4041,2024-01-02,5.666666666666667
3166608,208545,30500,4645,2024-01-02,1.6666666666666667
3166610,210141,1372,4688,2024-01-02,1.6666666666666667
3166634,226662,60978,5132,2024-01-02,7.0
3166641,230286,48574,5277,2024-01-02,1.6666666666666667
3166719,66378,60978,3260,2024-01-02,10.333333333333334
3166824,194229,11262,4298,2024-01-02,10.333333333333334
3166846,205662,1304,4586,2024-01-02,7.0
3166851,206667,48574,4605,2024-01-02,1.6666666666666667
3166886,222306,48574,4992,2024-01-02,1.0
3166887,222438,30500,4997,2024-01-02,4.333333333333333
3166901,225393,30500,5089,2024-01-02,27.0
3166916,232029,56714,5346,2024-01-02,3.0
3166918,232035,1304,5347,2024-01-02,3.6666666666666665
3167011,72645,1304,3393,2024-01-02,1.0
3167067,154476,1370,2620,2024-01-01,5.0
3167075,163131,1370,4043,2024-01-02,1.6666666666666667
3167087,186882,16358,2645,2024-01-01,5.666666666666667
3167089,187101,11262,4189,2024-01-02,33.666666666666664
3167113,203256,42132,4531,2024-01-02,1.6666666666666667
3167115,204657,1370,4554,2024-01-02,3.0
3167119,206406,48574,4599,2024-01-02,3.6666666666666665
3167120,208539,56714,4644,2024-01-02,1.0
3167248,65640,56714,3247,2024-01-02,1.0
3167285,128538,50270,3821,2024-01-02,1.0
3167323,186987,1304,4187,2024-01-02,10.333333333333334
3167335,195723,1370,2665,2024-01-01,4.333333333333333
3167348,204657,30500,4554,2024-01-02,3.6666666666666665
3167350,207390,60978,2712,2024-01-01,3.6666666666666665
3167352,208053,11262,4635,2024-01-02,7.0
3167354,208488,56714,4640,2024-01-02,1.0
3167358,210678,48574,8615,2024-01-03,1.0
3167363,211950,1304,4741,2024-01-02,2.3333333333333335
3167365,211950,1372,4741,2024-01-02,1.6666666666666667
3167384,228060,56714,5168,2024-01-02,3.6666666666666665
3167469,66378,50270,3260,2024-01-02,3.0
3167481,72645,48574,3393,2024-01-02,1.0
3167488,96138,11262,3522,2024-01-02,2.3333333333333335
3167543,163131,50270,4043,2024-01-02,1.0
3167581,208485,33886,4639,2024-01-02,3.0
3167583,208893,11262,4656,2024-01-02,4.333333333333333
3167619,232269,50270,5355,2024-01-02,2.3333333333333335
3167629,238263,30500,2841,2024-01-01,2.3333333333333335
3167754,157938,30500,3961,2024-01-02,1.0
3167763,163131,48574,4043,2024-01-02,1.6666666666666667
3167773,188637,11262,4215,2024-01-02,1.0
3167787,197286,11262,2676,2024-01-01,2.3333333333333335
3167797,206847,16358,4611,2024-01-02,3.6666666666666665
3167798,206988,60978,4614,2024-01-02,1.6666666666666667
3167800,208599,1304,4647,2024-01-02,27.0
3167803,208821,1304,4654,2024-01-02,2.3333333333333335
3167805,209094,1372,4658,2024-01-02,8.333333333333334
3169017,186378,30500,2642,2024-01-01,1.6666666666666667
3169023,192159,1370,4255,2024-01-02,3.6666666666666665
3169027,192549,50274,4262,2024-01-02,1.6666666666666667
3169031,194229,50270,4298,2024-01-02,4.333333333333333
3169047,206988,1372,4614,2024-01-02,1.0
3169051,208488,33886,4640,2024-01-02,3.6666666666666665
3169056,209697,1370,4672,2024-01-02,1.6666666666666667
3169076,216366,35732,4852,2024-01-02,2.3333333333333335
3169079,219021,10652,4906,2024-01-02,1.6666666666666667
3169263,163101,48574,4041,2024-01-02,5.666666666666667
3169288,204795,48574,4560,2024-01-02,3.6666666666666665
3169290,206406,1304,4599,2024-01-02,7.0
3169291,208053,1304,4635,2024-01-02,3.0
3169292,210678,1370,8615,2024-01-03,3.0
3169293,212301,1372,4750,2024-01-02,1.6666666666666667
3169311,228060,1304,5168,2024-01-02,1.0
3169390,162795,1304,4039,2024-01-02,1.0
3169391,163131,30500,4043,2024-01-02,1.0
3169392,166362,1304,4059,2024-01-02,1.6666666666666667
3169393,172161,1370,4085,2024-01-02,20.333333333333332
3169406,197286,33886,2676,2024-01-01,3.6666666666666665
3169407,198882,11262,4410,2024-01-02,2.3333333333333335
3169416,206670,1304,4606,2024-01-02,2.3333333333333335
3169418,207387,11262,4622,2024-01-02,2.3333333333333335
3169419,208524,30500,4642,2024-01-02,13.666666666666666
3169420,208524,11262,4642,2024-01-02,2.3333333333333335
3169422,210141,30500,4688,2024-01-02,4.333333333333333
3169424,212721,57804,4759,2024-01-02,1.0
3169425,212745,1304,4760,2024-01-02,1.0
3169430,219021,56714,4906,2024-01-02,1.0
3169518,154068,1370,3930,2024-01-02,6.333333333333333
3169523,165762,56714,4055,2024-01-02,7.0
3169524,165762,1370,4055,2024-01-02,4.333333333333333
3169526,186177,1370,4184,2024-01-02,17.0
3169544,201798,11262,4489,2024-01-02,1.6666666666666667
3169545,203322,60978,4533,2024-01-02,1.6666666666666667
3169546,205659,1370,4585,2024-01-02,1.6666666666666667
3169547,206346,56714,4597,2024-01-02,3.6666666666666665
3169569,238887,1304,5591,2024-01-02,1.0
3169604,61692,48298,3176,2024-01-02,3.6666666666666665
3169605,65631,11262,3245,2024-01-02,3.6666666666666665
3169638,154041,48574,3929,2024-01-02,1.6666666666666667
3169644,162795,1370,4039,2024-01-02,-0.3333333333333333
3169654,195378,1304,4327,2024-01-02,1.0
3169659,196311,11262,4351,2024-01-02,10.333333333333334
3169660,197286,50272,2676,2024-01-01,1.0
3169668,203532,56714,4535,2024-01-02,1.6666666666666667
3169669,204144,56714,4543,2024-01-02,1.6666666666666667
3169671,206868,48574,4612,2024-01-02,3.0
3169672,208491,60978,4641,2024-01-02,3.6666666666666665
3169673,208617,1304,4648,2024-01-02,1.0
3169679,212721,56714,4759,2024-01-02,2.3333333333333335
3169699,230010,11262,2801,2024-01-01,3.6666666666666665
3169704,234297,1370,5431,2024-01-02,1.6666666666666667
3169766,154041,1370,3929,2024-01-02,2.3333333333333335
3169767,164457,1370,2633,2024-01-01,3.6666666666666665
3169768,186174,50268,4183,2024-01-02,7.0
3169773,196455,48574,2670,2024-01-01,2.3333333333333335
3169774,197286,54864,2676,2024-01-01,1.0
3169777,202818,56714,4524,2024-01-02,1.0
3169778,203256,1304,4531,2024-01-02,7.0
3169780,206376,56714,4598,2024-01-02,2.3333333333333335
3169781,207084,1304,4617,2024-01-02,3.0
3169782,207600,33886,4626,2024-01-02,1.6666666666666667
3169784,211641,56714,4732,2024-01-02,3.0
3169787,216366,48298,4852,2024-01-02,1.0
3169844,65640,11262,3247,2024-01-02,3.6666666666666665
3169845,65640,1370,3247,2024-01-02,20.333333333333332
3169876,157767,56714,2622,2024-01-01,5.0
3169906,206376,60978,4598,2024-01-02,7.0
3169907,206748,56714,4608,2024-01-02,13.666666666666666
3169909,209622,1304,4671,2024-01-02,2.3333333333333335
3169912,213114,60978,2724,2024-01-01,3.0
3169978,128538,56714,3821,2024-01-02,1.6666666666666667
3170003,181101,11262,4139,2024-01-02,224.33333333333337
3170007,188637,1370,4215,2024-01-02,1.6666666666666667
3170012,195378,39186,4327,2024-01-02,2.3333333333333335
3170024,204795,1372,4560,2024-01-02,1.6666666666666667
3170028,206673,30500,4607,2024-01-02,1.0
3170031,208491,33886,4641,2024-01-02,3.6666666666666665
3170032,208599,1370,4647,2024-01-02,10.333333333333334
3170040,217848,1370,4892,2024-01-02,3.0
3170118,164337,11262,4048,2024-01-02,7.0
3170121,192771,30500,4267,2024-01-02,8.333333333333334
3170122,192771,48574,4267,2024-01-02,1.0
3170126,196845,1370,4360,2024-01-02,5.0
3170132,203142,48574,4528,2024-01-02,2.3333333333333335
3170136,208476,56714,4638,2024-01-02,1.0
3170137,208488,48574,4640,2024-01-02,7.0
3170154,222306,10652,4992,2024-01-02,2.3333333333333335
3170155,228060,1372,5168,2024-01-02,1.0
3170163,234297,56714,5431,2024-01-02,4.333333333333333
3170233,129081,11262,3834,2024-01-02,7.0
3170248,193323,30500,2656,2024-01-01,5.0
3170263,206412,42132,4600,2024-01-02,5.666666666666667
3170264,206748,50272,4608,2024-01-02,1.6666666666666667
3170267,212775,1304,4762,2024-01-02,1.6666666666666667
3170272,220728,56714,4951,2024-01-02,3.6666666666666665
3170274,222669,39186,5008,2024-01-02,5.666666666666667
3170278,226662,33886,5132,2024-01-02,7.0
3170281,230286,56714,5277,2024-01-02,1.0
3170325,61977,30500,2545,2024-01-01,1.0
3170358,178257,1304,4119,2024-01-02,5.666666666666667
3170359,186174,33886,4183,2024-01-02,7.0
3170360,188730,56714,4216,2024-01-02,5.666666666666667
3170374,206406,33886,4599,2024-01-02,10.333333333333334
3170375,206664,48574,4604,2024-01-02,1.0
3170377,208599,48574,4647,2024-01-02,10.333333333333334
3170378,208899,1304,4657,2024-01-02,1.6666666666666667
3170386,222438,56714,4997,2024-01-02,3.0
3170395,230028,11262,5266,2024-01-02,3.6666666666666665
3170434,61824,1372,3179,2024-01-02,2.3333333333333335
3170436,62817,1372,3197,2024-01-02,3.6666666666666665
3170440,66378,50270,3260,2024-01-02,-2.3333333333333335
3170470,154068,11262,3930,2024-01-02,4.333333333333333
3170475,179790,35732,4131,2024-01-02,1.0
3170476,179790,1304,4131,2024-01-02,1.0
3170480,192771,33886,4267,2024-01-02,4.333333333333333
3170482,194229,1304,4298,2024-01-02,7.0
3170488,197799,1370,2680,2024-01-01,6.333333333333333
3170494,204780,60978,4559,2024-01-02,3.6666666666666665
3170495,206748,57804,4608,2024-01-02,2.3333333333333335
3170496,207078,11262,4616,2024-01-02,7.0
3170497,208599,1370,2715,2024-01-01,10.333333333333334
3170511,219132,1370,2746,2024-01-01,4.333333333333333
3170535,238068,1370,2840,2024-01-01,1.6666666666666667
3170661,186942,1372,2646,2024-01-01,1.6666666666666667
3170684,203256,11262,4531,2024-01-02,8.333333333333334
3170687,204768,1304,4558,2024-01-02,10.333333333333334
3170691,206433,30500,4601,2024-01-02,2.3333333333333335
3170692,207600,60978,4626,2024-01-02,1.0
3170694,208617,1372,4648,2024-01-02,1.0
3170862,157767,48574,2622,2024-01-01,3.6666666666666665
3170868,163101,56714,4041,2024-01-02,3.0
3170912,203199,1304,4530,2024-01-02,1.0
3170914,203256,60978,4531,2024-01-02,7.0
3170919,207339,1372,4621,2024-01-02,1.6666666666666667
3170923,210114,50272,4683,2024-01-02,1.0
3170949,222669,11262,5008,2024-01-02,13.666666666666666
3170971,232035,48574,5347,2024-01-02,1.6666666666666667
3171035,62817,30500,3197,2024-01-02,13.666666666666666
3171060,96138,1370,3522,2024-01-02,3.0
3171108,162795,1304,4039,2024-01-02,-0.3333333333333333
3171110,165762,10808,4055,2024-01-02,1.0
3171124,192714,48574,4265,2024-01-02,3.6666666666666665
3171160,203145,1370,4529,2024-01-02,7.0
3171162,204780,33886,4559,2024-01-02,3.6666666666666665
3171171,212721,1304,4759,2024-01-02,3.6666666666666665
3171173,213114,56714,2724,2024-01-01,1.6666666666666667
3171226,232029,1370,5346,2024-01-02,1.6666666666666667
3171300,66378,56714,3260,2024-01-02,3.6666666666666665
3171306,72645,33886,3393,2024-01-02,1.6666666666666667
3171378,187101,1370,4189,2024-01-02,27.0
3171387,194229,48574,4298,2024-01-02,7.0
3171389,194229,11262,4298,2024-01-02,30.333333333333332
3171404,206670,1372,4606,2024-01-02,2.3333333333333335
3171406,207129,56714,4619,2024-01-02,1.6666666666666667
3171441,228729,1304,2795,2024-01-01,2.3333333333333335
3171479,238887,1370,5591,2024-01-02,2.3333333333333335
3171606,160029,1370,2629,2024-01-01,3.6666666666666665
3171619,187839,48574,4204,2024-01-02,1.6666666666666667
3171631,195723,56714,2665,2024-01-01,5.0
3171646,204795,1304,4560,2024-01-02,10.333333333333334
3171648,206346,33886,4597,2024-01-02,20.333333333333332
3171653,207387,56714,4622,2024-01-02,1.6666666666666667
3171694,238068,39186,2840,2024-01-01,3.0
3171696,238263,1304,2841,2024-01-01,3.6666666666666665
3171770,59700,48574,3156,2024-01-02,2.3333333333333335
3171844,192771,10652,4267,2024-01-02,4.333333333333333
3171871,203268,30500,2704,2024-01-01,4.333333333333333
3171875,203820,11262,4537,2024-01-02,1.0
3171881,206748,1304,4608,2024-01-02,13.666666666666666
3171883,206847,56714,4611,2024-01-02,1.6666666666666667
3171885,207084,60978,4617,2024-01-02,1.0
3171889,208524,11262,4642,2024-01-02,13.666666666666666
3171890,208545,56714,4645,2024-01-02,7.0
3171893,209622,1372,4671,2024-01-02,1.6666666666666667
3171895,210114,10652,4683,2024-01-02,3.0
3171902,212301,60978,4750,2024-01-02,2.3333333333333335
3172075,153303,11262,3923,2024-01-02,17.0
3172080,163101,60978,4041,2024-01-02,3.6666666666666665
3172082,167571,35732,4064,2024-01-02,2.3333333333333335
3172088,184710,1370,4165,2024-01-02,1.0
3172118,203532,1372,4535,2024-01-02,1.6666666666666667
3172125,206868,1372,4612,2024-01-02,3.0
3172127,207078,1304,4616,2024-01-02,3.0
3172147,217848,33886,4892,2024-01-02,4.333333333333333
3172157,222438,48574,4997,2024-01-02,1.6666666666666667
3172340,193323,33886,2656,2024-01-01,5.0
3172342,193323,30500,2656,2024-01-01,4.333333333333333
3172360,206406,56714,4599,2024-01-02,7.0
3172367,218265,1370,4898,2024-01-02,1.0
3172385,230010,1372,2801,2024-01-01,1.0
3172387,231102,1372,5306,2024-01-02,2.3333333333333335
3172392,234297,1304,5431,2024-01-02,3.6666666666666665
3172405,238263,39186,2841,2024-01-01,1.0
3173136,61824,48574,3179,2024-01-02,5.666666666666667
3173163,140277,1370,3862,2024-01-02,2.3333333333333335
3173178,197286,35732,2676,2024-01-01,5.666666666666667
3173185,203268,11262,2704,2024-01-01,3.0
3173186,204657,48574,4554,2024-01-02,3.0
3173187,207087,33886,4618,2024-01-02,3.6666666666666665
3173189,208524,50272,4642,2024-01-02,1.6666666666666667
3173190,208524,60978,4642,2024-01-02,20.333333333333332
3173214,232269,60978,5355,2024-01-02,7.0
3173330,196845,48574,4360,2024-01-02,5.0
3173341,202818,10652,4524,2024-01-02,1.6666666666666667
3173343,203256,33886,4531,2024-01-02,4.333333333333333
3173345,203322,1304,4533,2024-01-02,3.0
3173348,206991,60978,4615,2024-01-02,1.0
3173350,207087,50272,4618,2024-01-02,1.0
3173353,208524,56714,4642,2024-01-02,5.666666666666667
3173355,210141,11262,4688,2024-01-02,5.666666666666667
3173358,211527,10652,4727,2024-01-02,3.6666666666666665
3173382,228729,10652,2795,2024-01-01,3.0
3173391,230010,16358,2801,2024-01-01,2.3333333333333335
3173465,61692,50720,3176,2024-01-02,2.3333333333333335
3173527,197286,30500,2676,2024-01-01,2.3333333333333335
3173528,197673,1370,2679,2024-01-01,1.6666666666666667
3173536,203532,1304,4535,2024-01-02,3.6666666666666665
3173538,206847,56714,4611,2024-01-02,-1.0
3173539,206847,11262,4611,2024-01-02,-3.6666666666666665
3173543,210678,1370,4701,2024-01-02,-2.3333333333333335
3173547,212301,10652,4750,2024-01-02,1.0
3173548,212775,48574,4762,2024-01-02,3.0
3173558,222438,1370,4997,2024-01-02,2.3333333333333335
3173561,226662,10652,5132,2024-01-02,7.0
3173570,232404,48574,5362,2024-01-02,1.0
3173578,237765,1304,5551,2024-01-02,2.3333333333333335
3173650,66378,50270,7240,2024-01-03,3.0
3173699,157767,1370,2622,2024-01-01,5.666666666666667
3173739,196311,56714,4351,2024-01-02,1.6666666666666667
3173754,208545,48574,4645,2024-01-02,1.6666666666666667
3173850,66378,33886,3260,2024-01-02,-6.333333333333333
3173916,172161,11262,4085,2024-01-02,37.0
3173944,196722,16358,4358,2024-01-02,1.0
3173946,197286,30500,2676,2024-01-01,7.0
3173958,208821,60978,4654,2024-01-02,1.0
3174069,59700,1370,3156,2024-01-02,3.0
3174077,65577,50720,3242,2024-01-02,1.0
3174113,128901,56714,2615,2024-01-01,7.0
3174137,157938,1304,3961,2024-01-02,2.3333333333333335
3174153,192771,11262,4267,2024-01-02,13.666666666666666
3174159,197529,56714,2677,2024-01-01,2.3333333333333335
3174168,203295,33886,2705,2024-01-01,5.666666666666667
3174170,204657,1372,4554,2024-01-02,5.0
3174174,206376,46632,4598,2024-01-02,1.6666666666666667
3174178,207339,42132,4621,2024-01-02,3.0
3174182,208491,11262,4641,2024-01-02,3.6666666666666665
3174191,213114,16358,2724,2024-01-01,1.0
3174195,216498,16358,2741,2024-01-01,3.6666666666666665
3174198,219021,60978,4906,2024-01-02,1.0
3174210,223968,39186,5036,2024-01-02,1.6666666666666667
3174324,62817,1370,3197,2024-01-02,13.666666666666666
3174386,165762,1304,4055,2024-01-02,10.333333333333334
3174388,172161,1304,4085,2024-01-02,20.333333333333332
3174392,176643,1370,4112,2024-01-02,2.3333333333333335
3174396,186174,50270,4183,2024-01-02,3.6666666666666665
3174407,197286,56714,2676,2024-01-01,2.3333333333333335
3174425,203256,56714,4531,2024-01-02,5.0
3174427,203295,48574,2705,2024-01-01,1.0
3174444,210876,1304,4708,2024-01-02,2.3333333333333335
3174618,164970,11262,4051,2024-01-02,3.6666666666666665
3174638,195378,60978,4327,2024-01-02,2.3333333333333335
3174655,203256,1370,4531,2024-01-02,13.666666666666666
3174659,206664,60978,4604,2024-01-02,2.3333333333333335
3174670,211641,1304,4732,2024-01-02,3.6666666666666665
3174672,212301,30500,4750,2024-01-02,3.0
3174701,226662,1304,5132,2024-01-02,13.666666666666666
3174737,238263,11262,2841,2024-01-01,1.0
3174821,62817,48574,3197,2024-01-02,5.666666666666667
3174830,66378,60978,7240,2024-01-03,10.333333333333334
3174889,160029,56714,2629,2024-01-01,2.3333333333333335
3174896,187101,60978,4189,2024-01-02,33.666666666666664
3174906,192159,60978,4255,2024-01-02,3.6666666666666665
3174908,192564,50270,4263,2024-01-02,1.0
3174913,197286,39186,2676,2024-01-01,3.6666666666666665
3174922,206673,46632,4607,2024-01-02,1.0
3174926,209622,48574,4671,2024-01-02,3.6666666666666665
3174928,209697,11262,4672,2024-01-02,1.6666666666666667
3175131,167652,1370,4066,2024-01-02,1.6666666666666667
3175139,187734,56714,4199,2024-01-02,8.333333333333334
3175144,188730,48574,4216,2024-01-02,3.6666666666666665
3175169,203088,56714,4527,2024-01-02,1.6666666666666667
3175171,203145,1304,4529,2024-01-02,3.6666666666666665
3175173,203889,60978,2706,2024-01-01,7.0
3175181,206847,16358,4611,2024-01-02,-3.0
3175183,210141,56714,4688,2024-01-02,3.6666666666666665
3175279,62817,60978,3197,2024-01-02,20.333333333333332
3175349,167571,56714,4064,2024-01-02,1.0
3175366,193323,56714,2656,2024-01-01,1.0
3175380,198882,56714,4410,2024-01-02,7.0
3175381,198882,11262,4410,2024-01-02,19.0
3175397,205662,1372,4586,2024-01-02,1.6666666666666667
3175399,206667,60978,4605,2024-01-02,3.6666666666666665
3175406,210840,1304,4706,2024-01-02,3.6666666666666665
3175443,230028,1372,5266,2024-01-02,1.6666666666666667
3175623,194229,51974,4298,2024-01-02,3.6666666666666665
3175642,203268,60978,2704,2024-01-01,3.0
3175648,208488,1372,4640,2024-01-02,3.6666666666666665
3175658,211527,30500,4727,2024-01-02,7.0
3175672,222306,1370,4992,2024-01-02,1.0
3175701,230010,48574,2801,2024-01-01,1.0
3175713,238068,1304,2840,2024-01-01,1.0
3175860,188637,1304,4215,2024-01-02,2.3333333333333335
3175868,194229,1370,4298,2024-01-02,7.0
3175888,198882,46632,4410,2024-01-02,1.0
3175897,207600,11262,4626,2024-01-02,1.6666666666666667
3175905,211950,1370,4741,2024-01-02,1.6666666666666667
3175917,217848,56714,4892,2024-01-02,5.666666666666667
3175932,232269,11262,5355,2024-01-02,13.666666666666666
3176001,61692,56714,3176,2024-01-02,6.333333333333333
3176070,153303,56714,3923,2024-01-02,10.333333333333334
3176072,154758,11262,3932,2024-01-02,2.3333333333333335
3176084,186378,1370,2642,2024-01-01,3.6666666666666665
3176086,186882,30500,2645,2024-01-01,3.6666666666666665
3176099,195723,60978,2665,2024-01-01,3.6666666666666665
3176101,195723,1304,2665,2024-01-01,4.333333333333333
3176105,196722,56714,4358,2024-01-02,1.6666666666666667
3176107,196722,1304,4358,2024-01-02,1.0
3176120,203295,56714,2705,2024-01-01,2.3333333333333335
3176124,206847,1370,4611,2024-01-02,-3.0
3176126,208761,35732,4650,2024-01-02,3.6666666666666665
3176189,238068,30500,2840,2024-01-01,1.0
3176275,66378,33886,7240,2024-01-03,7.0
3176306,181101,60978,4139,2024-01-02,176.33333333333334
3176308,186174,56714,4183,2024-01-02,3.6666666666666665
3176316,197286,1304,2676,2024-01-01,1.0
3176324,206412,1370,4600,2024-01-02,1.6666666666666667
3176328,208806,39186,4653,2024-01-02,3.6666666666666665
3176338,222516,1304,5003,2024-01-02,3.0
3176390,88920,30500,3480,2024-01-02,3.6666666666666665
3176423,197286,60978,2676,2024-01-01,8.333333333333334
3176432,204780,1304,4559,2024-01-02,2.3333333333333335
3176434,206418,1304,2710,2024-01-01,2.3333333333333335
3176435,206748,48574,4608,2024-01-02,7.0
3176436,206868,56714,4612,2024-01-02,7.0
3176440,211473,56714,4725,2024-01-02,3.0
3176443,216366,50970,4852,2024-01-02,2.3333333333333335
3176445,222711,1370,5011,2024-01-02,5.0
3176458,232404,30500,5362,2024-01-02,2.3333333333333335
3176468,238887,10652,5591,2024-01-02,1.0
3176519,88920,56714,3480,2024-01-02,1.6666666666666667
3176536,129081,48574,3834,2024-01-02,3.0
3176546,154068,1372,3930,2024-01-02,1.0
3176563,203199,1370,4530,2024-01-02,1.0
3176568,207387,35732,4622,2024-01-02,3.0
3176573,212469,1370,4752,2024-01-02,24.333333333333332
3176631,61344,56714,3170,2024-01-02,2.3333333333333335
3176633,65637,35732,3246,2024-01-02,1.6666666666666667
3176661,187839,1372,4204,2024-01-02,1.6666666666666667
3176662,188730,30500,4216,2024-01-02,8.333333333333334
3176669,197529,11262,2677,2024-01-01,5.0
3176675,206646,1304,4603,2024-01-02,2.3333333333333335
3176676,206823,11262,4610,2024-01-02,7.0
3176678,210141,48574,4688,2024-01-02,2.3333333333333335
3176734,66378,56714,3260,2024-01-02,-3.0
3176790,230028,60978,5266,2024-01-02,3.0
3176857,164970,1304,4051,2024-01-02,2.3333333333333335
3176861,186174,46632,4183,2024-01-02,1.6666666666666667
3176867,192549,56714,4262,2024-01-02,2.3333333333333335
3176876,203871,1370,4539,2024-01-02,1.0
3176881,206664,33886,4604,2024-01-02,3.0
3176883,212721,1370,4759,2024-01-02,2.3333333333333335
3176887,217848,30500,4892,2024-01-02,4.333333333333333
3176902,232035,56714,5347,2024-01-02,5.666666666666667
3176970,172161,50274,4085,2024-01-02,2.3333333333333335
3176978,196455,60978,2670,2024-01-01,2.3333333333333335
3176981,203256,48574,4531,2024-01-02,5.666666666666667
3176982,203517,11262,4534,2024-01-02,33.666666666666664
3176987,206748,30500,4608,2024-01-02,13.666666666666666
3176994,211473,30500,4725,2024-01-02,7.0
3176995,212745,1370,4760,2024-01-02,3.0
3177009,227310,56714,5149,2024-01-02,5.0
3177016,232404,56714,5362,2024-01-02,1.6666666666666667
3177092,154758,33886,3932,2024-01-02,3.0
3177094,167571,1370,4064,2024-01-02,1.6666666666666667
3177100,181101,1304,4139,2024-01-02,33.666666666666664
3177116,203820,1304,4537,2024-01-02,3.0
3177118,206412,1304,4600,2024-01-02,5.0
3177122,210141,10652,4688,2024-01-02,3.6666666666666665
3177123,212469,56714,4752,2024-01-02,5.666666666666667
3177128,216366,11262,4852,2024-01-02,3.0
3177135,223968,48574,5036,2024-01-02,1.6666666666666667
3177181,65631,1370,3245,2024-01-02,2.3333333333333335
3177223,188730,46632,4216,2024-01-02,1.0
3177235,197529,1370,2677,2024-01-01,4.333333333333333
3177247,206418,60978,2710,2024-01-01,1.6666666666666667
3177248,206664,11262,4604,2024-01-02,7.0
3177264,222669,60978,5008,2024-01-02,3.6666666666666665
3177313,62817,50270,3197,2024-01-02,3.6666666666666665
3177346,160029,1372,2629,2024-01-01,1.0
3177369,203199,1372,4530,2024-01-02,2.3333333333333335
3177370,203256,16358,4531,2024-01-02,1.6666666666666667
3177385,227829,1304,5160,2024-01-02,7.0
3177388,232269,1304,5355,2024-01-02,3.0
3177427,68568,60978,3298,2024-01-02,5.0
3177433,88920,50270,3480,2024-01-02,1.0
3177448,128469,48574,3820,2024-01-02,1.6666666666666667
3177462,166362,11262,4059,2024-01-02,3.0
3177487,204762,56714,4557,2024-01-02,1.0
3177488,204780,48574,4559,2024-01-02,7.0
3177496,219021,1370,4906,2024-01-02,3.6666666666666665
3177511,230028,1304,5266,2024-01-02,1.6666666666666667
3177521,238068,11262,2840,2024-01-01,3.0
3177561,66378,33886,3260,2024-01-02,7.0
3177567,72558,11262,3389,2024-01-02,4.333333333333333
3177598,187839,56714,4204,2024-01-02,1.6666666666666667
3177602,192564,50272,4263,2024-01-02,1.0
3177603,192618,16358,2652,2024-01-01,9.0
3177604,193323,33886,2656,2024-01-01,4.333333333333333
3177615,206406,11262,4599,2024-01-02,27.0
3177616,208488,11262,4640,2024-01-02,7.0
3177617,208806,33886,4653,2024-01-02,9.0
3177638,230010,56714,2801,2024-01-01,1.6666666666666667
3177669,61692,48574,3176,2024-01-02,13.666666666666666
3177670,61692,1372,3176,2024-01-02,3.6666666666666665
3177687,128901,11262,2615,2024-01-01,7.0
3177695,157767,1372,2622,2024-01-01,2.3333333333333335
3177696,157938,11262,3961,2024-01-02,3.6666666666666665
3177710,196845,1304,4360,2024-01-02,1.6666666666666667
3177715,203889,1304,2706,2024-01-01,2.3333333333333335
3177718,208491,11262,4641,2024-01-02,1.6666666666666667
3177730,225393,124,5089,2024-01-02,4.333333333333333
3177731,225393,56714,5089,2024-01-02,5.666666666666667
3177807,175899,11262,4110,2024-01-02,1.0
3177808,186942,1304,2646,2024-01-01,4.333333333333333
3177815,197286,50270,2676,2024-01-01,1.0
3177816,197529,30500,2677,2024-01-01,2.3333333333333335
3177826,208761,60978,4650,2024-01-02,7.0
3177827,208899,56714,4657,2024-01-02,1.6666666666666667
3177828,210876,11262,4708,2024-01-02,3.6666666666666665
3177836,225393,33886,5089,2024-01-02,13.666666666666666
3177898,65631,60978,3245,2024-01-02,1.0
3177899,65637,11262,3246,2024-01-02,3.0
3177933,164457,56714,2633,2024-01-01,1.6666666666666667
3177936,186378,39186,2642,2024-01-01,3.0
3177942,197799,10652,2680,2024-01-01,3.0
3177946,203088,1370,4527,2024-01-02,8.333333333333334
3177950,208476,48574,4638,2024-01-02,1.0
3177961,225747,48574,5105,2024-01-02,1.0
3178045,166362,56714,4059,2024-01-02,1.0
3178049,176643,56714,4112,2024-01-02,2.3333333333333335
3178068,203142,56714,4528,2024-01-02,6.333333333333333
3178072,206646,11262,4603,2024-01-02,7.0
3178079,219021,30500,4906,2024-01-02,1.6666666666666667
3178135,88920,57804,3480,2024-01-02,1.0
3178160,154011,1304,3927,2024-01-02,3.6666666666666665
3178175,206376,48574,4598,2024-01-02,2.3333333333333335
3178176,206412,1372,4600,2024-01-02,4.333333333333333
3178201,232269,35732,5355,2024-01-02,1.6666666666666667
3178241,61908,1304,3181,2024-01-02,9.0
3178280,181101,1370,4139,2024-01-02,33.666666666666664
3178282,188637,11262,4215,2024-01-02,1.6666666666666667
3178288,201564,11262,2697,2024-01-01,2.3333333333333335
3178289,203517,1370,4534,2024-01-02,5.666666666666667
3178292,208599,56714,2715,2024-01-01,7.0
3178294,208821,11262,4654,2024-01-02,1.0
3178305,217380,56714,4880,2024-01-02,2.3333333333333335
3178306,217380,1370,4880,2024-01-02,5.666666666666667
3178309,222306,56714,4992,2024-01-02,3.0
3178316,226662,48574,5132,2024-01-02,7.0
3178367,60882,1370,3161,2024-01-02,3.6666666666666665
3178389,128469,1370,3820,2024-01-02,5.0
3178406,163131,60978,4043,2024-01-02,7.0
3178415,192564,50274,4263,2024-01-02,1.0
3178426,198882,48574,4410,2024-01-02,3.6666666666666665
3178435,203322,1370,4533,2024-01-02,1.0
3178439,206418,30500,2710,2024-01-01,2.3333333333333335
3178460,232404,1304,5362,2024-01-02,1.0
3178528,160029,48574,2629,2024-01-01,1.6666666666666667
3178530,163101,1304,4041,2024-01-02,3.0
3178531,165762,16358,4055,2024-01-02,2.3333333333333335
3178543,197286,1370,2676,2024-01-01,1.0
3178547,203268,1304,2704,2024-01-01,5.0
3178552,210678,1370,4701,2024-01-02,3.0
3178553,211641,3382,4732,2024-01-02,3.6666666666666665
3178558,216498,10652,2741,2024-01-01,5.666666666666667
3178643,157767,11262,2622,2024-01-01,13.666666666666666
3178647,165744,56714,4054,2024-01-02,2.3333333333333335
3178650,178257,48574,4119,2024-01-02,1.6666666666666667
3178656,194229,39186,4298,2024-01-02,20.333333333333332
3178668,206496,56714,4602,2024-01-02,5.0
3178680,222669,1304,5008,2024-01-02,1.6666666666666667
3178689,227310,1304,5149,2024-01-02,4.333333333333333
3178772,179790,48574,4131,2024-01-02,1.0
3178788,201564,1304,2697,2024-01-01,3.0
3178791,205905,1370,4590,2024-01-02,1.0
3178793,208806,30500,4653,2024-01-02,3.0
3178794,208806,11262,4653,2024-01-02,7.0
3178798,216498,56714,2741,2024-01-01,2.3333333333333335
3178807,222306,30500,4992,2024-01-02,4.333333333333333
3178813,228729,1370,2795,2024-01-01,5.666666666666667
3178857,61692,39186,3176,2024-01-02,10.333333333333334
3178881,154068,33886,3930,2024-01-02,2.3333333333333335
3178884,175899,56714,4110,2024-01-02,1.0
3178888,186378,16358,2642,2024-01-01,8.333333333333334
3178898,207390,11262,2712,2024-01-01,15.0
3178900,207993,33886,4634,2024-01-02,1.0
3178901,208872,1304,4655,2024-01-02,30.333333333333332
3178904,211473,1304,4725,2024-01-02,3.0
3178907,212301,42132,4750,2024-01-02,1.6666666666666667
3178908,212469,1304,4752,2024-01-02,7.0
3178956,61692,1304,3176,2024-01-02,8.333333333333334
3178966,72558,10652,3389,2024-01-02,4.333333333333333
3178967,72645,1370,3393,2024-01-02,1.0
3178989,128901,30500,2615,2024-01-01,1.0
3179023,205905,60978,4590,2024-01-02,2.3333333333333335
3179024,206748,51974,4608,2024-01-02,1.0
3179025,207498,11262,4624,2024-01-02,2.3333333333333335
3179027,208545,57804,4645,2024-01-02,1.0
3179092,61692,50270,3176,2024-01-02,3.0
3179093,61692,50272,3176,2024-01-02,1.6666666666666667
3179098,65637,56714,3246,2024-01-02,6.333333333333333
3179122,154041,1372,3929,2024-01-02,1.6666666666666667
3179131,186882,56714,2645,2024-01-01,3.6666666666666665
3179142,198882,1304,4410,2024-01-02,3.6666666666666665
3179146,204762,48574,4557,2024-01-02,1.0
3179148,206748,33886,4608,2024-01-02,20.333333333333332
3179149,207390,1304,2712,2024-01-01,1.6666666666666667
3179150,207498,56714,4624,2024-01-02,1.0
3179154,211950,60978,4741,2024-01-02,1.6666666666666667
3179168,225747,1370,5105,2024-01-02,1.6666666666666667
3179218,65637,1370,3246,2024-01-02,7.0
3179256,195378,1372,4327,2024-01-02,1.0
3179259,201798,30500,4489,2024-01-02,1.0
3179265,205659,30500,4585,2024-01-02,1.0
3179266,206376,1370,4598,2024-01-02,1.0
3179267,207498,60978,4624,2024-01-02,2.3333333333333335
3179268,208533,56714,4643,2024-01-02,2.3333333333333335
3179269,208554,56714,4646,2024-01-02,1.0
3179339,72558,48574,3389,2024-01-02,1.6666666666666667
3179379,194229,30500,4298,2024-01-02,13.666666666666666
3179382,197529,48574,2677,2024-01-01,3.0
3179384,198882,1370,4410,2024-01-02,1.6666666666666667
3179388,203829,50268,4538,2024-01-02,1.0
3179391,206748,60978,4608,2024-01-02,33.666666666666664
3179392,206943,1304,4613,2024-01-02,1.6666666666666667
3179395,208488,60978,4640,2024-01-02,7.0
3179396,208533,48574,4643,2024-01-02,2.3333333333333335
3179398,211965,16358,4742,2024-01-02,7.0
3179408,222306,1372,4992,2024-01-02,1.0
3179412,225393,60978,5089,2024-01-02,33.666666666666664
3179456,62817,11262,3197,2024-01-02,17.0
3179491,165744,1370,4054,2024-01-02,1.0
3179497,193323,56714,2656,2024-01-01,3.0
3179512,207339,1304,4621,2024-01-02,1.6666666666666667
3179513,208617,56714,4648,2024-01-02,1.6666666666666667
3179520,218265,56714,4898,2024-01-02,2.3333333333333335
3179615,163554,50274,4046,2024-01-02,1.6666666666666667
3179616,166362,1370,4059,2024-01-02,1.6666666666666667
3179617,167571,11262,4064,2024-01-02,2.3333333333333335
3179625,188637,56714,4215,2024-01-02,1.0
3179632,195723,30500,2665,2024-01-01,3.6666666666666665
3179633,197286,48574,2676,2024-01-01,1.0
3179638,206346,1304,4597,2024-01-02,3.6666666666666665
3179639,206376,11262,4598,2024-01-02,12.333333333333334
3179665,234030,1304,5423,2024-01-02,5.666666666666667
3179736,129081,56714,3834,2024-01-02,4.333333333333333
3179756,192771,50270,4267,2024-01-02,1.6666666666666667
3179766,203829,1370,4538,2024-01-02,2.3333333333333335
3179772,206673,1304,4607,2024-01-02,1.6666666666666667
3179773,206988,11262,4614,2024-01-02,2.3333333333333335
3179774,208488,1370,4640,2024-01-02,2.3333333333333335
3179829,61692,42132,3176,2024-01-02,2.3333333333333335
3179830,61908,1370,3181,2024-01-02,1.0
3179832,66378,60978,3260,2024-01-02,-9.666666666666666
3179849,129081,50270,3834,2024-01-02,1.0
3179860,163101,11262,4041,2024-01-02,7.0
3179871,188730,35732,4216,2024-01-02,5.0
3179878,194229,124,4298,2024-01-02,7.0
3179888,204762,1370,4557,2024-01-02,5.0
3179889,205122,56714,2707,2024-01-01,3.0
3179890,205659,33886,4585,2024-01-02,2.3333333333333335
3179891,206496,1372,4602,2024-01-02,3.0
3179892,208539,48574,4644,2024-01-02,1.6666666666666667
3179910,219021,11262,4906,2024-01-02,1.6666666666666667
3180006,128901,60978,2615,2024-01-01,3.6666666666666665
3180007,129081,1370,3834,2024-01-02,7.0
3180023,188730,1370,4216,2024-01-02,11.666666666666666
3180033,197286,57804,2676,2024-01-01,1.0
3180040,201798,56714,4489,2024-01-02,5.666666666666667
3180041,202818,60978,4524,2024-01-02,1.6666666666666667
3180043,203829,50968,4538,2024-01-02,2.3333333333333335
3180045,206748,50270,4608,2024-01-02,7.0
3180046,207339,124,4621,2024-01-02,3.6666666666666665
3180048,208524,1304,4642,2024-01-02,5.0
3180062,222669,33886,5008,2024-01-02,20.333333333333332
3180075,234297,48574,5431,2024-01-02,2.3333333333333335
3180174,202818,1370,4524,2024-01-02,3.0
3180176,207087,56714,4618,2024-01-02,5.666666666666667
3180177,208506,1304,2714,2024-01-01,4.333333333333333
3180178,208524,50270,4642,2024-01-02,7.0
3180179,208539,11262,4644,2024-01-02,1.0
3180180,208599,60978,4647,2024-01-02,7.0
3180195,230028,56714,5266,2024-01-02,1.0
3180197,232035,60978,5347,2024-01-02,4.333333333333333
3180236,61692,1370,3176,2024-01-02,20.333333333333332
3180237,61977,56714,2545,2024-01-01,3.6666666666666665
3180272,186177,56714,4184,2024-01-02,13.666666666666666
3180291,206847,11262,4611,2024-01-02,4.333333333333333
3180292,208524,1370,4642,2024-01-02,3.0
3180293,208806,1304,4653,2024-01-02,16.333333333333332
3180302,216498,1370,2741,2024-01-01,3.0
3180304,217848,1304,4892,2024-01-02,3.0
3212532,153303,50270,20404,2024-01-06,2.3333333333333335
3212533,154167,1372,2619,2024-01-01,1.0
3212537,183195,48574,16859,2024-01-05,1.6666666666666667
3212651,183195,1370,20519,2024-01-06,2.3333333333333335
3212652,186177,60978,20534,2024-01-06,13.666666666666666
3212656,191232,1370,16952,2024-01-05,7.0
3212695,236226,56714,5499,2024-01-02,1.6666666666666667
3212722,68676,1304,20149,2024-01-06,8.333333333333334
3212752,154887,1372,3935,2024-01-02,1.6666666666666667
3212753,157224,30500,3947,2024-01-02,1.0
3212754,157224,50272,3947,2024-01-02,1.0
3212756,161403,1370,2631,2024-01-01,1.6666666666666667
3212760,181101,11262,12342,2024-01-04,223.66666666666663
3212764,187395,11262,4193,2024-01-02,1.0
3212784,212526,39186,17461,2024-01-05,2.3333333333333335
3212785,212526,1370,17461,2024-01-05,3.6666666666666665
3212800,234021,35732,22164,2024-01-07,7.0
3212871,161403,56714,2631,2024-01-01,1.6666666666666667
3212874,172704,50724,16792,2024-01-05,2.3333333333333335
3212877,183195,1370,16859,2024-01-05,-1.6666666666666667
3212993,167316,1372,4062,2024-01-02,2.3333333333333335
3213010,209976,1370,20681,2024-01-06,3.0
3213011,212220,10808,17456,2024-01-05,1.6666666666666667
3213032,232269,1370,20925,2024-01-06,3.6666666666666665
3213062,71766,56714,3366,2024-01-02,2.3333333333333335
3213063,72045,11262,3375,2024-01-02,2.3333333333333335
3213115,187806,35732,16904,2024-01-05,10.333333333333334
3213130,212211,39186,20700,2024-01-06,2.3333333333333335
3213132,212526,35846,17461,2024-01-05,1.6666666666666667
3213216,184863,48574,16874,2024-01-05,2.3333333333333335
3213218,186384,48574,4185,2024-01-02,3.0
3213219,187101,1370,8127,2024-01-03,40.333333333333336
3213225,198573,30500,17102,2024-01-05,2.3333333333333335
3213232,212220,3382,17456,2024-01-05,7.0
3213329,172704,1370,16792,2024-01-05,3.0
3213333,182565,56714,4150,2024-01-02,6.333333333333333
3213358,234018,35732,5421,2024-01-02,7.0
3213361,25749,48574,3060,2024-01-02,3.6666666666666665
3213396,71766,11262,3366,2024-01-02,4.333333333333333
3213503,71766,1304,3366,2024-01-02,4.333333333333333
3213556,178458,30500,16829,2024-01-05,10.333333333333334
3213559,191232,30500,16952,2024-01-05,10.333333333333334
3213571,213102,60978,4770,2024-01-02,3.6666666666666665
3213580,225501,16358,5096,2024-01-02,3.0
3213582,227292,30500,20851,2024-01-06,3.0
3213654,177903,11262,20496,2024-01-06,1.6666666666666667
3213668,212211,35846,20700,2024-01-06,1.6666666666666667
3213677,225699,60978,5103,2024-01-02,1.6666666666666667
3213774,211527,30500,21987,2024-01-07,7.0
3213796,25749,56714,3060,2024-01-02,7.0
3213797,25749,10652,3060,2024-01-02,7.0
3213862,172503,1370,4086,2024-01-02,7.0
3213863,172704,60978,16792,2024-01-05,7.0
3213864,173940,30500,4096,2024-01-02,2.3333333333333335
3213867,181101,1304,8068,2024-01-03,67.0
3213871,183195,11262,16859,2024-01-05,17.0
3213872,183489,48574,16864,2024-01-05,1.6666666666666667
3213874,187806,44302,16904,2024-01-05,7.0
3213882,206868,11262,20661,2024-01-06,33.666666666666664
3213885,210627,1372,4700,2024-01-02,1.6666666666666667
3213895,230331,33886,5280,2024-01-02,3.6666666666666665
3213899,236226,11262,5499,2024-01-02,-6.333333333333333
3213967,211527,1304,21987,2024-01-07,2.3333333333333335
3213969,212211,1370,20700,2024-01-06,7.0
3214050,167316,1370,4062,2024-01-02,10.333333333333334
3214064,212220,54290,17456,2024-01-05,3.6666666666666665
3214148,183195,48574,16859,2024-01-05,-1.0
3214150,186177,35846,20534,2024-01-06,3.6666666666666665
3214157,206418,11262,21979,2024-01-07,7.0
3214158,206418,1304,21979,2024-01-07,1.6666666666666667
3214241,167316,56714,4062,2024-01-02,12.333333333333334
3214339,154167,30500,2619,2024-01-01,1.6666666666666667
3214346,184863,42132,16874,2024-01-05,4.333333333333333
3214407,128526,50724,16511,2024-01-05,1.6666666666666667
3214446,187101,1304,8127,2024-01-03,20.333333333333332
3214448,188331,44302,16909,2024-01-05,17.0
3214466,223104,1370,5020,2024-01-02,1.6666666666666667
3214523,66843,30500,2561,2024-01-01,4.333333333333333
3214567,184863,1304,16874,2024-01-05,2.3333333333333335
3214577,211527,54290,21987,2024-01-07,1.6666666666666667
3214578,212220,57804,17456,2024-01-05,3.0
3214585,223104,33886,5020,2024-01-02,1.0
3214628,66843,10652,2561,2024-01-01,4.333333333333333
3214662,181101,30500,12342,2024-01-04,187.0
3214663,182565,48574,4150,2024-01-02,2.3333333333333335
3214664,183489,30500,16864,2024-01-05,3.6666666666666665
3214671,191226,1372,4246,2024-01-02,1.6666666666666667
3214789,211524,1304,20693,2024-01-06,10.333333333333334
3214873,166437,1372,4060,2024-01-02,1.0
3214930,68676,11262,20149,2024-01-06,17.0
3214983,183105,53386,16857,2024-01-05,3.0
3215018,234021,33886,22164,2024-01-07,3.0
3215107,172704,60978,20476,2024-01-06,7.0
3215110,183489,11262,16864,2024-01-05,3.6666666666666665
3215115,191232,60978,16952,2024-01-05,7.0
3215122,212211,16358,20700,2024-01-06,1.6666666666666667
3215134,225501,35732,5096,2024-01-02,3.6666666666666665
3215193,72918,39186,20191,2024-01-06,1.6666666666666667
3215253,219381,11262,4919,2024-01-02,1.6666666666666667
3215280,236226,57804,5499,2024-01-02,4.333333333333333
3215356,183195,11262,16859,2024-01-05,-16.333333333333332
3215366,212211,11262,20700,2024-01-06,1.6666666666666667
3215381,230331,1372,5280,2024-01-02,1.6666666666666667
3215468,177903,1304,20496,2024-01-06,5.666666666666667
3215469,182565,1370,4150,2024-01-02,2.3333333333333335
3215470,184863,30500,16874,2024-01-05,4.333333333333333
3215471,187395,1370,4193,2024-01-02,2.3333333333333335
3215483,213102,30500,4770,2024-01-02,1.0
3215555,128526,35846,16511,2024-01-05,1.6666666666666667
3215583,181101,11262,8068,2024-01-03,224.33333333333337
3215584,183105,42132,16857,2024-01-05,2.3333333333333335
3215585,183195,1370,16859,2024-01-05,2.3333333333333335
3215590,187806,52620,16904,2024-01-05,1.6666666666666667
3215600,211527,11262,21987,2024-01-07,3.6666666666666665
3215602,212211,60978,20700,2024-01-06,2.3333333333333335
3215604,217293,1370,4877,2024-01-02,2.3333333333333335
3215676,172035,60978,4084,2024-01-02,1.0
3215677,172704,57804,16792,2024-01-05,1.6666666666666667
3215679,178458,60978,16829,2024-01-05,10.333333333333334
3215800,183105,60978,16857,2024-01-05,11.666666666666666
3215812,210627,56714,4700,2024-01-02,1.6666666666666667
3215906,172704,11262,16792,2024-01-05,3.6666666666666665
3215921,212211,11262,20700,2024-01-06,3.6666666666666665
3216031,225699,1370,5103,2024-01-02,1.6666666666666667
3216037,234018,11262,5421,2024-01-02,7.0
3216039,236226,48574,5499,2024-01-02,1.6666666666666667
3216045,25749,11262,3060,2024-01-02,15.0
3216111,172035,1370,8002,2024-01-03,1.0
3216112,181101,44302,12342,2024-01-04,7.0
3216113,181101,50274,12342,2024-01-04,3.6666666666666665
3216114,181101,44302,8068,2024-01-03,-6.333333333333333
3216115,183489,50270,16864,2024-01-05,1.6666666666666667
3216219,155403,1304,20413,2024-01-06,7.0
3216225,188331,10808,16909,2024-01-05,10.333333333333334
3216241,212211,60978,20700,2024-01-06,1.0
3216252,227292,1304,20851,2024-01-06,1.6666666666666667
3216323,154167,11262,2619,2024-01-01,1.6666666666666667
3216327,167316,1304,4062,2024-01-02,1.6666666666666667
3216328,172704,60978,16792,2024-01-05,-6.333333333333333
3216341,207087,50274,21982,2024-01-07,1.0
3216344,212211,1304,20700,2024-01-06,3.0
3216345,212220,1304,17456,2024-01-05,5.0
3216350,225699,56714,5103,2024-01-02,1.0
3216357,234018,1304,5421,2024-01-02,6.333333333333333
3216359,236226,1304,5499,2024-01-02,-1.6666666666666667
3216437,172035,1370,4084,2024-01-02,1.0
3216441,185244,48574,4171,2024-01-02,1.0
3216452,212526,1370,20703,2024-01-06,1.6666666666666667
3216539,211527,50274,21987,2024-01-07,1.0
3216557,235335,60978,5467,2024-01-02,20.333333333333332
3216601,72918,44302,20191,2024-01-06,1.6666666666666667
3216660,212220,46632,17456,2024-01-05,3.6666666666666665
3216764,172035,1304,8002,2024-01-03,1.0
3216765,181101,30500,8068,2024-01-03,-186.33333333333337
3216767,187806,48298,16904,2024-01-05,7.0
3216776,211140,46632,17424,2024-01-05,3.0
3216799,235335,33886,5467,2024-01-02,7.0
3216828,66843,50270,2561,2024-01-01,1.0
3216831,71766,1370,3366,2024-01-02,4.333333333333333
3216879,172035,3382,8002,2024-01-03,1.0
3216880,172704,57804,16792,2024-01-05,-1.0
3216882,173940,10652,4096,2024-01-02,3.6666666666666665
3216883,181101,1304,8068,2024-01-03,-66.33333333333333
3216893,211524,1370,20693,2024-01-06,7.0
3216894,211527,50272,21987,2024-01-07,1.0
3216895,211527,124,21987,2024-01-07,3.6666666666666665
3216897,212220,48298,17456,2024-01-05,3.6666666666666665
3216913,234021,11262,22164,2024-01-07,7.0
3216991,181101,1370,8068,2024-01-03,-66.33333333333333
3217007,223104,11262,5020,2024-01-02,1.6666666666666667
3217110,172503,1372,4086,2024-01-02,1.0
3217113,178458,44302,16829,2024-01-05,2.3333333333333335
3217115,183105,16358,16857,2024-01-05,2.3333333333333335
3217121,194082,48574,4294,2024-01-02,10.333333333333334
3217148,236226,1370,13719,2024-01-04,5.666666666666667
3217217,154167,48574,2619,2024-01-01,1.6666666666666667
3217221,184863,1372,16874,2024-01-05,2.3333333333333335
3217222,187395,1304,4193,2024-01-02,1.0
3217230,210627,1304,4700,2024-01-02,2.3333333333333335
3217253,236226,1304,5499,2024-01-02,2.3333333333333335
3217259,25749,57804,3060,2024-01-02,1.0
3217316,172503,1304,4086,2024-01-02,2.3333333333333335
3217319,183105,39186,16857,2024-01-05,13.666666666666666
3217321,185244,1304,4171,2024-01-02,1.6666666666666667
3217346,230010,16358,22126,2024-01-07,1.0
3217354,25749,1304,3060,2024-01-02,3.6666666666666665
3217429,172503,30500,4086,2024-01-02,1.0
3217434,181101,11262,8068,2024-01-03,-223.66666666666663
3217458,236226,1372,5499,2024-01-02,1.6666666666666667
3217493,72918,33886,20191,2024-01-06,1.6666666666666667
3217527,177903,1370,20496,2024-01-06,1.6666666666666667
3217533,194082,11262,4294,2024-01-02,40.333333333333336
3217543,209880,1372,4677,2024-01-02,3.0
3217563,236226,10652,5499,2024-01-02,7.0
3217564,236226,1370,5499,2024-01-02,5.666666666666667
3217591,72045,56714,3375,2024-01-02,3.0
3217592,72045,60978,3375,2024-01-02,7.0
3217637,153303,1372,20404,2024-01-06,7.0
3217667,230010,1304,22126,2024-01-07,1.0
3217674,234972,1304,2822,2024-01-01,4.333333333333333
3217754,172704,57804,20476,2024-01-06,1.6666666666666667
3217773,223104,1372,5020,2024-01-02,1.0
3217818,72045,48574,3375,2024-01-02,1.6666666666666667
3217861,183489,1370,16864,2024-01-05,2.3333333333333335
3217864,188331,50270,16909,2024-01-05,33.666666666666664
3217875,207087,50274,21982,2024-01-07,-0.3333333333333333
3217879,212220,16358,17456,2024-01-05,3.0
3217897,230010,33534,22126,2024-01-07,1.0
3217908,236766,1372,5516,2024-01-02,1.0
3217974,161403,11262,2631,2024-01-01,3.0
3217975,172704,124,16792,2024-01-05,3.6666666666666665
3217980,194904,10652,20569,2024-01-06,13.666666666666666
3217984,207087,60,21982,2024-01-07,1.6666666666666667
3217987,212220,42132,17456,2024-01-05,3.0
3218007,234018,30500,5421,2024-01-02,4.333333333333333
3218067,167316,48574,4062,2024-01-02,20.333333333333332
3218069,172704,44302,16792,2024-01-05,2.3333333333333335
3218074,186384,56714,4185,2024-01-02,3.0
3218089,211527,57804,21987,2024-01-07,-1.0
3218181,181101,1370,8068,2024-01-03,67.0
3218183,183105,1372,16857,2024-01-05,2.3333333333333335
3218191,194904,1304,20569,2024-01-06,7.0
3218200,211524,46632,20693,2024-01-06,3.6666666666666665
3218202,212748,39186,20706,2024-01-06,3.6666666666666665
3218223,235335,30500,5467,2024-01-02,7.0
3218226,236226,10652,5499,2024-01-02,-6.333333333333333
3218311,154887,48574,3935,2024-01-02,1.6666666666666667
3218315,181101,30500,8068,2024-01-03,187.0
3218316,183489,60978,16864,2024-01-05,3.6666666666666665
3218317,184863,1370,16874,2024-01-05,2.3333333333333335
3218386,128526,51974,16511,2024-01-05,1.0
3218411,172503,48574,4086,2024-01-02,2.3333333333333335
3218440,234972,3382,2822,2024-01-01,1.0
3218508,157224,1304,3947,2024-01-02,3.6666666666666665
3218509,157398,1370,3948,2024-01-02,1.0
3218518,188331,60978,16909,2024-01-05,20.333333333333332
3218551,234972,1370,2822,2024-01-01,1.0
3218556,25749,35732,3060,2024-01-02,7.0
3218632,178458,11262,16829,2024-01-05,17.0
3218635,183195,48574,20519,2024-01-06,1.6666666666666667
3218650,212211,30500,20700,2024-01-06,2.3333333333333335
3218734,181101,1370,12342,2024-01-04,67.0
3218736,184863,11262,16874,2024-01-05,4.333333333333333
3218756,215298,1372,17538,2024-01-05,3.6666666666666665
3218845,188331,57804,16909,2024-01-05,13.666666666666666
3218857,211527,57804,21987,2024-01-07,1.6666666666666667
3218859,212220,48574,17456,2024-01-05,5.0
3218869,225501,1304,5096,2024-01-02,1.6666666666666667
3218934,72918,1370,20191,2024-01-06,1.0
3218979,154167,57804,2619,2024-01-01,1.0
3218982,183105,1370,16857,2024-01-05,2.3333333333333335
3218989,207087,60,21982,2024-01-07,-1.0
3218993,212748,11262,20706,2024-01-06,7.0
3219112,225501,33886,5096,2024-01-02,3.0
3219214,181101,50274,8068,2024-01-03,-3.0
3219221,198210,1370,4383,2024-01-02,2.3333333333333335
3219249,236226,11262,5499,2024-01-02,7.0
3219291,128526,33886,16511,2024-01-05,3.6666666666666665
3219322,172035,3382,4084,2024-01-02,-0.3333333333333333
3219329,187395,1372,4193,2024-01-02,1.0
3219334,191226,1370,4246,2024-01-02,1.0
3219342,211527,44302,21987,2024-01-07,3.6666666666666665
3219433,157398,1304,3948,2024-01-02,1.0
3219435,166437,60978,4060,2024-01-02,1.6666666666666667
3219436,172035,1304,4084,2024-01-02,-0.3333333333333333
3219438,183195,11262,20519,2024-01-06,17.0
3219439,185244,1370,4171,2024-01-02,5.0
3219465,234972,60978,2822,2024-01-01,1.0
3219466,236226,11262,13719,2024-01-04,7.0
3219538,172704,50270,16792,2024-01-05,2.3333333333333335
3219543,187806,124,16904,2024-01-05,13.666666666666666
3219556,212526,30500,17461,2024-01-05,1.0
3219558,213102,10652,4770,2024-01-02,3.0
3219747,162843,1370,4040,2024-01-02,6.333333333333333
3219754,187806,1370,16904,2024-01-05,3.0
3219756,191226,57804,4246,2024-01-02,1.0
3219773,227292,35732,20851,2024-01-06,3.0
3219781,234972,11262,2822,2024-01-01,7.0
3219782,236226,48574,5499,2024-01-02,-1.0
3219785,25749,50270,3060,2024-01-02,2.3333333333333335
3219860,172704,10652,16792,2024-01-05,5.666666666666667
3219864,181101,50274,8068,2024-01-03,3.6666666666666665
3219865,183195,1372,16859,2024-01-05,1.6666666666666667
3219866,187806,1372,16904,2024-01-05,3.0
3219869,191232,124,16952,2024-01-05,7.0
3219886,215298,48574,17538,2024-01-05,-7.666666666666667
3219893,227292,39186,20851,2024-01-06,1.6666666666666667
3219894,227292,10652,20851,2024-01-06,1.6666666666666667
3219906,236226,10652,13719,2024-01-04,7.0
3219907,236226,1372,13719,2024-01-04,1.6666666666666667
3219969,166437,60978,4060,2024-01-02,1.0
3219976,198573,11262,17102,2024-01-05,2.3333333333333335
3219986,210627,48574,4700,2024-01-02,1.6666666666666667
3219987,213102,1370,4770,2024-01-02,3.0
3219998,230010,35846,22126,2024-01-07,1.0
3220002,236766,11262,5516,2024-01-02,1.6666666666666667
3220079,155403,1304,20413,2024-01-06,-6.333333333333333
3220194,155403,11262,20413,2024-01-06,-0.3333333333333333
3220199,172035,48574,4084,2024-01-02,-0.3333333333333333
3220202,178458,50270,16829,2024-01-05,1.6666666666666667
3220204,183195,1372,16859,2024-01-05,-1.0
3220217,211527,35846,21987,2024-01-07,1.0
3220239,25749,60978,3060,2024-01-02,13.666666666666666
3220273,128526,11262,16511,2024-01-05,17.0
3220274,128526,16358,16511,2024-01-05,3.6666666666666665
3220318,172035,3382,4084,2024-01-02,1.0
3220319,186177,50270,20534,2024-01-06,4.333333333333333
3220328,211140,51316,17424,2024-01-05,1.6666666666666667
3220329,211527,42132,21987,2024-01-07,1.0
3220426,153303,1304,20404,2024-01-06,13.666666666666666
3220431,172035,1370,4084,2024-01-02,-0.3333333333333333
3220454,230331,1370,5280,2024-01-02,12.333333333333334
3220460,234972,50268,2822,2024-01-01,3.6666666666666665
3220487,71766,10652,3366,2024-01-02,3.6666666666666665
3220540,157398,60978,3948,2024-01-02,1.0
3220541,166437,56714,4060,2024-01-02,1.0
3220546,197595,1370,20591,2024-01-06,13.666666666666666
3220552,210627,50270,4700,2024-01-02,1.0
3220557,212748,33886,20706,2024-01-06,13.666666666666666
3220559,215298,48574,17538,2024-01-05,8.333333333333334
3220563,225699,11262,5103,2024-01-02,4.333333333333333
3220646,157224,56714,3947,2024-01-02,2.3333333333333335
3220654,191226,11262,4246,2024-01-02,1.6666666666666667
3220656,198210,56714,4383,2024-01-02,2.3333333333333335
3220666,212526,1304,17461,2024-01-05,1.6666666666666667
3220686,25749,1370,3060,2024-01-02,6.333333333333333
3220714,72918,1304,20191,2024-01-06,2.3333333333333335
3220762,153303,60978,20404,2024-01-06,7.0
3220765,157224,11262,3947,2024-01-02,3.6666666666666665
3220767,166437,48574,4060,2024-01-02,1.6666666666666667
3220800,234021,60978,22164,2024-01-07,3.0
3220801,235335,10652,5467,2024-01-02,13.666666666666666
3220802,236226,48574,13719,2024-01-04,1.6666666666666667
3220888,173940,1304,4096,2024-01-02,3.0
3220978,154887,1304,3935,2024-01-02,1.6666666666666667
3220985,194082,56714,4294,2024-01-02,27.0
3220996,206418,30500,21979,2024-01-07,3.6666666666666665
3221091,210627,11262,4700,2024-01-02,3.6666666666666665
3221094,217293,56714,4877,2024-01-02,1.6666666666666667
3221204,167316,11262,4062,2024-01-02,13.666666666666666
3221219,210627,1370,4700,2024-01-02,2.3333333333333335
3221222,212211,1372,20700,2024-01-06,1.6666666666666667
3221309,157398,48574,3948,2024-01-02,1.0
3221312,167316,30500,4062,2024-01-02,13.666666666666666
3221313,172704,51974,16792,2024-01-05,1.0
3221314,173940,11262,4096,2024-01-02,3.6666666666666665
3221317,184863,60978,16874,2024-01-05,13.666666666666666
3221327,206868,1304,20661,2024-01-06,23.666666666666668
3221328,213102,56714,4770,2024-01-02,5.666666666666667
3221341,230331,56714,5280,2024-01-02,3.6666666666666665
3221346,235335,11262,5467,2024-01-02,20.333333333333332
3221423,191232,1304,16952,2024-01-05,3.6666666666666665
3221438,227292,60978,20851,2024-01-06,3.0
3221471,65328,1372,3236,2024-01-02,1.6666666666666667
3221474,71766,30500,3366,2024-01-02,1.6666666666666667
3221475,72045,1370,3375,2024-01-02,3.6666666666666665
3221517,153303,1370,20404,2024-01-06,13.666666666666666
3221521,198573,1370,17102,2024-01-05,2.3333333333333335
3221527,209976,30500,20681,2024-01-06,4.333333333333333
3221547,236226,39186,5499,2024-01-02,-6.333333333333333
3221629,178458,10652,16829,2024-01-05,7.0
3221648,219381,1370,4919,2024-01-02,3.6666666666666665
3221654,225699,33886,5103,2024-01-02,1.6666666666666667
3221664,236226,1304,13719,2024-01-04,2.3333333333333335
3221740,181101,11262,8068,2024-01-03,20.333333333333332
3221764,225501,11262,5096,2024-01-02,7.0
3221772,236226,39186,5499,2024-01-02,7.0
3221775,236766,56714,5516,2024-01-02,1.0
3221807,72045,60978,3375,2024-01-02,1.0
3221857,172704,50272,16792,2024-01-05,1.0
3221858,182565,1304,4150,2024-01-02,2.3333333333333335
3221873,209976,60978,20681,2024-01-06,3.6666666666666665
3221876,211527,60978,21987,2024-01-07,-3.0
3221989,211140,60,17424,2024-01-05,1.0
3222035,72045,30500,3375,2024-01-02,1.6666666666666667
3222075,178458,50272,16829,2024-01-05,1.0
3222138,72918,60978,20191,2024-01-06,1.6666666666666667
3222147,128526,1370,16511,2024-01-05,4.333333333333333
3222191,198573,1304,17102,2024-01-05,2.3333333333333335
3222210,225699,1304,5103,2024-01-02,1.6666666666666667
3222319,172035,1304,4084,2024-01-02,1.0
3222321,173940,1370,4096,2024-01-02,3.0
3222323,187101,11262,8127,2024-01-03,33.666666666666664
3222334,212526,11262,20703,2024-01-06,1.0
3222335,215298,1372,17538,2024-01-05,-3.0
3222350,234018,1370,5421,2024-01-02,1.6666666666666667
3222358,25749,30500,3060,2024-01-02,10.333333333333334
3222359,25749,46632,3060,2024-01-02,1.6666666666666667
3222445,212220,1370,17456,2024-01-05,7.0
3222465,236766,1370,5516,2024-01-02,4.333333333333333
3222537,157224,1370,3947,2024-01-02,7.0
3222546,191226,30500,4246,2024-01-02,1.6666666666666667
3222557,225501,56714,5096,2024-01-02,5.0
3222563,230010,11262,22126,2024-01-07,3.6666666666666665
3222600,72918,48574,20191,2024-01-06,1.0
3222634,153303,11262,20404,2024-01-06,13.666666666666666
3222638,181101,44302,8068,2024-01-03,7.0
3222647,211527,60978,21987,2024-01-07,3.6666666666666665
3222698,65328,1370,3236,2024-01-02,1.0
3222701,72045,50270,3375,2024-01-02,1.0
3222702,72918,11262,20191,2024-01-06,1.6666666666666667
3222736,155403,11262,20413,2024-01-06,1.0
3222738,162843,1372,4040,2024-01-02,1.6666666666666667
3222743,183195,1372,20519,2024-01-06,1.6666666666666667
3222758,212211,48574,20700,2024-01-06,1.6666666666666667
3222775,230010,1372,22126,2024-01-07,1.6666666666666667
3222780,236226,39186,13719,2024-01-04,7.0
3222863,184863,44302,16874,2024-01-05,2.3333333333333335
3222876,225501,1370,5096,2024-01-02,7.0
3222954,153303,48574,20404,2024-01-06,3.6666666666666665
3222962,172035,48574,8002,2024-01-03,1.0
3222963,172704,35732,16792,2024-01-05,7.0
3222988,236226,60978,5499,2024-01-02,10.333333333333334
3222989,236226,1370,5499,2024-01-02,-5.0
3223067,181101,1304,12342,2024-01-04,67.0
3223070,191232,10652,16952,2024-01-05,7.0
3223074,194904,44302,20569,2024-01-06,1.6666666666666667
3223095,232269,44302,20925,2024-01-06,2.3333333333333335
3223165,153303,35732,20404,2024-01-06,7.0
3223181,209976,1304,20681,2024-01-06,3.0
3223199,234972,35732,2822,2024-01-01,7.0
3223286,172035,48574,4084,2024-01-02,1.0
3223292,186384,1370,4185,2024-01-02,4.333333333333333
3223313,227292,1370,20851,2024-01-06,3.0
3223323,234972,30500,2822,2024-01-01,1.6666666666666667
3223325,236226,1372,5499,2024-01-02,-1.0
3488726,72900,11262,11481,2024-01-04,13.666666666666666
3488769,182565,30500,12358,2024-01-04,2.3333333333333335
3488781,200502,30500,17145,2024-01-05,3.6666666666666665
3488783,206427,1370,17297,2024-01-05,7.0
3488784,207996,16358,17330,2024-01-05,1.6666666666666667
3488785,208350,48574,17339,2024-01-05,1.0
3488786,208536,11262,17351,2024-01-05,4.333333333333333
3488791,216108,1370,13065,2024-01-04,1.6666666666666667
3488797,222204,48574,17709,2024-01-05,1.0
3488803,226662,1304,20844,2024-01-06,10.333333333333334
3488804,226827,30500,13383,2024-01-04,4.333333333333333
3488872,66915,1370,15855,2024-01-05,1.0
3488919,187224,44302,12418,2024-01-04,2.3333333333333335
3488929,200502,33886,17145,2024-01-05,3.6666666666666665
3488931,204144,44302,17237,2024-01-05,3.0
3488934,206460,3382,17303,2024-01-05,1.0
3488935,208509,1304,12859,2024-01-04,1.6666666666666667
3488939,210342,1304,17402,2024-01-05,1.0
3488941,211950,1304,17442,2024-01-05,1.6666666666666667
3489010,60870,11262,15745,2024-01-05,5.0
3489012,64353,1304,15819,2024-01-05,1.0
3489013,65637,11262,15836,2024-01-05,1.6666666666666667
3489067,192159,30500,16971,2024-01-05,3.6666666666666665
3489074,198882,35846,12636,2024-01-04,3.0
3489076,206460,1304,17303,2024-01-05,3.6666666666666665
3489086,216108,11262,13065,2024-01-04,2.3333333333333335
3489092,220728,46632,17661,2024-01-05,1.6666666666666667
3489152,64734,1370,11303,2024-01-04,3.6666666666666665
3489202,166002,30500,12242,2024-01-04,2.3333333333333335
3489203,166995,60978,12249,2024-01-04,1.6666666666666667
3489217,203511,1304,12752,2024-01-04,2.3333333333333335
3489218,203709,1304,12757,2024-01-04,1.6666666666666667
3489222,206433,33886,17298,2024-01-05,2.3333333333333335
3489247,226662,11262,17851,2024-01-05,7.666666666666667
3489252,232404,1304,18064,2024-01-05,1.6666666666666667
3489348,183789,1304,16867,2024-01-05,1.6666666666666667
3489355,203727,1304,12758,2024-01-04,2.3333333333333335
3489382,232614,1370,18076,2024-01-05,2.3333333333333335
3489489,154275,1370,16633,2024-01-05,10.333333333333334
3489503,198990,1304,12639,2024-01-04,2.3333333333333335
3489509,203700,35732,17229,2024-01-05,1.6666666666666667
3489514,208524,44302,17349,2024-01-05,7.0
3489515,208572,1370,17354,2024-01-05,1.6666666666666667
3489518,210690,60978,17411,2024-01-05,1.6666666666666667
3489519,210876,60978,17414,2024-01-05,3.6666666666666665
3489547,236973,11262,18209,2024-01-05,9.666666666666666
3489606,66879,1304,15854,2024-01-05,1.0
3489637,129204,1304,16525,2024-01-05,5.0
3489648,154275,11262,16633,2024-01-05,1.0
3489653,162603,1304,16754,2024-01-05,7.0
3489655,172587,1370,16790,2024-01-05,1.0
3489656,175266,1304,16811,2024-01-05,7.0
3489657,181149,48574,12343,2024-01-04,2.3333333333333335
3489671,203094,11262,17220,2024-01-05,1.0
3489672,204144,39186,12761,2024-01-04,3.0
3489674,208515,11262,12860,2024-01-04,7.0
3489675,208524,39186,17349,2024-01-05,7.0
3489684,217380,1370,17590,2024-01-05,3.6666666666666665
3489685,217848,39186,17604,2024-01-05,1.0
3489701,233427,1370,18096,2024-01-05,2.3333333333333335
3489759,61824,44302,15765,2024-01-05,2.3333333333333335
3489818,174468,30500,16805,2024-01-05,13.666666666666666
3489827,198882,11262,12636,2024-01-04,2.3333333333333335
3489837,206460,42132,17303,2024-01-05,1.0
3489853,220728,1370,17661,2024-01-05,3.6666666666666665
3489861,229527,10652,17960,2024-01-05,1.6666666666666667
3489916,61692,16358,15761,2024-01-05,2.3333333333333335
3489922,69060,48574,15896,2024-01-05,4.333333333333333
3489973,207390,60978,12844,2024-01-04,3.6666666666666665
3489980,212571,1370,17463,2024-01-05,1.0
3490114,162603,1370,16754,2024-01-05,3.0
3490131,203295,11262,12748,2024-01-04,3.0
3490133,206433,1304,17298,2024-01-05,3.0
3490136,208503,60978,17347,2024-01-05,3.6666666666666665
3490143,220269,1370,17643,2024-01-05,17.0
3490146,222438,60978,17713,2024-01-05,3.6666666666666665
3490173,238032,1370,9473,2024-01-03,2.3333333333333335
3490280,153072,1304,16626,2024-01-05,7.0
3490281,153141,1304,16628,2024-01-05,2.3333333333333335
3490303,206412,33886,17295,2024-01-05,7.0
3490304,206427,1304,17297,2024-01-05,27.0
3490308,208575,48574,8556,2024-01-03,7.0
3490309,209154,11262,17367,2024-01-05,3.6666666666666665
3490310,210690,33886,17411,2024-01-05,1.6666666666666667
3490312,211950,1370,17442,2024-01-05,1.6666666666666667
3490321,220269,1372,17643,2024-01-05,7.0
3490329,232035,1370,18045,2024-01-05,3.0
3490335,238032,60978,9473,2024-01-03,3.0
3490393,88920,1372,16107,2024-01-05,2.3333333333333335
3490438,172161,48574,16788,2024-01-05,7.0
3490446,193323,30500,16990,2024-01-05,3.0
3490449,197286,60978,17072,2024-01-05,7.0
3490457,200502,44302,17145,2024-01-05,1.6666666666666667
3490460,201564,30500,12713,2024-01-04,3.6666666666666665
3490461,203199,1304,17225,2024-01-05,1.0
3490462,206376,33886,17294,2024-01-05,53.666666666666664
3490464,208515,39186,12860,2024-01-04,7.0
3490465,208524,1372,17349,2024-01-05,1.0
3490466,209154,16358,17367,2024-01-05,1.0
3490482,225501,50724,17818,2024-01-05,1.0
3490484,226827,48574,13383,2024-01-04,1.0
3490490,233970,1304,13640,2024-01-04,1.0
3490569,66378,33886,15844,2024-01-05,3.6666666666666665
3490622,156225,1370,16643,2024-01-05,1.6666666666666667
3490626,166002,1304,12242,2024-01-04,1.6666666666666667
3490632,193323,60978,16990,2024-01-05,1.0
3490634,195507,1372,12552,2024-01-04,1.6666666666666667
3490642,210876,30500,17414,2024-01-05,2.3333333333333335
3490654,226827,1372,13383,2024-01-04,2.3333333333333335
3490713,64299,56714,7206,2024-01-03,1.6666666666666667
3490753,128469,1304,11980,2024-01-04,5.0
3490771,153960,48574,12101,2024-01-04,1.6666666666666667
3490791,203175,33886,17223,2024-01-05,20.333333333333332
3490792,203301,33886,12749,2024-01-04,1.6666666666666667
3490797,208722,1304,17357,2024-01-05,1.0
3490819,235299,48574,13688,2024-01-04,2.3333333333333335
3490907,153999,1304,16630,2024-01-05,1.0
3490914,174468,11262,16805,2024-01-05,17.0
3490921,198882,30500,17108,2024-01-05,13.666666666666666
3490922,201564,11262,12713,2024-01-04,-3.0
3490924,203706,33886,12756,2024-01-04,1.0
3490928,206439,1304,17299,2024-01-05,67.0
3491042,153792,33886,12098,2024-01-04,4.333333333333333
3491052,187734,1304,16903,2024-01-05,1.6666666666666667
3491057,200502,30500,17145,2024-01-05,1.0
3491072,212775,1304,17470,2024-01-05,1.6666666666666667
3491079,217848,50724,17604,2024-01-05,1.6666666666666667
3491080,218265,11262,17610,2024-01-05,1.6666666666666667
3491091,229521,44302,17959,2024-01-05,1.6666666666666667
3491092,229527,30500,17960,2024-01-05,1.0
3491135,61908,1304,15767,2024-01-05,7.0
3491136,62817,48574,15786,2024-01-05,3.6666666666666665
3491137,62817,50272,15786,2024-01-05,1.0
3491173,153792,48574,12098,2024-01-04,1.0
3491185,195894,124,12564,2024-01-04,1.0
3491189,201564,44302,12713,2024-01-04,1.0
3491190,201564,11262,12713,2024-01-04,3.6666666666666665
3491212,232068,11262,18047,2024-01-05,3.0
3491261,61824,1304,15765,2024-01-05,3.6666666666666665
3491264,66879,48574,15854,2024-01-05,1.0
3491273,88920,44302,16107,2024-01-05,1.6666666666666667
3491314,153303,50270,16629,2024-01-05,2.3333333333333335
3491315,154098,1304,12102,2024-01-04,2.3333333333333335
3491316,154275,1304,16633,2024-01-05,10.333333333333334
3491324,174468,11262,16805,2024-01-05,27.0
3491327,182565,1370,12358,2024-01-04,1.6666666666666667
3491342,201564,44302,12713,2024-01-04,-0.3333333333333333
3491345,205740,1304,17284,2024-01-05,3.6666666666666665
3491364,229527,50274,17960,2024-01-05,1.0
3491414,61692,33886,15761,2024-01-05,13.666666666666666
3491427,88920,1370,16107,2024-01-05,2.3333333333333335
3491449,154098,11262,12102,2024-01-04,5.666666666666667
3491451,158658,48574,12160,2024-01-04,2.3333333333333335
3491456,195894,60978,12564,2024-01-04,1.0
3491460,204144,30500,17237,2024-01-05,3.0
3491466,208347,1370,17338,2024-01-05,13.666666666666666
3491471,210690,44302,17411,2024-01-05,1.0
3491473,212430,16358,12947,2024-01-04,3.0
3491486,226662,1370,17851,2024-01-05,-53.0
3491547,66879,1372,15854,2024-01-05,1.0
3491588,153303,1304,16629,2024-01-05,10.333333333333334
3491597,186990,1370,16895,2024-01-05,13.666666666666666
3491609,201564,1304,12713,2024-01-04,-1.0
3491615,209994,10652,17391,2024-01-05,1.0
3491639,233970,10652,13640,2024-01-04,1.6666666666666667
3491690,65637,30500,15836,2024-01-05,1.0
3491759,232035,1370,13576,2024-01-04,5.0
3491862,183573,1304,16866,2024-01-05,10.333333333333334
3491875,200508,1304,12680,2024-01-04,2.3333333333333335
3491878,202818,48574,17211,2024-01-05,3.0
3491879,203133,30500,17221,2024-01-05,5.0
3491888,212571,11262,17463,2024-01-05,1.6666666666666667
3491894,216108,48574,13065,2024-01-04,1.0
3491908,231102,1370,18008,2024-01-05,1.6666666666666667
3491910,231663,10652,18026,2024-01-05,1.6666666666666667
3491911,232035,35732,18045,2024-01-05,13.666666666666666
3491948,60882,1370,15746,2024-01-05,2.3333333333333335
3492014,203199,1372,17225,2024-01-05,3.0
3492017,208500,1304,17346,2024-01-05,3.6666666666666665
3492033,226662,1370,20844,2024-01-06,53.666666666666664
3492158,187101,48574,16897,2024-01-05,7.0
3492167,198882,1304,12636,2024-01-04,2.3333333333333335
3492169,200508,1370,12680,2024-01-04,2.3333333333333335
3492180,219456,1304,13164,2024-01-04,2.3333333333333335
3492201,238032,33886,9473,2024-01-03,3.0
3492303,187734,1370,16903,2024-01-05,5.666666666666667
3492304,197802,30500,12604,2024-01-04,3.6666666666666665
3492311,203811,11262,17230,2024-01-05,2.3333333333333335
3492312,204522,1372,17249,2024-01-05,1.6666666666666667
3492315,208806,35846,17359,2024-01-05,21.666666666666668
3492325,217848,57804,17604,2024-01-05,1.0
3492378,61908,11262,15767,2024-01-05,1.6666666666666667
3492382,66378,1304,15844,2024-01-05,3.6666666666666665
3492383,66777,11262,11329,2024-01-04,2.3333333333333335
3492385,66879,1370,15854,2024-01-05,2.3333333333333335
3492443,154098,1370,12102,2024-01-04,5.0
3492452,183789,1372,16867,2024-01-05,1.0
3492453,187101,30500,16897,2024-01-05,27.0
3492454,187101,1370,16897,2024-01-05,20.333333333333332
3492458,198867,50270,17106,2024-01-05,1.0
3492460,201564,60978,12713,2024-01-04,-3.0
3492463,203178,1304,17224,2024-01-05,1.6666666666666667
3492465,207996,35846,17330,2024-01-05,1.6666666666666667
3492467,208575,1304,8556,2024-01-03,13.666666666666666
3492468,210978,30500,17418,2024-01-05,1.6666666666666667
3492491,232035,11262,13576,2024-01-04,4.333333333333333
3492591,153999,1304,16630,2024-01-05,-0.3333333333333333
3492608,198990,50268,12639,2024-01-04,2.3333333333333335
3492612,201564,44302,12713,2024-01-04,1.0
3492617,208545,1304,17352,2024-01-05,2.3333333333333335
3492626,220011,1304,13176,2024-01-04,3.0
3492634,225501,11262,17818,2024-01-05,7.0
3492705,66924,1304,15857,2024-01-05,1.6666666666666667
3492752,175266,33886,16811,2024-01-05,3.6666666666666665
3492754,183789,11262,16867,2024-01-05,2.3333333333333335
3492755,188730,1304,16916,2024-01-05,3.6666666666666665
3492756,188844,1370,16917,2024-01-05,3.6666666666666665
3492763,197286,60978,17072,2024-01-05,1.0
3492771,204795,48574,12770,2024-01-04,5.666666666666667
3492775,205659,1370,17282,2024-01-05,1.6666666666666667
3492780,211632,16358,17436,2024-01-05,2.3333333333333335
3492781,212430,1372,12947,2024-01-04,1.6666666666666667
3492789,220269,35846,17643,2024-01-05,1.6666666666666667
3492791,220728,35846,17661,2024-01-05,3.0
3492798,228729,11262,13447,2024-01-04,2.3333333333333335
3492802,229521,1304,17959,2024-01-05,2.3333333333333335
3492875,72900,60978,11481,2024-01-04,17.0
3492915,154032,35846,16631,2024-01-05,1.0
3492918,166995,1370,12249,2024-01-04,3.0
3492919,172587,1304,16790,2024-01-05,1.6666666666666667
3492926,188730,48574,16916,2024-01-05,1.6666666666666667
3492928,192159,60978,16971,2024-01-05,5.0
3492961,226827,11262,13383,2024-01-04,4.333333333333333
3493007,64734,1304,11303,2024-01-04,3.0
3493048,153999,1372,16630,2024-01-05,-1.0
3493052,177672,48574,12327,2024-01-04,1.0
3493055,182565,46632,12358,2024-01-04,1.0
3493062,198990,11262,12639,2024-01-04,8.333333333333334
3493069,203178,42132,17224,2024-01-05,1.6666666666666667
3493077,208536,1304,17351,2024-01-05,1.0
3493090,220011,1370,13176,2024-01-04,7.0
3493091,220269,50274,17643,2024-01-05,3.6666666666666665
3493102,233970,1370,13640,2024-01-04,1.6666666666666667
3493199,154275,48574,16633,2024-01-05,13.666666666666666
3493200,155097,1304,16639,2024-01-05,1.6666666666666667
3493208,176643,48574,16818,2024-01-05,3.0
3493214,198867,60978,17106,2024-01-05,1.6666666666666667
3493215,198882,50272,12636,2024-01-04,1.0
3493219,202818,11262,17211,2024-01-05,3.6666666666666665
3493220,203178,1370,17224,2024-01-05,4.333333333333333
3493223,206460,42132,17303,2024-01-05,-0.3333333333333333
3493244,230178,60978,17981,2024-01-05,1.0
3493252,238608,11262,13791,2024-01-04,2.3333333333333335
3493293,62817,1370,15786,2024-01-05,8.333333333333334
3493302,88920,30500,16107,2024-01-05,2.3333333333333335
3493335,153792,35732,12098,2024-01-04,5.666666666666667
3493339,166995,11262,12249,2024-01-04,2.3333333333333335
3493342,174468,10652,16805,2024-01-05,4.333333333333333
3493343,175266,35846,16811,2024-01-05,2.3333333333333335
3493344,175266,1370,16811,2024-01-05,10.333333333333334
3493352,197286,50270,17072,2024-01-05,1.6666666666666667
3493356,201564,60978,12713,2024-01-04,3.6666666666666665
3493358,202818,44302,17211,2024-01-05,1.6666666666666667
3493359,203073,1370,17218,2024-01-05,5.0
3493360,203166,44302,17222,2024-01-05,1.0
3493361,203166,48574,17222,2024-01-05,1.6666666666666667
3493362,203295,33886,12748,2024-01-04,7.0
3493363,203301,1304,12749,2024-01-04,1.0
3493367,208491,1304,17345,2024-01-05,3.6666666666666665
3493370,210876,16358,17414,2024-01-05,1.6666666666666667
3493372,211548,48574,17435,2024-01-05,1.6666666666666667
3493394,226662,1304,17851,2024-01-05,10.333333333333334
3493395,226662,11262,17851,2024-01-05,-7.0
3493399,228729,30500,13447,2024-01-04,1.0
3493402,229521,46632,17959,2024-01-05,1.0
3493403,229521,11262,17959,2024-01-05,17.0
3493507,188847,11262,12442,2024-01-04,3.0
3493520,198867,1370,17106,2024-01-05,3.6666666666666665
3493524,203295,48574,12748,2024-01-04,1.0
3493525,203310,60978,12750,2024-01-04,4.333333333333333
3493528,208053,11262,17333,2024-01-05,2.3333333333333335
3493544,229527,60978,17960,2024-01-05,1.0
3493653,174468,1304,16805,2024-01-05,27.0
3493665,202818,50274,17211,2024-01-05,1.0
3493666,203178,48574,17224,2024-01-05,2.3333333333333335
3493667,203700,11262,17229,2024-01-05,3.6666666666666665
3493669,205659,1304,17282,2024-01-05,1.0
3493684,217848,46632,17604,2024-01-05,1.0
3493695,225501,46632,17818,2024-01-05,1.0
3493696,225501,124,17818,2024-01-05,5.0
3493700,228729,1370,13447,2024-01-04,2.3333333333333335
3493758,88920,50272,16107,2024-01-05,1.0
3493801,155097,1372,16639,2024-01-05,1.6666666666666667
3493814,203082,35732,17219,2024-01-05,1.6666666666666667
3493819,208911,1304,17361,2024-01-05,2.3333333333333335
3493826,216108,1304,13065,2024-01-04,1.6666666666666667
3493834,226662,1370,17851,2024-01-05,53.666666666666664
3493891,66465,1372,15846,2024-01-05,1.0
3493928,153792,124,12098,2024-01-04,3.6666666666666665
3493932,162603,11262,16754,2024-01-05,1.6666666666666667
3493933,165927,48574,12241,2024-01-04,1.0
3493937,188847,1304,12442,2024-01-04,1.6666666666666667
3493943,196845,1372,17064,2024-01-05,1.6666666666666667
3493949,200502,60978,17145,2024-01-05,4.333333333333333
3493950,201564,11262,12713,2024-01-04,3.6666666666666665
3493951,203871,60978,17232,2024-01-05,2.3333333333333335
3493954,208911,35846,17361,2024-01-05,1.0
3493964,220269,44302,17643,2024-01-05,13.666666666666666
3493982,232404,30500,18064,2024-01-05,5.0
3494030,62817,1304,15786,2024-01-05,3.6666666666666665
3494082,161667,11262,16749,2024-01-05,1.6666666666666667
3494084,174468,48574,16805,2024-01-05,3.6666666666666665
3494094,193323,33886,16990,2024-01-05,3.0
3494100,203166,60978,17222,2024-01-05,3.6666666666666665
3494120,225480,1370,13345,2024-01-04,1.6666666666666667
3494121,226827,60978,13383,2024-01-04,4.333333333333333
3494125,229521,60978,17959,2024-01-05,10.333333333333334
3494126,230178,1370,17981,2024-01-05,1.0
3494193,64299,1372,7206,2024-01-03,1.0
3494197,66777,1372,11329,2024-01-04,1.6666666666666667
3494243,153960,1304,12101,2024-01-04,1.6666666666666667
3494259,192564,1370,16979,2024-01-05,1.6666666666666667
3494262,196845,44302,17064,2024-01-05,1.6666666666666667
3494263,197286,50272,17072,2024-01-05,1.6666666666666667
3494268,204771,11262,17255,2024-01-05,1.0
3494271,208503,11262,17347,2024-01-05,3.6666666666666665
3494305,236973,1304,18209,2024-01-05,7.0
3494345,66378,50270,15844,2024-01-05,1.0
3494346,66465,10652,15846,2024-01-05,2.3333333333333335
3494347,66777,1304,11329,2024-01-04,5.0
3494381,128685,35732,11982,2024-01-04,1.6666666666666667
3494403,193323,48574,16990,2024-01-05,1.0
3494409,203811,1304,17230,2024-01-05,1.6666666666666667
3494414,206376,50270,17294,2024-01-05,1.6666666666666667
3494415,206376,51974,17294,2024-01-05,1.0
3494417,208473,11262,12857,2024-01-04,3.0
3494418,208572,46632,17354,2024-01-05,3.6666666666666665
3494426,217848,50270,17604,2024-01-05,1.0
3494430,221115,30500,13208,2024-01-04,4.333333333333333
3494431,221115,1372,13208,2024-01-04,1.0
3494442,228729,1304,13447,2024-01-04,2.3333333333333335
3494449,236973,60978,18209,2024-01-05,6.333333333333333
3494495,64299,33886,7206,2024-01-03,1.6666666666666667
3494550,188847,50724,12442,2024-01-04,1.6666666666666667
3494560,200502,46632,17145,2024-01-05,1.0
3494561,200502,48574,17145,2024-01-05,1.6666666666666667
3494562,204657,1372,17252,2024-01-05,2.3333333333333335
3494563,204762,48574,17254,2024-01-05,1.0
3494579,223968,44302,17753,2024-01-05,1.6666666666666667
3494588,229527,42132,17960,2024-01-05,1.0
3494676,155055,1370,12120,2024-01-04,3.6666666666666665
3494681,161667,1304,16749,2024-01-05,1.6666666666666667
3494685,177672,1370,12327,2024-01-04,2.3333333333333335
3494689,192159,48574,16971,2024-01-05,3.6666666666666665
3494699,201564,48574,12713,2024-01-04,-1.0
3494795,66777,50268,11329,2024-01-04,1.0
3494835,196845,48574,17064,2024-01-05,2.3333333333333335
3494844,203700,10652,17229,2024-01-05,1.6666666666666667
3494845,205662,1304,12794,2024-01-04,1.6666666666666667
3494846,207993,1304,17329,2024-01-05,1.0
3494908,64353,1370,15819,2024-01-05,2.3333333333333335
3494911,67056,1304,15860,2024-01-05,1.6666666666666667
3494940,140277,11262,16559,2024-01-05,1.0
3494949,166995,48574,12249,2024-01-04,1.6666666666666667
3494962,203700,33886,17229,2024-01-05,2.3333333333333335
3494963,204771,16358,17255,2024-01-05,5.0
3494964,204795,44302,12770,2024-01-04,1.6666666666666667
3494966,206442,11262,17300,2024-01-05,1.6666666666666667
3494968,207996,11262,17330,2024-01-05,3.0
3494975,212430,11262,12947,2024-01-04,1.0
3494992,233970,60978,13640,2024-01-04,1.6666666666666667
3495074,153303,48574,16629,2024-01-05,3.6666666666666665
3495075,154758,60978,16636,2024-01-05,20.333333333333332
3495083,161667,30500,16749,2024-01-05,1.6666666666666667
3495091,197286,30500,17072,2024-01-05,9.0
3495099,208524,60978,17349,2024-01-05,20.333333333333332
3495104,217848,30500,17604,2024-01-05,3.6666666666666665
3495115,228060,1370,17901,2024-01-05,1.0
3495228,196455,48574,17056,2024-01-05,2.3333333333333335
3495232,203295,1304,12748,2024-01-04,1.0
3495234,205662,39186,12794,2024-01-04,2.3333333333333335
3495236,207390,33886,12844,2024-01-04,7.0
3495238,207996,39186,17330,2024-01-05,2.3333333333333335
3495246,219420,30500,13163,2024-01-04,1.0
3495247,219420,1304,13163,2024-01-04,1.6666666666666667
3495311,72900,1370,11481,2024-01-04,7.0
3495340,153303,35846,16629,2024-01-05,3.6666666666666665
3495346,166995,35732,12249,2024-01-04,3.0
3495350,193323,1304,16990,2024-01-05,1.6666666666666667
3495358,204276,33886,17243,2024-01-05,1.0
3495359,204657,11262,17252,2024-01-05,7.0
3495360,204762,35732,17254,2024-01-05,3.0
3495361,206439,11262,17299,2024-01-05,7.0
3495362,207996,10652,17330,2024-01-05,2.3333333333333335
3495363,208500,48574,17346,2024-01-05,3.6666666666666665
3495378,229521,48574,17959,2024-01-05,2.3333333333333335
3495379,229527,46632,17960,2024-01-05,1.0
3495490,153138,30500,16627,2024-01-05,1.6666666666666667
3495497,181149,1304,12343,2024-01-04,1.6666666666666667
3495503,193323,46632,16990,2024-01-05,1.0
3495511,203709,35846,12757,2024-01-04,1.0
3495513,206433,30500,17298,2024-01-05,1.6666666666666667
3495514,206451,44302,17302,2024-01-05,1.0
3495515,208350,33886,17339,2024-01-05,1.6666666666666667
3495516,208491,11262,17345,2024-01-05,3.6666666666666665
3495541,238032,30500,9473,2024-01-03,3.0
3495641,187224,30500,12418,2024-01-04,7.0
3495642,188730,60978,16916,2024-01-05,7.0
3495650,202818,60978,17211,2024-01-05,3.6666666666666665
3495651,203511,1370,12752,2024-01-04,1.6666666666666667
3495652,203700,60978,17229,2024-01-05,3.0
3495653,204276,11262,17243,2024-01-05,2.3333333333333335
3495656,206433,11262,17298,2024-01-05,2.3333333333333335
3495664,218265,48574,17610,2024-01-05,1.0
3495681,237195,48574,13750,2024-01-04,1.0
3495682,238032,3382,9473,2024-01-03,3.0
3495730,66465,46632,15846,2024-01-05,1.0
3495731,67764,1304,11348,2024-01-04,1.6666666666666667
3495767,174468,1370,16805,2024-01-05,27.0
3495792,211950,44302,17442,2024-01-05,1.0
3495805,224280,11262,17771,2024-01-05,3.6666666666666665
3495811,232404,11262,18064,2024-01-05,7.0
3495818,238608,48574,18256,2024-01-05,1.6666666666666667
3495855,61908,1370,15767,2024-01-05,7.0
3495900,128334,30500,16501,2024-01-05,1.6666666666666667
3495920,166995,1304,12249,2024-01-04,3.0
3495940,205740,1370,17284,2024-01-05,2.3333333333333335
3495960,232404,44302,18064,2024-01-05,1.0
3495964,238608,30500,13791,2024-01-04,1.6666666666666667
3496011,61692,44302,15761,2024-01-05,4.333333333333333
3496019,66378,44302,15844,2024-01-05,3.0
3496071,181860,1304,12351,2024-01-04,10.333333333333334
3496078,197286,35732,17072,2024-01-05,2.3333333333333335
3496084,203073,11262,17218,2024-01-05,2.3333333333333335
3496087,211965,16358,12935,2024-01-04,4.333333333333333
3496088,212337,60978,12944,2024-01-04,1.6666666666666667
3496089,212337,11262,12944,2024-01-04,1.6666666666666667
3496097,217494,48574,17595,2024-01-05,1.0
3496113,229527,39186,17960,2024-01-05,4.333333333333333
3496120,231663,60978,18026,2024-01-05,3.6666666666666665
3496121,231663,11262,18026,2024-01-05,1.6666666666666667
3496124,233970,11262,13640,2024-01-04,1.0
3496221,161667,60978,16749,2024-01-05,1.6666666666666667
3496222,165927,1304,12241,2024-01-04,1.0
3496226,183789,1370,16867,2024-01-05,2.3333333333333335
3496227,187224,1370,12418,2024-01-04,3.0
3496232,193323,11262,16990,2024-01-05,7.666666666666667
3496241,203073,30500,17218,2024-01-05,1.0
3496244,206442,33886,17300,2024-01-05,1.6666666666666667
3496258,225501,30500,17818,2024-01-05,2.3333333333333335
3496263,227115,11262,13393,2024-01-04,5.666666666666667
3496267,233970,48574,13640,2024-01-04,1.0
3496322,88920,11262,16107,2024-01-05,3.0
3496354,162603,48574,16754,2024-01-05,1.6666666666666667
3496359,188730,11262,16916,2024-01-05,7.0
3496363,193323,50270,16990,2024-01-05,1.0
3496369,203178,35846,17224,2024-01-05,1.6666666666666667
3496384,220269,42132,17643,2024-01-05,3.6666666666666665
3496394,229527,48574,17960,2024-01-05,1.0
3496395,232068,1304,18047,2024-01-05,7.0
3496403,237195,1304,13750,2024-01-04,1.6666666666666667
3496404,237195,1372,13750,2024-01-04,1.0
3496405,238887,1304,18270,2024-01-05,1.0
3496463,66465,1304,15846,2024-01-05,3.0
3496464,66777,1370,11329,2024-01-04,6.333333333333333
3496509,165927,1372,12241,2024-01-04,1.0
3496524,201564,1304,12713,2024-01-04,1.6666666666666667
3496526,203301,48574,12749,2024-01-04,2.3333333333333335
3496527,203811,1370,17230,2024-01-05,1.6666666666666667
3496528,206376,60978,17294,2024-01-05,3.6666666666666665
3496531,208473,33886,12857,2024-01-04,2.3333333333333335
3496540,220269,10652,17643,2024-01-05,13.666666666666666
3496549,229527,44302,17960,2024-01-05,1.0
3496608,61692,42132,15761,2024-01-05,2.3333333333333335
3496610,64299,11262,7206,2024-01-03,2.3333333333333335
3496654,153792,50268,12098,2024-01-04,2.3333333333333335
3496664,182565,11262,12358,2024-01-04,5.0
3496683,206376,1304,17294,2024-01-05,2.3333333333333335
3496684,208533,1304,17350,2024-01-05,1.0
3496702,229521,30500,17959,2024-01-05,13.666666666666666
3496703,231663,1370,18026,2024-01-05,3.6666666666666665
3496704,232035,35732,13576,2024-01-04,4.333333333333333
3496761,60882,46632,15746,2024-01-05,4.333333333333333
3496770,67056,1372,15860,2024-01-05,1.6666666666666667
3496777,88920,60978,16107,2024-01-05,4.333333333333333
3496835,164064,30500,16756,2024-01-05,1.6666666666666667
3496836,177672,1372,12327,2024-01-04,1.6666666666666667
3496854,211947,1304,17441,2024-01-05,1.6666666666666667
3496855,212430,30500,12947,2024-01-04,1.0
3496856,212775,48574,17470,2024-01-05,1.0
3496866,228060,46632,17901,2024-01-05,1.0
3496870,229527,33886,17960,2024-01-05,1.0
3496969,153138,35732,16627,2024-01-05,1.6666666666666667
3496976,166995,33886,12249,2024-01-04,4.333333333333333
3497069,60882,44302,15746,2024-01-05,1.0
3497071,66378,60978,15844,2024-01-05,7.0
3497110,155052,35732,16638,2024-01-05,1.0
3497111,157938,11262,16664,2024-01-05,1.6666666666666667
3497113,162603,44302,16754,2024-01-05,1.0
3497119,192564,1304,16979,2024-01-05,1.0
3497123,198882,1370,12636,2024-01-04,1.6666666666666667
3497124,198882,44302,17108,2024-01-05,3.6666666666666665
3497128,201564,48574,12713,2024-01-04,1.6666666666666667
3497132,203310,11262,12750,2024-01-04,8.333333333333334
3497133,204276,1304,17243,2024-01-05,1.0
3497136,205662,60978,12794,2024-01-04,3.6666666666666665
3497145,216108,35732,13065,2024-01-04,1.6666666666666667
3497153,221115,60978,13208,2024-01-04,5.666666666666667
3497156,226662,11262,20844,2024-01-06,6.333333333333333
3497170,238032,39186,9473,2024-01-03,3.0
3497271,153999,1372,16630,2024-01-05,1.6666666666666667
3497285,203133,11262,17221,2024-01-05,3.6666666666666665
3497286,203727,48574,12758,2024-01-04,4.333333333333333
3497290,210051,60978,17392,2024-01-05,1.0
3497310,228729,1304,13447,2024-01-04,1.6666666666666667
3497422,201837,1304,17183,2024-01-05,3.6666666666666665
3497424,204144,11262,12761,2024-01-04,7.0
3497425,204276,30500,17243,2024-01-05,1.0
3497429,208506,1304,17348,2024-01-05,2.3333333333333335
3497439,219522,30500,17627,2024-01-05,2.3333333333333335
3497440,222438,1370,17713,2024-01-05,1.6666666666666667
3497443,227115,33886,13393,2024-01-04,3.6666666666666665
3497494,66378,30500,15844,2024-01-05,7.0
3497542,153303,1370,16629,2024-01-05,13.666666666666666
3497543,154542,1370,16635,2024-01-05,1.6666666666666667
3497551,186990,30500,16895,2024-01-05,1.0
3497564,204657,1370,17252,2024-01-05,2.3333333333333335
3497566,206460,3382,17303,2024-01-05,-0.3333333333333333
3497567,207993,1370,17329,2024-01-05,1.6666666666666667
3497568,208500,33886,17346,2024-01-05,2.3333333333333335
3497570,210342,1370,17402,2024-01-05,1.6666666666666667
3497574,216108,10652,13065,2024-01-04,1.6666666666666667
3497587,232068,35732,18047,2024-01-05,7.0
3497641,66777,30500,11329,2024-01-04,1.0
3497652,88920,35732,16107,2024-01-05,2.3333333333333335
3497675,128685,16358,11982,2024-01-04,1.6666666666666667
3497696,189012,1304,16919,2024-01-05,3.0
3497705,201564,48574,12713,2024-01-04,1.6666666666666667
3497706,201564,60978,12713,2024-01-04,3.6666666666666665
3497708,204762,11262,17254,2024-01-05,1.6666666666666667
3497711,208350,1304,17339,2024-01-05,1.0
3497712,208533,48574,17350,2024-01-05,2.3333333333333335
3497716,212397,1372,12946,2024-01-04,4.333333333333333
3497722,220269,1304,17643,2024-01-05,7.0
3497734,232455,16358,18069,2024-01-05,1.6666666666666667
3497848,153303,10652,16629,2024-01-05,7.0
3497874,208533,33886,17350,2024-01-05,1.6666666666666667
3497883,221115,48574,13208,2024-01-04,1.0
3497892,228729,1370,13447,2024-01-04,5.0
3497895,232035,30500,13576,2024-01-04,2.3333333333333335
3497896,232068,11262,18047,2024-01-05,7.0
3498008,181149,1372,12343,2024-01-04,1.0
3498009,186990,1304,16895,2024-01-05,7.0
3498015,196845,1370,17064,2024-01-05,3.6666666666666665
3498023,208503,33886,17347,2024-01-05,3.6666666666666665
3498024,208545,48574,17352,2024-01-05,1.0
3498025,208722,48574,17357,2024-01-05,1.6666666666666667
3498031,211632,1370,17436,2024-01-05,1.6666666666666667
3498032,212571,60978,17463,2024-01-05,2.3333333333333335
3498043,219420,10652,13163,2024-01-04,1.6666666666666667
3498060,236973,1370,18209,2024-01-05,3.0
3498120,66918,1370,15856,2024-01-05,2.3333333333333335
3498160,153303,11262,16629,2024-01-05,20.333333333333332
3498178,206448,1304,17301,2024-01-05,1.6666666666666667
3498181,208476,44302,12858,2024-01-04,1.0
3498182,208545,11262,17352,2024-01-05,2.3333333333333335
3498183,208806,1304,17359,2024-01-05,7.0
3498199,227115,1304,13393,2024-01-04,3.6666666666666665
3498260,66465,60978,15846,2024-01-05,3.6666666666666665
3498308,153072,1372,16626,2024-01-05,3.6666666666666665
3498315,166002,1370,12242,2024-01-04,1.6666666666666667
3498318,172719,11262,16793,2024-01-05,3.0
3498322,188853,11262,12443,2024-01-04,4.333333333333333
3498328,198882,39186,12636,2024-01-04,13.666666666666666
3498331,204522,1370,17249,2024-01-05,2.3333333333333335
3498332,210051,48574,17392,2024-01-05,1.6666666666666667
3498335,212337,11262,12944,2024-01-04,1.0
3498347,230178,11262,17981,2024-01-05,1.6666666666666667
3498357,238887,1370,18270,2024-01-05,2.3333333333333335
3498449,188730,44302,16916,2024-01-05,1.6666666666666667
3498457,206421,1370,17296,2024-01-05,1.6666666666666667
3498459,208491,48574,17345,2024-01-05,3.6666666666666665
3498474,222438,48574,17713,2024-01-05,1.0
3498536,62817,10808,15786,2024-01-05,3.0
3498588,153792,1304,12098,2024-01-04,1.0
3498608,203301,11262,12749,2024-01-04,2.3333333333333335
3498609,203706,35732,12756,2024-01-04,1.6666666666666667
3498614,210978,1372,17418,2024-01-05,1.0
3498616,212430,1370,12947,2024-01-04,2.3333333333333335
3498622,217848,1370,17604,2024-01-05,4.333333333333333
3498625,220728,1304,17661,2024-01-05,2.3333333333333335
3498635,225672,11262,17827,2024-01-05,1.6666666666666667
3498756,197802,44302,12604,2024-01-04,2.3333333333333335
3498759,203094,35846,17220,2024-01-05,1.6666666666666667
3498765,208515,33886,12860,2024-01-04,7.0
3498774,222204,50270,17709,2024-01-05,1.0
3498787,231102,1372,18008,2024-01-05,1.0
3498793,238032,10808,9473,2024-01-03,1.0
3498834,64299,1370,7206,2024-01-03,4.333333333333333
3498839,72900,30500,11481,2024-01-04,7.0
3498877,154275,11262,16633,2024-01-05,20.333333333333332
3498900,192564,44302,16979,2024-01-05,2.3333333333333335
3498907,198867,10652,17106,2024-01-05,3.6666666666666665
3498912,200502,11262,17145,2024-01-05,4.333333333333333
3498915,203175,44302,17223,2024-01-05,7.0
3498916,203706,1304,12756,2024-01-04,1.6666666666666667
3498918,206376,39186,17294,2024-01-05,4.333333333333333
3499019,161667,1372,16749,2024-01-05,1.0
3499026,195507,11262,12552,2024-01-04,1.0
3499027,195894,33886,12564,2024-01-04,1.0
3499032,201564,1304,12713,2024-01-04,1.6666666666666667
3499035,203055,1304,17217,2024-01-05,1.6666666666666667
3499036,203301,10652,12749,2024-01-04,1.6666666666666667
3499046,222438,30500,17713,2024-01-05,3.6666666666666665
3499056,232404,60978,18064,2024-01-05,1.6666666666666667
3499057,232455,1370,18069,2024-01-05,3.0
3499061,234864,44302,18135,2024-01-05,1.6666666666666667
3499062,238608,1304,18256,2024-01-05,1.6666666666666667
3499103,66915,11262,15855,2024-01-05,1.0
3499154,155052,1370,16638,2024-01-05,1.0
3499156,157680,1304,12137,2024-01-04,4.333333333333333
3499171,182565,57804,12358,2024-01-04,1.0
3499178,197802,11262,12604,2024-01-04,3.6666666666666665
3499182,202818,1370,17211,2024-01-05,1.6666666666666667
3499183,203178,10652,17224,2024-01-05,3.0
3499184,203700,50268,17229,2024-01-05,1.6666666666666667
3499190,211950,42132,17442,2024-01-05,1.0
3499192,212430,11262,12947,2024-01-04,3.6666666666666665
3499212,231663,33886,18026,2024-01-05,1.6666666666666667
3499217,234120,1370,18110,2024-01-05,5.666666666666667
3499218,235299,1304,13688,2024-01-04,1.0
3499310,153960,60978,12101,2024-01-04,4.333333333333333
3499315,164661,1370,12234,2024-01-04,20.333333333333332
3499320,188730,1370,16916,2024-01-05,10.333333333333334
3499326,200508,11262,12680,2024-01-04,1.0
3499328,201564,30500,12713,2024-01-04,3.6666666666666665
3499332,206439,48574,17299,2024-01-05,3.6666666666666665
3499333,208524,50720,17349,2024-01-05,1.0
3499341,219420,1370,13163,2024-01-04,1.6666666666666667
3499346,225501,1304,17818,2024-01-05,5.0
3499348,226662,1372,17851,2024-01-05,-3.0
3499460,183573,11262,16866,2024-01-05,27.0
3499462,188730,30500,16916,2024-01-05,10.333333333333334
3499467,197286,11262,17072,2024-01-05,1.0
3499479,217848,50272,17604,2024-01-05,1.0
3499480,218265,1370,17610,2024-01-05,1.6666666666666667
3499490,225501,60978,17818,2024-01-05,3.6666666666666665
3499492,225672,1370,17827,2024-01-05,2.3333333333333335
3499494,226662,1372,17851,2024-01-05,3.6666666666666665
3499500,235191,1304,13681,2024-01-04,2.3333333333333335
3499548,66465,1370,15846,2024-01-05,3.6666666666666665
3499592,198882,35732,12636,2024-01-04,13.666666666666666
3499596,200502,50270,17145,2024-01-05,1.0
3499597,201564,30500,12713,2024-01-04,-3.0
3499601,205815,1370,12799,2024-01-04,1.6666666666666667
3499610,221115,1304,13208,2024-01-04,1.0
3499615,224280,60978,17771,2024-01-05,2.3333333333333335
3499733,195507,60978,12552,2024-01-04,7.0
3499739,205659,33886,17282,2024-01-05,1.6666666666666667
3499740,205740,48574,17284,2024-01-05,1.0
3499746,209994,48574,17391,2024-01-05,1.0
3499747,210051,50274,17392,2024-01-05,1.0
3499748,210342,1372,17402,2024-01-05,1.0
3499752,212430,30500,12947,2024-01-04,3.0
3499758,223968,1370,17753,2024-01-05,1.6666666666666667
3499865,164661,1304,12234,2024-01-04,10.333333333333334
3499870,182565,50268,12358,2024-01-04,1.0
3499872,189012,1372,16919,2024-01-05,1.0
3499887,212397,1304,12946,2024-01-04,3.0
3499888,212571,16358,17463,2024-01-05,1.0
3499999,153138,1304,16627,2024-01-05,1.6666666666666667
3500000,158658,44302,12160,2024-01-04,1.0
3500007,187101,44302,16897,2024-01-05,10.333333333333334
3500016,203166,1370,17222,2024-01-05,3.6666666666666665
3500017,203295,1372,12748,2024-01-04,1.0
3500018,203700,1304,17229,2024-01-05,1.0
3500019,203700,1370,17229,2024-01-05,1.6666666666666667
3500023,206376,44302,17294,2024-01-05,2.3333333333333335
3500037,217494,11262,17595,2024-01-05,5.0
3500041,224280,48574,17771,2024-01-05,1.6666666666666667
3500155,153792,46632,12098,2024-01-04,1.6666666666666667
3500157,164064,11262,16756,2024-01-05,5.0
3500158,165927,35732,12241,2024-01-04,3.6666666666666665
3500159,165927,11262,12241,2024-01-04,3.6666666666666665
3500171,197286,44302,17072,2024-01-05,3.6666666666666665
3500177,209994,50720,17391,2024-01-05,1.0
3500317,162603,11262,16754,2024-01-05,7.0
3500324,181149,33886,12343,2024-01-04,1.0
3500329,193323,50274,16990,2024-01-05,1.0
3500331,195507,11262,12552,2024-01-04,7.0
3500340,203082,1370,17219,2024-01-05,2.3333333333333335
3500344,208053,1304,17333,2024-01-05,3.0
3500345,208350,35846,17339,2024-01-05,2.3333333333333335
3500346,208911,11262,17361,2024-01-05,2.3333333333333335
3500348,209994,1370,17391,2024-01-05,3.0
3500351,212550,1372,17462,2024-01-05,1.6666666666666667
3500359,219420,11262,13163,2024-01-04,1.6666666666666667
3500367,226662,1304,17851,2024-01-05,-9.666666666666666
3500436,72900,1304,11481,2024-01-04,17.0
3500477,153303,124,16629,2024-01-05,1.6666666666666667
3500478,154542,1372,16635,2024-01-05,2.3333333333333335
3500480,157938,1304,16664,2024-01-05,2.3333333333333335
3500490,197286,1304,17072,2024-01-05,1.0
3500494,204762,1370,17254,2024-01-05,3.6666666666666665
3500496,205662,30500,12794,2024-01-04,3.6666666666666665
3500568,66465,44302,15846,2024-01-05,1.0
3500603,140277,1370,16559,2024-01-05,3.6666666666666665
3500614,164064,11262,16756,2024-01-05,187.66666666666663
3500617,181149,1370,12343,2024-01-04,2.3333333333333335
3500621,195894,11262,12564,2024-01-04,1.0
3500631,223089,60,17731,2024-01-05,4.333333333333333
3500635,226662,1372,20844,2024-01-06,3.6666666666666665
3500640,232455,35732,18069,2024-01-05,3.6666666666666665
3500693,61692,11262,15761,2024-01-05,13.666666666666666
3500749,172161,1304,16788,2024-01-05,33.666666666666664
3500751,174468,60978,16805,2024-01-05,10.333333333333334
3500759,204771,35846,17255,2024-01-05,3.0
3500779,225501,48574,17818,2024-01-05,2.3333333333333335
3500881,164457,48574,16758,2024-01-05,2.3333333333333335
3500887,182565,50272,12358,2024-01-04,1.0
3500895,198882,11262,12636,2024-01-04,20.333333333333332
3500900,206460,1304,17303,2024-01-05,-3.0
3500982,128334,1370,16501,2024-01-05,2.3333333333333335
3501004,172161,60978,16788,2024-01-05,20.333333333333332
3501025,207996,30500,17330,2024-01-05,1.0
3501030,212430,35732,12947,2024-01-04,3.6666666666666665
3501043,223968,1304,17753,2024-01-05,1.6666666666666667
3501107,66378,48574,15844,2024-01-05,4.333333333333333
3501149,153072,1370,16626,2024-01-05,1.6666666666666667
3501150,157938,1372,16664,2024-01-05,1.0
3501166,201282,1304,12701,2024-01-04,4.333333333333333
3501171,206376,46632,17294,2024-01-05,2.3333333333333335
3501173,208473,60978,12857,2024-01-04,3.0
3501183,221115,11262,13208,2024-01-04,7.0
3501184,221115,1370,13208,2024-01-04,3.0
3501188,222204,30500,17709,2024-01-05,1.6666666666666667
3501193,227115,60978,13393,2024-01-04,4.333333333333333
3501274,166005,1304,12243,2024-01-04,2.3333333333333335
3501279,183573,1370,16866,2024-01-05,20.333333333333332
3501285,192564,60978,16979,2024-01-05,2.3333333333333335
3501291,195894,50268,12564,2024-01-04,2.3333333333333335
3501292,195894,11262,12564,2024-01-04,1.0
3501294,196845,35846,17064,2024-01-05,1.6666666666666667
3501295,198882,50270,12636,2024-01-04,2.3333333333333335
3501298,203133,57804,17221,2024-01-05,1.0
3501304,212337,30500,12944,2024-01-04,2.3333333333333335
3501429,155097,48574,16639,2024-01-05,1.0
3501441,181149,30500,12343,2024-01-04,1.0
3501448,198867,1304,17106,2024-01-05,3.6666666666666665
3501458,208524,11262,17349,2024-01-05,33.666666666666664
3501466,218265,1304,17610,2024-01-05,3.6666666666666665
3501491,238608,44302,13791,2024-01-04,1.0
3501542,61692,35846,15761,2024-01-05,2.3333333333333335
3501546,69060,60978,15896,2024-01-05,1.0
3501577,128334,11262,16501,2024-01-05,4.333333333333333
3501579,128685,1370,11982,2024-01-04,3.0
3501594,172695,1370,12299,2024-01-04,21.0
3501611,208575,60978,8556,2024-01-03,10.333333333333334
3501615,212775,1370,17470,2024-01-05,1.0
3501618,216108,30500,13065,2024-01-04,1.6666666666666667
3501620,217494,33886,17595,2024-01-05,3.0
3501622,218265,33886,17610,2024-01-05,1.0
3501625,222204,60978,17709,2024-01-05,1.6666666666666667
3501629,226827,1304,13383,2024-01-04,1.0
3501633,230178,1372,17981,2024-01-05,1.6666666666666667
3501741,187101,1304,16897,2024-01-05,27.0
3501743,188844,60978,16917,2024-01-05,3.6666666666666665
3501748,193323,44302,16990,2024-01-05,1.0
3501758,209154,1304,17367,2024-01-05,27.0
3501783,228060,1304,17901,2024-01-05,1.6666666666666667
3501790,234864,51974,18135,2024-01-05,1.0
3501867,155337,42132,16640,2024-01-05,1.0
3501883,195894,10652,12564,2024-01-04,1.0
3501884,198867,11262,17106,2024-01-05,1.0
3501886,200502,35732,17145,2024-01-05,2.3333333333333335
3501888,203295,50270,12748,2024-01-04,1.0
3501891,205662,11262,12794,2024-01-04,3.6666666666666665
3501892,205815,1304,12799,2024-01-04,1.6666666666666667
3501911,226827,46632,13383,2024-01-04,1.6666666666666667
3501918,232035,33886,13576,2024-01-04,2.3333333333333335
3501966,66465,11262,15846,2024-01-05,5.666666666666667
3502020,161667,33886,16749,2024-01-05,3.6666666666666665
3502021,164457,1370,16758,2024-01-05,2.3333333333333335
3502024,174468,1372,16805,2024-01-05,3.6666666666666665
3502035,203310,33886,12750,2024-01-04,5.666666666666667
3502040,208476,50270,12858,2024-01-04,1.0
3502055,225501,44302,17818,2024-01-05,1.0
3502159,195507,30500,12552,2024-01-04,10.333333333333334
3502161,198882,60978,12636,2024-01-04,20.333333333333332
3502170,208350,1370,17339,2024-01-05,1.6666666666666667
3502172,208722,39186,17357,2024-01-05,1.0
3502180,219420,60978,13163,2024-01-04,1.0
3502194,232404,1370,18064,2024-01-05,2.3333333333333335
3502253,67764,11262,11348,2024-01-04,2.3333333333333335
3502298,166005,1370,12243,2024-01-04,2.3333333333333335
3502300,172161,30500,16788,2024-01-05,20.333333333333332
3502315,201564,10652,12713,2024-01-04,2.3333333333333335
3502316,203073,35732,17218,2024-01-05,3.0
3502317,203700,39186,17229,2024-01-05,1.6666666666666667
3502332,220728,11262,17661,2024-01-05,10.333333333333334
3502343,232068,1370,18047,2024-01-05,7.0
3502437,165927,30500,12241,2024-01-04,3.0
3502451,208347,1304,17338,2024-01-05,1.6666666666666667
3502452,208491,1370,17345,2024-01-05,3.6666666666666665
3502454,212430,60978,12947,2024-01-04,3.6666666666666665
3502458,217848,1304,17604,2024-01-05,2.3333333333333335
3502461,223968,11262,17753,2024-01-05,1.0
3502474,238032,48574,9473,2024-01-03,2.3333333333333335
3502541,128469,1370,11980,2024-01-04,4.333333333333333
3502566,182565,53386,12358,2024-01-04,1.6666666666666667
3502581,204144,1370,12761,2024-01-04,3.6666666666666665
3502590,208509,1370,12859,2024-01-04,1.0
3502596,211950,35846,17442,2024-01-05,1.0
3502606,217494,44302,17595,2024-01-05,1.0
3502618,228315,1370,17909,2024-01-05,2.3333333333333335
3502620,229341,30500,13477,2024-01-04,1.6666666666666667
3502669,65637,1304,15836,2024-01-05,7.0
3502716,155097,1370,16639,2024-01-05,1.6666666666666667
3502720,166002,42132,12242,2024-01-04,2.3333333333333335
3502726,187224,60978,12418,2024-01-04,10.333333333333334
3502729,195507,1304,12552,2024-01-04,3.0
3502735,203310,11262,12750,2024-01-04,1.0
3502736,204657,16358,17252,2024-01-05,1.0
3502737,205815,11262,17285,2024-01-05,3.0
3502739,208500,11262,17346,2024-01-05,2.3333333333333335
3502740,208524,30500,17349,2024-01-05,13.666666666666666
3502743,210978,1370,17418,2024-01-05,2.3333333333333335
3502751,217848,11262,17604,2024-01-05,9.666666666666666
3502808,72900,48574,11481,2024-01-04,3.6666666666666665
3502860,174468,35846,16805,2024-01-05,7.0
3502877,209154,1370,17367,2024-01-05,13.666666666666666
3502887,217494,10652,17595,2024-01-05,5.666666666666667
3502890,220269,48574,17643,2024-01-05,7.0
3502906,238611,1370,9487,2024-01-03,3.0
3502965,88920,50270,16107,2024-01-05,1.0
3503007,153138,1370,16627,2024-01-05,1.0
3503008,153960,11262,12101,2024-01-04,4.333333333333333
3503015,172161,1370,16788,2024-01-05,20.333333333333332
3503024,192159,1370,16971,2024-01-05,10.333333333333334
3503025,192714,1370,16981,2024-01-05,13.666666666666666
3503034,203301,11262,12749,2024-01-04,2.3333333333333335
3503035,203820,1304,17231,2024-01-05,2.3333333333333335
3503038,207996,1370,17330,2024-01-05,1.0
3503040,212430,1304,12947,2024-01-04,2.3333333333333335
3503059,226827,30500,13383,2024-01-04,1.0
3503174,198882,44302,12636,2024-01-04,2.3333333333333335
3503179,203178,1372,17224,2024-01-05,1.0
3503186,211965,35846,12935,2024-01-04,13.666666666666666
3503200,222204,10652,17709,2024-01-05,1.6666666666666667
4154357,238689,1304,18259,2024-01-05,7.0
4167552,192300,11262,21882,2024-01-07,2.3333333333333335
4203950,238689,1304,18259,2024-01-05,-6.333333333333333
4205899,215517,1304,20740,2024-01-06,2.3333333333333335
7458936,217494,11262,20759,2024-01-06,1.0
7459068,177474,48574,20494,2024-01-06,1.0
7459240,194904,46632,20569,2024-01-06,1.6666666666666667
7459253,208758,39186,17358,2024-01-05,7.0
7459434,183213,33534,20520,2024-01-06,2.3333333333333335
7459547,66843,44302,21703,2024-01-07,1.0
7459605,183213,16358,20520,2024-01-06,7.0
7459795,204411,42132,20646,2024-01-06,4.333333333333333
7459878,68496,1370,21713,2024-01-07,1.0
7459923,153885,11262,20406,2024-01-06,5.0
7460096,194904,44302,20569,2024-01-06,7.0
7460171,61344,11262,20101,2024-01-06,6.333333333333333
7460217,154119,1370,20407,2024-01-06,2.3333333333333335
7460580,208872,1304,17360,2024-01-05,133.66666666666666
7460741,177873,11262,20495,2024-01-06,7.0
7460765,208788,1304,20675,2024-01-06,1.0
7460906,195723,1370,20576,2024-01-06,3.6666666666666665
7460936,225672,50270,20832,2024-01-06,1.0
7461097,217494,1370,20759,2024-01-06,2.3333333333333335
7461105,225672,1372,20832,2024-01-06,1.0
7461166,60888,60978,20100,2024-01-06,7.0
7461200,128763,1370,20353,2024-01-06,1.6666666666666667
7461251,208758,46632,17358,2024-01-05,7.0
7461426,217752,1372,22021,2024-01-07,-0.3333333333333333
7461505,72045,1370,20179,2024-01-06,3.6666666666666665
7461573,212379,50272,21988,2024-01-07,1.0
7461705,183213,42132,20520,2024-01-06,3.6666666666666665
7461736,225672,48574,20832,2024-01-06,1.0
7461818,72045,48574,20179,2024-01-06,1.0
7461823,80925,1304,16020,2024-01-05,1.0
7461905,220218,1304,20790,2024-01-06,1.0
7462060,195723,30500,20576,2024-01-06,1.6666666666666667
7462347,72045,35846,20179,2024-01-06,1.0
7462402,171939,1370,20474,2024-01-06,3.6666666666666665
7462432,220218,33886,20790,2024-01-06,2.3333333333333335
7462597,204411,10652,20646,2024-01-06,3.6666666666666665
7462792,205722,1304,20656,2024-01-06,1.0
7462794,208788,48574,20675,2024-01-06,1.0
7462890,61344,10652,20101,2024-01-06,7.0
7462983,208758,30500,17358,2024-01-05,10.333333333333334
7463160,208599,30500,17355,2024-01-05,10.333333333333334
7463329,183213,35846,20520,2024-01-06,3.6666666666666665
7463348,204411,35846,20646,2024-01-06,3.0
7463361,217752,1370,22021,2024-01-07,2.3333333333333335
7463437,61899,57804,21675,2024-01-07,3.6666666666666665
7463515,203889,60978,21971,2024-01-07,3.0
7463530,218061,48574,22022,2024-01-07,1.0
7463617,68496,48574,21713,2024-01-07,1.0
7463618,68496,1304,21713,2024-01-07,2.3333333333333335
7463699,208758,11262,17358,2024-01-05,20.333333333333332
7463885,208758,48574,20673,2024-01-06,1.0
7464080,203328,1304,17227,2024-01-05,3.0
7464156,60888,30500,20100,2024-01-06,5.0
7464158,61899,42132,21675,2024-01-07,1.6666666666666667
7464292,237300,3382,9444,2024-01-03,1.0
7464344,61899,50270,21675,2024-01-07,2.3333333333333335
7464507,60888,50268,20100,2024-01-06,1.0
7464676,80925,11262,16020,2024-01-05,3.6666666666666665
7464755,208599,11262,17355,2024-01-05,10.333333333333334
7464756,208599,1304,17355,2024-01-05,33.666666666666664
7464919,208788,44302,20675,2024-01-06,3.0
7464961,237300,11262,9444,2024-01-03,1.6666666666666667
7465087,153885,1304,20406,2024-01-06,9.666666666666666
7465110,205722,48574,20656,2024-01-06,1.0
7465278,153885,60978,20406,2024-01-06,4.333333333333333
7465343,237300,1304,9444,2024-01-03,1.6666666666666667
7465395,60888,1370,20100,2024-01-06,-2.3333333333333335
7465398,61899,50272,21675,2024-01-07,1.6666666666666667
7465411,72045,42132,20179,2024-01-06,1.0
7465495,217494,50268,20759,2024-01-06,-0.3333333333333333
7465611,128763,1304,20353,2024-01-06,1.6666666666666667
7465698,221526,11262,17684,2024-01-05,1.6666666666666667
7465699,221526,1370,17684,2024-01-05,2.3333333333333335
7465859,205722,11262,20656,2024-01-06,1.0
7465860,208872,11262,17360,2024-01-05,1.6666666666666667
7465868,217494,11262,20759,2024-01-06,-0.3333333333333333
7465869,217752,1372,22021,2024-01-07,1.0
7465891,237300,35732,9444,2024-01-03,3.0
7465948,72045,44302,20179,2024-01-06,1.0
7466111,80925,60978,16020,2024-01-05,2.3333333333333335
7466306,128469,1370,20351,2024-01-06,3.6666666666666665
7466533,158499,11262,16680,2024-01-05,4.333333333333333
7466710,153885,1370,20406,2024-01-06,10.333333333333334
7466824,60888,46632,20100,2024-01-06,-0.3333333333333333
7466871,158499,1304,16680,2024-01-05,2.3333333333333335
7466893,208872,1370,17360,2024-01-05,3.6666666666666665
7467070,208872,60978,17360,2024-01-05,20.333333333333332
7467282,218061,1304,22022,2024-01-07,1.6666666666666667
7467356,60888,57804,20100,2024-01-06,-0.3333333333333333
7467414,195723,1304,20576,2024-01-06,10.333333333333334
7467430,204411,11262,20646,2024-01-06,3.6666666666666665
7467577,153885,48574,20406,2024-01-06,4.333333333333333
7467581,158499,1370,16680,2024-01-05,2.3333333333333335
7467598,195723,10652,20576,2024-01-06,1.6666666666666667
7467610,208788,50268,20675,2024-01-06,7.0
7467611,208788,60978,20675,2024-01-06,13.666666666666666
7467704,60888,11262,20100,2024-01-06,-6.333333333333333
7468098,177873,1304,20495,2024-01-06,7.0
7468248,128763,48574,20353,2024-01-06,1.0
7468289,164457,30500,21862,2024-01-07,3.0
7468418,66843,48574,21703,2024-01-07,1.0
7468612,60888,11262,20100,2024-01-06,7.0
7468704,208482,1304,17344,2024-01-05,1.6666666666666667
7468715,221526,16358,17684,2024-01-05,1.6666666666666667
7468888,208599,35846,17355,2024-01-05,10.333333333333334
7468973,61899,30500,21675,2024-01-07,7.0
7469090,237300,50268,9444,2024-01-03,1.0
7469596,218061,1372,22022,2024-01-07,1.0
7469685,61899,3382,21675,2024-01-07,7.0
7469783,220218,50270,20790,2024-01-06,3.0
7469939,195723,11262,20576,2024-01-06,2.3333333333333335
7470042,60888,60978,20100,2024-01-06,-6.333333333333333
7470043,61344,35846,20101,2024-01-06,10.333333333333334
7470080,128469,1304,20351,2024-01-06,5.666666666666667
7470161,220218,60978,20790,2024-01-06,1.6666666666666667
7470173,225672,1304,20832,2024-01-06,-0.3333333333333333
7470250,60888,46632,20100,2024-01-06,1.0
7470324,177873,30500,20495,2024-01-06,3.6666666666666665
7470455,80925,30500,16020,2024-01-05,1.0
7471027,203316,11262,17226,2024-01-05,5.666666666666667
7471044,212379,44302,21988,2024-01-07,2.3333333333333335
7471048,217494,11262,20759,2024-01-06,1.0
7471130,60888,57804,20100,2024-01-06,1.0
7471492,128763,30500,20353,2024-01-06,1.6666666666666667
7471526,183213,10808,20520,2024-01-06,1.6666666666666667
7471706,2061063,48574,20007,2024-01-05,1.6666666666666667
7471724,220218,1370,20790,2024-01-06,1.0
7471874,177873,48574,20495,2024-01-06,1.0
7471906,217494,50268,20759,2024-01-06,1.0
7471997,72045,1304,20179,2024-01-06,3.0
7472079,208758,10652,17358,2024-01-05,7.0
7472113,236226,11262,20968,2024-01-06,13.666666666666666
7472171,66843,60978,21703,2024-01-07,7.0
7472235,183213,1370,20520,2024-01-06,13.666666666666666
7472238,186987,1304,21873,2024-01-07,8.333333333333334
7472425,204411,30500,20646,2024-01-06,1.6666666666666667
7472430,208788,35732,20675,2024-01-06,7.0
7472531,61344,39186,20101,2024-01-06,7.0
7472599,208758,1372,20673,2024-01-06,3.6666666666666665
7472631,237300,33886,9444,2024-01-03,1.0
7472741,153885,30500,20406,2024-01-06,1.6666666666666667
7472744,177474,1370,20494,2024-01-06,1.0
7472775,220218,1372,20790,2024-01-06,1.0
7473007,68496,60978,21713,2024-01-07,1.6666666666666667
7473079,208758,1304,20673,2024-01-06,9.666666666666666
7473095,225672,35846,20832,2024-01-06,-0.3333333333333333
7473251,2061063,50268,20007,2024-01-05,2.3333333333333335
7473325,72045,35732,20179,2024-01-06,2.3333333333333335
7473405,208758,1370,20673,2024-01-06,13.666666666666666
7473406,208788,1370,20675,2024-01-06,3.0
7473494,61899,35846,21675,2024-01-07,1.6666666666666667
7473757,208482,35846,17344,2024-01-05,1.6666666666666667
7473774,225672,48574,20832,2024-01-06,-0.3333333333333333
7474030,61344,30500,20101,2024-01-06,1.0
7474031,61344,33886,20101,2024-01-06,7.0
7474032,61899,51974,21675,2024-01-07,1.6666666666666667
7474033,61899,16358,21675,2024-01-07,1.6666666666666667
7474117,206439,11262,21980,2024-01-07,224.33333333333337
7474125,218061,1370,22022,2024-01-07,2.3333333333333335
7474128,221526,60978,17684,2024-01-05,1.6666666666666667
7474303,217494,1304,20759,2024-01-06,1.0
7474484,225672,1372,20832,2024-01-06,-0.3333333333333333
7474540,61899,50720,21675,2024-01-07,1.6666666666666667
7474635,225672,50270,20832,2024-01-06,-0.3333333333333333
7474645,236226,30500,20968,2024-01-06,13.666666666666666
7474787,2061063,30500,20007,2024-01-05,3.0
7474884,66843,1370,21703,2024-01-07,2.3333333333333335
7474947,164457,1370,21862,2024-01-07,3.0
7474957,194904,1304,20569,2024-01-06,7.0
7474987,225672,1304,20832,2024-01-06,1.0
7475057,60888,30500,20100,2024-01-06,-4.333333333333333
7475061,61899,1372,21675,2024-01-07,2.3333333333333335
7475332,203889,1304,21971,2024-01-07,4.333333333333333
7475339,208758,57804,17358,2024-01-05,3.6666666666666665
7475360,225672,35846,20832,2024-01-06,1.0
7475790,128469,30500,20351,2024-01-06,2.3333333333333335
7476031,208788,1372,20675,2024-01-06,1.0
7476124,60888,1370,20100,2024-01-06,3.0
7476125,60888,50268,20100,2024-01-06,-0.3333333333333333
7476210,2061063,60978,20007,2024-01-05,1.6666666666666667
7476219,217752,1370,22021,2024-01-07,-1.6666666666666667
