customer_id,product_id,prediccion
123150,11262,1
123150,1304,1
123150,1370,1
123150,61542,1
123150,59822,1
123150,62376,1
123150,61540,1
128334,11262,1
128334,1304,1
128334,1370,1
128334,61542,1
128334,59822,1
128334,62376,1
128334,34092,1
128334,56714,1
128334,61540,1
128469,11262,1
128469,1304,1
128469,1370,1
128469,61542,1
128469,59822,1
128469,62376,1
128469,34092,1
128469,56714,1
128469,61540,1
128502,11262,1
128502,1304,1
128502,1370,1
128502,61542,1
128502,30500,1
128502,50718,1
128502,59822,1
128502,62376,1
128502,34092,1
128502,56714,1
128502,61540,1
128502,56484,1
128526,11262,1
128526,1304,1
128526,1370,1
128526,61542,1
128526,59822,1
128526,62376,1
128526,34092,1
128526,56714,1
128526,61540,1
128538,34092,1
128538,56714,1
128604,11262,1
128604,1304,1
128604,1370,1
128604,61542,1
128604,59822,1
128604,62376,1
128604,34092,1
128604,56714,1
128604,61540,1
128685,11262,1
128685,1304,1
128685,1370,1
128685,61542,1
128685,59822,1
128685,62376,1
128685,34092,1
128685,56714,1
128685,61540,1
128763,11262,1
128763,1304,1
128763,1370,1
128763,61542,1
128763,59822,1
128763,62376,1
128763,34092,1
128763,56714,1
128763,61540,1
128901,11262,1
128901,1304,1
128901,1370,1
128901,61542,1
128901,59822,1
128901,62376,1
128901,34092,1
128901,56714,1
128901,61540,1
129081,11262,1
129081,1304,1
129081,1370,1
129081,61542,1
129081,59822,1
129081,62376,1
129081,34092,1
129081,56714,1
129081,61540,1
129135,11262,1
129135,1304,1
129135,1370,1
129135,61542,1
129135,59822,1
129135,62376,1
129135,61540,1
129153,11262,1
129153,1304,1
129153,1370,1
129153,61542,1
129153,59822,1
129153,62376,1
129153,34092,1
129153,56714,1
129153,61540,1
129264,11262,1
129264,1304,1
129264,1370,1
129264,61542,1
129264,59822,1
129264,62376,1
129264,61540,1
139272,11262,1
139272,1304,1
139272,61542,1
139272,59822,1
139272,34092,1
139272,56714,1
139272,61540,1
140277,11262,1
140277,1370,1
140277,62376,1
140277,61540,1
148782,11262,1
148782,1304,1
148782,61542,1
148782,59822,1
148782,34092,1
148782,56714,1
148782,61540,1
149634,11262,1
149634,1304,1
149634,1370,1
149634,61542,1
149634,59822,1
149634,62376,1
149634,61540,1
153024,11262,1
153024,1304,1
153024,1370,1
153024,61542,1
153024,59822,1
153024,62376,1
153024,61540,1
153048,11262,1
153048,1304,1
153048,1370,1
153048,61542,1
153048,59822,1
153048,62376,1
153048,34092,1
153048,56714,1
153048,61540,1
153072,11262,1
153072,1304,1
153072,1370,1
153072,61542,1
153072,59822,1
153072,62376,1
153072,34092,1
153072,56714,1
153072,61540,1
153084,11262,1
153084,1304,1
153084,1370,1
153084,61542,1
153084,59822,1
153084,62376,1
153084,61540,1
153138,11262,1
153138,1304,1
153138,1370,1
153138,61542,1
153138,59822,1
153138,62376,1
153138,34092,1
153138,56714,1
153138,61540,1
153141,11262,1
153141,1304,1
153141,1370,1
153141,61542,1
153141,59822,1
153141,62376,1
153141,34092,1
153141,56714,1
153141,61540,1
153150,11262,1
153150,1304,1
153150,1370,1
153150,61542,1
153150,59822,1
153150,62376,1
153150,61540,1
153204,11262,1
153204,1304,1
153204,1370,1
153204,61542,1
153204,59822,1
153204,62376,1
153204,61540,1
153279,11262,1
153279,1304,1
153279,1370,1
153279,61542,1
153279,59822,1
153279,62376,1
153279,34092,1
153279,56714,1
153279,61540,1
153288,11262,1
153288,1304,1
153288,1370,1
153288,61542,1
153288,59822,1
153288,62376,1
153288,34092,1
153288,56714,1
153288,61540,1
153303,11262,1
153303,1304,1
153303,1370,1
153303,61542,1
153303,59822,1
153303,62376,1
153303,34092,1
153303,56714,1
153303,61540,1
153309,11262,1
153309,1304,1
153309,1370,1
153309,61542,1
153309,59822,1
153309,62376,1
153309,34092,1
153309,56714,1
153309,61540,1
153312,11262,1
153312,1304,1
153312,1370,1
153312,61542,1
153312,59822,1
153312,62376,1
153312,61540,1
153315,11262,1
153315,1304,1
153315,1370,1
153315,61542,1
153315,59822,1
153315,62376,1
153315,34092,1
153315,56714,1
153315,61540,1
153348,11262,1
153348,1304,1
153348,1370,1
153348,61542,1
153348,59822,1
153348,62376,1
153348,61540,1
153381,11262,1
153381,1304,1
153381,1370,1
153381,61542,1
153381,59822,1
153381,62376,1
153381,34092,1
153381,56714,1
153381,61540,1
153402,11262,1
153402,1304,1
153402,1370,1
153402,61542,1
153402,59822,1
153402,62376,1
153402,61540,1
153423,1370,1
153423,62376,1
153438,1370,1
153438,62376,1
153600,11262,1
153600,1304,1
153600,1370,1
153600,61542,1
153600,59822,1
153600,62376,1
153600,61540,1
153642,11262,1
153642,1370,1
153642,62376,1
153642,61540,1
153669,1370,1
153669,62376,1
153675,1370,1
153675,62376,1
153720,1370,1
153720,62376,1
153726,1370,1
153726,62376,1
153744,1370,1
153744,62376,1
153756,11262,1
153756,1304,1
153756,1370,1
153756,61542,1
153756,59822,1
153756,62376,1
153756,34092,1
153756,56714,1
153756,61540,1
153765,11262,1
153765,1304,1
153765,1370,1
153765,61542,1
153765,59822,1
153765,62376,1
153765,61540,1
153792,11262,1
153792,1304,1
153792,1370,1
153792,61542,1
153792,59822,1
153792,62376,1
153792,61540,1
153813,34092,1
153813,56714,1
153867,1304,1
153867,1370,1
153867,61542,1
153867,59822,1
153867,62376,1
153867,34092,1
153867,56714,1
153882,11262,1
153882,1304,1
153882,1370,1
153882,61542,1
153882,59822,1
153882,62376,1
153882,61540,1
153885,11262,1
153885,1304,1
153885,1370,1
153885,61542,1
153885,59822,1
153885,62376,1
153885,34092,1
153885,56714,1
153885,61540,1
153888,11262,1
153888,1304,1
153888,1370,1
153888,61542,1
153888,59822,1
153888,62376,1
153888,34092,1
153888,56714,1
153888,61540,1
153912,1370,1
153912,62376,1
153960,11262,1
153960,1304,1
153960,1370,1
153960,61542,1
153960,59822,1
153960,62376,1
153960,34092,1
153960,56714,1
153960,61540,1
153999,1304,1
153999,1370,1
153999,61542,1
153999,59822,1
153999,62376,1
153999,34092,1
153999,56714,1
154008,1370,1
154008,62376,1
154011,11262,1
154011,1304,1
154011,1370,1
154011,61542,1
154011,59822,1
154011,62376,1
154011,34092,1
154011,56714,1
154011,61540,1
154032,11262,1
154032,1304,1
154032,1370,1
154032,61542,1
154032,59822,1
154032,62376,1
154032,34092,1
154032,56714,1
154032,61540,1
154035,11262,1
154035,1304,1
154035,1370,1
154035,61542,1
154035,59822,1
154035,62376,1
154035,34092,1
154035,56714,1
154035,61540,1
154041,11262,1
154041,1304,1
154041,1370,1
154041,61542,1
154041,59822,1
154041,62376,1
154041,34092,1
154041,56714,1
154041,61540,1
154068,11262,1
154068,1304,1
154068,1370,1
154068,61542,1
154068,59822,1
154068,62376,1
154068,34092,1
154068,56714,1
154068,61540,1
154077,11262,1
154077,1304,1
154077,1370,1
154077,61542,1
154077,59822,1
154077,62376,1
154077,34092,1
154077,56714,1
154077,61540,1
154098,11262,1
154098,1304,1
154098,1370,1
154098,61542,1
154098,59822,1
154098,62376,1
154098,34092,1
154098,56714,1
154098,61540,1
154113,11262,1
154113,1304,1
154113,1370,1
154113,61542,1
154113,59822,1
154113,62376,1
154113,34092,1
154113,56714,1
154113,61540,1
154119,11262,1
154119,1304,1
154119,1370,1
154119,61542,1
154119,59822,1
154119,62376,1
154119,61540,1
154146,11262,1
154146,1304,1
154146,1370,1
154146,61542,1
154146,59822,1
154146,62376,1
154146,61540,1
154167,11262,1
154167,1304,1
154167,1370,1
154167,61542,1
154167,59822,1
154167,62376,1
154167,61540,1
154245,11262,1
154245,1304,1
154245,1370,1
154245,61542,1
154245,59822,1
154245,62376,1
154245,34092,1
154245,56714,1
154245,61540,1
154275,11262,1
154275,1304,1
154275,1370,1
154275,61542,1
154275,59822,1
154275,62376,1
154275,34092,1
154275,56714,1
154275,61540,1
154374,11262,1
154374,1304,1
154374,1370,1
154374,61542,1
154374,59822,1
154374,62376,1
154374,61540,1
154383,1304,1
154383,1370,1
154383,61542,1
154383,59822,1
154383,62376,1
154404,11262,1
154404,1304,1
154404,1370,1
154404,61542,1
154404,59822,1
154404,62376,1
154404,61540,1
154434,1304,1
154434,1370,1
154434,61542,1
154434,59822,1
154434,62376,1
154473,1304,1
154473,1370,1
154473,61542,1
154473,59822,1
154473,62376,1
154476,11262,1
154476,1304,1
154476,1370,1
154476,61542,1
154476,59822,1
154476,62376,1
154476,61540,1
154485,11262,1
154485,1304,1
154485,1370,1
154485,61542,1
154485,59822,1
154485,62376,1
154485,61540,1
154494,11262,1
154494,1304,1
154494,1370,1
154494,61542,1
154494,59822,1
154494,62376,1
154494,61540,1
154506,11262,1
154506,1304,1
154506,1370,1
154506,61542,1
154506,59822,1
154506,62376,1
154506,61540,1
154509,11262,1
154509,1304,1
154509,1370,1
154509,61542,1
154509,59822,1
154509,62376,1
154509,61540,1
154518,11262,1
154518,1304,1
154518,1370,1
154518,61542,1
154518,59822,1
154518,62376,1
154518,61540,1
154542,11262,1
154542,1304,1
154542,1370,1
154542,61542,1
154542,59822,1
154542,62376,1
154542,61540,1
154551,11262,1
154551,1304,1
154551,1370,1
154551,61542,1
154551,59822,1
154551,62376,1
154551,61540,1
154560,1304,1
154560,1370,1
154560,61542,1
154560,59822,1
154560,62376,1
154578,11262,1
154578,1304,1
154578,1370,1
154578,61542,1
154578,59822,1
154578,62376,1
154578,61540,1
154635,1370,1
154635,62376,1
154665,11262,1
154665,1304,1
154665,1370,1
154665,61542,1
154665,59822,1
154665,62376,1
154665,34092,1
154665,56714,1
154665,61540,1
154698,34092,1
154698,56714,1
154698,60,1
154707,11262,1
154707,1304,1
154707,1370,1
154707,61542,1
154707,59822,1
154707,62376,1
154707,34092,1
154707,56714,1
154707,61540,1
154713,11262,1
154713,1304,1
154713,1370,1
154713,61542,1
154713,59822,1
154713,62376,1
154713,34092,1
154713,56714,1
154713,61540,1
154740,11262,1
154740,1304,1
154740,1370,1
154740,61542,1
154740,59822,1
154740,62376,1
154740,61540,1
154743,11262,1
154743,1304,1
154743,1370,1
154743,61542,1
154743,59822,1
154743,62376,1
154743,61540,1
154770,11262,1
154770,1304,1
154770,1370,1
154770,61542,1
154770,59822,1
154770,62376,1
154770,61540,1
154797,11262,1
154797,1304,1
154797,1370,1
154797,61542,1
154797,59822,1
154797,62376,1
154797,61540,1
154803,11262,1
154803,1304,1
154803,1370,1
154803,61542,1
154803,59822,1
154803,62376,1
154803,61540,1
154812,11262,1
154812,1304,1
154812,1370,1
154812,61542,1
154812,59822,1
154812,62376,1
154812,61540,1
154821,11262,1
154821,1304,1
154821,1370,1
154821,61542,1
154821,59822,1
154821,62376,1
154821,61540,1
154827,11262,1
154827,1304,1
154827,1370,1
154827,61542,1
154827,59822,1
154827,62376,1
154827,61540,1
154869,11262,1
154869,1304,1
154869,1370,1
154869,61542,1
154869,59822,1
154869,62376,1
154869,61540,1
154881,11262,1
154881,1304,1
154881,1370,1
154881,61542,1
154881,59822,1
154881,62376,1
154881,61540,1
154887,11262,1
154887,1304,1
154887,1370,1
154887,61542,1
154887,59822,1
154887,62376,1
154887,61540,1
154890,11262,1
154890,1304,1
154890,1370,1
154890,61542,1
154890,1372,1
154890,59822,1
154890,61364,1
154890,62376,1
154890,63188,1
154890,34092,1
154890,48574,1
154890,56714,1
154890,57414,1
154890,62170,1
154890,62378,1
154890,61540,1
154890,48694,1
154953,11262,1
154953,1304,1
154953,1370,1
154953,61542,1
154953,59822,1
154953,62376,1
154953,61540,1
154956,11262,1
154956,1304,1
154956,1370,1
154956,61542,1
154956,59822,1
154956,62376,1
154956,61540,1
154998,34092,1
154998,56714,1
155016,11262,1
155016,1304,1
155016,1370,1
155016,61542,1
155016,59822,1
155016,62376,1
155016,61540,1
155031,1370,1
155031,62376,1
155034,1370,1
155034,62376,1
155043,11262,1
155043,1304,1
155043,1370,1
155043,61542,1
155043,59822,1
155043,62376,1
155043,61540,1
155052,1304,1
155052,1370,1
155052,61542,1
155052,59822,1
155052,62376,1
155055,11262,1
155055,1304,1
155055,1370,1
155055,61542,1
155055,59822,1
155055,62376,1
155055,61540,1
155085,11262,1
155085,1304,1
155085,1370,1
155085,61542,1
155085,59822,1
155085,62376,1
155085,61540,1
155097,11262,1
155097,1304,1
155097,1370,1
155097,61542,1
155097,59822,1
155097,62376,1
155097,61540,1
155100,11262,1
155100,1304,1
155100,1370,1
155100,61542,1
155100,59822,1
155100,62376,1
155100,61540,1
155106,11262,1
155106,1304,1
155106,1370,1
155106,61542,1
155106,59822,1
155106,62376,1
155106,61540,1
155271,11262,1
155271,1304,1
155271,1370,1
155271,61542,1
155271,59822,1
155271,62376,1
155271,61540,1
155337,1370,1
155337,62376,1
155388,11262,1
155388,1304,1
155388,1370,1
155388,61542,1
155388,59822,1
155388,62376,1
155388,61540,1
155403,11262,1
155403,1304,1
155403,1370,1
155403,61542,1
155403,59822,1
155403,62376,1
155403,61540,1
155481,1370,1
155481,62376,1
155556,11262,1
155556,1304,1
155556,1370,1
155556,61542,1
155556,59822,1
155556,62376,1
155556,34092,1
155556,56714,1
155556,61540,1
156024,11262,1
156024,1304,1
156024,1370,1
156024,61542,1
156024,59822,1
156024,62376,1
156024,61540,1
156057,11262,1
156057,1304,1
156057,1370,1
156057,61542,1
156057,1372,1
156057,59822,1
156057,61364,1
156057,62376,1
156057,63188,1
156057,34092,1
156057,48574,1
156057,56714,1
156057,57414,1
156057,62170,1
156057,62378,1
156057,61540,1
156057,48694,1
156063,1304,1
156063,1370,1
156063,61542,1
156063,59822,1
156063,62376,1
156225,1370,1
156225,62376,1
156339,1370,1
156339,62376,1
156486,11262,1
156486,1304,1
156486,1370,1
156486,61542,1
156486,59822,1
156486,62376,1
156486,34092,1
156486,56714,1
156486,61540,1
156489,11262,1
156489,1304,1
156489,1370,1
156489,61542,1
156489,59822,1
156489,62376,1
156489,61540,1
157080,11262,1
157080,1304,1
157080,1370,1
157080,61542,1
157080,59822,1
157080,62376,1
157080,61540,1
157185,11262,1
157185,1304,1
157185,1370,1
157185,61542,1
157185,59822,1
157185,62376,1
157185,34092,1
157185,56714,1
157185,61540,1
157224,11262,1
157224,1304,1
157224,1370,1
157224,61542,1
157224,59822,1
157224,62376,1
157224,34092,1
157224,56714,1
157224,61540,1
157236,11262,1
157236,1304,1
157236,1370,1
157236,61542,1
157236,59822,1
157236,62376,1
157236,34092,1
157236,56714,1
157236,61540,1
157311,11262,1
157311,1304,1
157311,1370,1
157311,61542,1
157311,59822,1
157311,62376,1
157311,61540,1
157398,11262,1
157398,1304,1
157398,1370,1
157398,61542,1
157398,59822,1
157398,62376,1
157398,61540,1
157416,11262,1
157416,1304,1
157416,1370,1
157416,61542,1
157416,59822,1
157416,62376,1
157416,61540,1
157500,11262,1
157500,1304,1
157500,1370,1
157500,61542,1
157500,59822,1
157500,62376,1
157500,34092,1
157500,56714,1
157500,61540,1
157680,1304,1
157680,61542,1
157680,59822,1
157710,1370,1
157710,62376,1
157767,11262,1
157767,1304,1
157767,1370,1
157767,61542,1
157767,59822,1
157767,62376,1
157767,34092,1
157767,48574,1
157767,56714,1
157767,57414,1
157767,62378,1
157767,61540,1
157767,48694,1
157938,11262,1
157938,1304,1
157938,1370,1
157938,61542,1
157938,59822,1
157938,62376,1
157938,34092,1
157938,56714,1
157938,61540,1
158016,11262,1
158016,1304,1
158016,61542,1
158016,59822,1
158016,34092,1
158016,56714,1
158016,61540,1
158274,11262,1
158274,1304,1
158274,1370,1
158274,61542,1
158274,59822,1
158274,62376,1
158274,61540,1
158499,11262,1
158499,1304,1
158499,1370,1
158499,61542,1
158499,59822,1
158499,62376,1
158499,34092,1
158499,56714,1
158499,61540,1
158610,11262,1
158610,1304,1
158610,1370,1
158610,61542,1
158610,59822,1
158610,62376,1
158610,34092,1
158610,56714,1
158610,61540,1
158658,11262,1
158658,1304,1
158658,1370,1
158658,61542,1
158658,59822,1
158658,62376,1
158658,34092,1
158658,56714,1
158658,61540,1
158685,11262,1
158685,1304,1
158685,1370,1
158685,61542,1
158685,59822,1
158685,62376,1
158685,34092,1
158685,56714,1
158685,61540,1
158742,1370,1
158742,62376,1
158766,11262,1
158766,1304,1
158766,61542,1
158766,59822,1
158766,34092,1
158766,56714,1
158766,61540,1
159033,11262,1
159033,1304,1
159033,1370,1
159033,61542,1
159033,59822,1
159033,62376,1
159033,34092,1
159033,56714,1
159033,61540,1
159330,11262,1
159330,1304,1
159330,1370,1
159330,61542,1
159330,59822,1
159330,62376,1
159330,34092,1
159330,56714,1
159330,61540,1
159831,11262,1
159831,1304,1
159831,1370,1
159831,61542,1
159831,59822,1
159831,62376,1
159831,61540,1
160029,11262,1
160029,1304,1
160029,1370,1
160029,61542,1
160029,59822,1
160029,62376,1
160029,34092,1
160029,48574,1
160029,56714,1
160029,57414,1
160029,62378,1
160029,61540,1
160029,48694,1
160770,11262,1
160770,1304,1
160770,1370,1
160770,61542,1
160770,59822,1
160770,62376,1
160770,61540,1
161058,11262,1
161058,1304,1
161058,1370,1
161058,61542,1
161058,59822,1
161058,62376,1
161058,61540,1
161208,11262,1
161208,1304,1
161208,1370,1
161208,61542,1
161208,59822,1
161208,62376,1
161208,34092,1
161208,56714,1
161208,61540,1
161283,11262,1
161283,1304,1
161283,1370,1
161283,61542,1
161283,59822,1
161283,62376,1
161283,61540,1
161403,11262,1
161403,1304,1
161403,1370,1
161403,61542,1
161403,59822,1
161403,62376,1
161403,34092,1
161403,56714,1
161403,61540,1
161526,1304,1
161526,1370,1
161526,61542,1
161526,59822,1
161526,62376,1
161667,11262,1
161667,1304,1
161667,1370,1
161667,61542,1
161667,59822,1
161667,62376,1
161667,61540,1
161787,11262,1
161787,1304,1
161787,1370,1
161787,61542,1
161787,59822,1
161787,62376,1
161787,61540,1
162603,11262,1
162603,1304,1
162603,1370,1
162603,61542,1
162603,59822,1
162603,62376,1
162603,34092,1
162603,56714,1
162603,61540,1
162624,11262,1
162624,1304,1
162624,1370,1
162624,61542,1
162624,59822,1
162624,62376,1
162624,61540,1
162792,1370,1
162792,62376,1
162795,11262,1
162795,1304,1
162795,1370,1
162795,61542,1
162795,59822,1
162795,62376,1
162795,34092,1
162795,56714,1
162795,61540,1
162810,11262,1
162810,1304,1
162810,1370,1
162810,61542,1
162810,59822,1
162810,62376,1
162810,34092,1
162810,56714,1
162810,61540,1
162843,11262,1
162843,1304,1
162843,1370,1
162843,61542,1
162843,59822,1
162843,62376,1
162843,61540,1
162957,11262,1
162957,1304,1
162957,1370,1
162957,61542,1
162957,59822,1
162957,62376,1
162957,61540,1
162960,11262,1
162960,1304,1
162960,1370,1
162960,61542,1
162960,59822,1
162960,62376,1
162960,61540,1
162984,11262,1
162984,1304,1
162984,1370,1
162984,61542,1
162984,59822,1
162984,62376,1
162984,61540,1
163032,34092,1
163032,56714,1
163044,11262,1
163044,1304,1
163044,1370,1
163044,61542,1
163044,59822,1
163044,62376,1
163044,61540,1
163101,11262,1
163101,1304,1
163101,1370,1
163101,61542,1
163101,59822,1
163101,62376,1
163101,34092,1
163101,56714,1
163101,61540,1
163131,11262,1
163131,1304,1
163131,1370,1
163131,61542,1
163131,59822,1
163131,62376,1
163131,34092,1
163131,56714,1
163131,61540,1
163251,11262,1
163251,1304,1
163251,1370,1
163251,61542,1
163251,59822,1
163251,62376,1
163251,34092,1
163251,56714,1
163251,61540,1
163377,1370,1
163377,62376,1
163482,1370,1
163482,62376,1
163578,11262,1
163578,1304,1
163578,1370,1
163578,61542,1
163578,59822,1
163578,62376,1
163578,61540,1
164007,11262,1
164007,1304,1
164007,1370,1
164007,61542,1
164007,59822,1
164007,62376,1
164007,61540,1
164064,11262,1
164064,1304,1
164064,1370,1
164064,61542,1
164064,59822,1
164064,62376,1
164064,34092,1
164064,56714,1
164064,61540,1
164337,11262,1
164337,1304,1
164337,1370,1
164337,61542,1
164337,59822,1
164337,62376,1
164337,34092,1
164337,56714,1
164337,61540,1
164457,11262,1
164457,1304,1
164457,1370,1
164457,61542,1
164457,59822,1
164457,62376,1
164457,34092,1
164457,56714,1
164457,61540,1
164541,11262,1
164541,1304,1
164541,1370,1
164541,61542,1
164541,59822,1
164541,62376,1
164541,34092,1
164541,56714,1
164541,61540,1
164631,11262,1
164631,1304,1
164631,1370,1
164631,61542,1
164631,59822,1
164631,62376,1
164631,34092,1
164631,56714,1
164631,61540,1
164640,11262,1
164640,1304,1
164640,1370,1
164640,61542,1
164640,59822,1
164640,62376,1
164640,61540,1
164661,11262,1
164661,1304,1
164661,1370,1
164661,61542,1
164661,59822,1
164661,62376,1
164661,34092,1
164661,56714,1
164661,61540,1
164871,1304,1
164871,1370,1
164871,61542,1
164871,59822,1
164871,62376,1
164970,11262,1
164970,1304,1
164970,1370,1
164970,61542,1
164970,59822,1
164970,62376,1
164970,34092,1
164970,56714,1
164970,61540,1
165045,1370,1
165045,62376,1
165045,34092,1
165045,56714,1
165126,11262,1
165126,1370,1
165126,62376,1
165126,61540,1
165132,1304,1
165132,1370,1
165132,61542,1
165132,59822,1
165132,62376,1
165183,11262,1
165183,1370,1
165183,62376,1
165183,61540,1
165312,11262,1
165312,1304,1
165312,1370,1
165312,61542,1
165312,59822,1
165312,62376,1
165312,34092,1
165312,56714,1
165312,61540,1
165684,11262,1
165684,1304,1
165684,1370,1
165684,61542,1
165684,59822,1
165684,62376,1
165684,61540,1
165687,11262,1
165687,1304,1
165687,1370,1
165687,61542,1
165687,59822,1
165687,62376,1
165687,61540,1
165717,11262,1
165717,1304,1
165717,1370,1
165717,61542,1
165717,59822,1
165717,62376,1
165717,61540,1
165744,11262,1
165744,1304,1
165744,1370,1
165744,61542,1
165744,59822,1
165744,62376,1
165744,61540,1
165750,11262,1
165750,1304,1
165750,1370,1
165750,61542,1
165750,59822,1
165750,62376,1
165750,61540,1
165762,11262,1
165762,1304,1
165762,1370,1
165762,61542,1
165762,59822,1
165762,62376,1
165762,124,1
165762,34092,1
165762,56714,1
165762,16358,1
165762,61540,1
165786,1370,1
165786,62376,1
165915,11262,1
165915,1304,1
165915,1370,1
165915,61542,1
165915,59822,1
165915,62376,1
165915,61540,1
165927,11262,1
165927,1304,1
165927,1370,1
165927,61542,1
165927,59822,1
165927,62376,1
165927,34092,1
165927,56714,1
165927,61540,1
166002,11262,1
166002,1304,1
166002,1370,1
166002,61542,1
166002,59822,1
166002,62376,1
166002,34092,1
166002,56714,1
166002,61540,1
166005,11262,1
166005,1304,1
166005,1370,1
166005,61542,1
166005,59822,1
166005,62376,1
166005,34092,1
166005,56714,1
166005,61540,1
166029,11262,1
166029,1304,1
166029,1370,1
166029,61542,1
166029,59822,1
166029,62376,1
166029,61540,1
166128,11262,1
166128,1304,1
166128,1370,1
166128,61542,1
166128,59822,1
166128,62376,1
166128,34092,1
166128,48574,1
166128,56714,1
166128,57414,1
166128,62378,1
166128,61540,1
166128,48694,1
166356,11262,1
166356,1304,1
166356,1370,1
166356,61542,1
166356,59822,1
166356,62376,1
166356,61540,1
166362,11262,1
166362,1304,1
166362,1370,1
166362,61542,1
166362,59822,1
166362,62376,1
166362,34092,1
166362,56714,1
166362,61540,1
166437,11262,1
166437,1304,1
166437,1370,1
166437,61542,1
166437,59822,1
166437,62376,1
166437,61540,1
166599,11262,1
166599,1304,1
166599,1370,1
166599,61542,1
166599,59822,1
166599,62376,1
166599,34092,1
166599,56714,1
166599,61540,1
166995,11262,1
166995,1304,1
166995,1370,1
166995,61542,1
166995,59822,1
166995,62376,1
166995,34092,1
166995,56714,1
166995,61540,1
167082,1370,1
167082,62376,1
167136,11262,1
167136,1304,1
167136,1370,1
167136,61542,1
167136,59822,1
167136,62376,1
167136,34092,1
167136,56714,1
167136,61540,1
167256,1304,1
167256,1370,1
167256,61542,1
167256,59822,1
167256,62376,1
167316,11262,1
167316,1304,1
167316,1370,1
167316,61542,1
167316,59822,1
167316,62376,1
167316,34092,1
167316,56714,1
167316,61540,1
167364,11262,1
167364,1370,1
167364,62376,1
167364,61540,1
167451,11262,1
167451,1304,1
167451,1370,1
167451,61542,1
167451,59822,1
167451,62376,1
167451,61540,1
167514,11262,1
167514,34092,1
167514,56714,1
167514,61540,1
167571,11262,1
167571,1304,1
167571,1370,1
167571,61542,1
167571,59822,1
167571,62376,1
167571,34092,1
167571,56714,1
167571,61540,1
167652,11262,1
167652,1304,1
167652,1370,1
167652,61542,1
167652,59822,1
167652,62376,1
167652,34092,1
167652,56714,1
167652,61540,1
167676,11262,1
167676,1304,1
167676,1370,1
167676,61542,1
167676,59822,1
167676,62376,1
167676,61540,1
171372,11262,1
171372,1304,1
171372,1370,1
171372,61542,1
171372,59822,1
171372,62376,1
171372,61540,1
171684,11262,1
171684,1370,1
171684,62376,1
171684,61540,1
171702,11262,1
171702,1304,1
171702,1370,1
171702,61542,1
171702,59822,1
171702,62376,1
171702,61540,1
171939,11262,1
171939,1304,1
171939,1370,1
171939,61542,1
171939,59822,1
171939,62376,1
171939,61540,1
172008,11262,1
172008,1304,1
172008,1370,1
172008,61542,1
172008,59822,1
172008,62376,1
172008,34092,1
172008,56714,1
172008,61540,1
172035,11262,1
172035,1304,1
172035,1370,1
172035,61542,1
172035,59822,1
172035,62376,1
172035,34092,1
172035,56714,1
172035,61540,1
172056,11262,1
172056,1304,1
172056,1370,1
172056,61542,1
172056,59822,1
172056,62376,1
172056,34092,1
172056,56714,1
172056,61540,1
172161,11262,1
172161,1304,1
172161,1370,1
172161,61542,1
172161,59822,1
172161,62376,1
172161,34092,1
172161,56714,1
172161,61540,1
172419,11262,1
172419,1304,1
172419,1370,1
172419,61542,1
172419,59822,1
172419,62376,1
172419,61540,1
172503,11262,1
172503,1304,1
172503,1370,1
172503,61542,1
172503,59822,1
172503,62376,1
172503,34092,1
172503,56714,1
172503,61540,1
172587,11262,1
172587,1304,1
172587,1370,1
172587,61542,1
172587,59822,1
172587,62376,1
172587,61540,1
172590,11262,1
172590,1304,1
172590,1370,1
172590,61542,1
172590,59822,1
172590,62376,1
172590,34092,1
172590,56714,1
172590,61540,1
172695,11262,1
172695,1304,1
172695,1370,1
172695,61542,1
172695,59822,1
172695,62376,1
172695,34092,1
172695,56714,1
172695,61540,1
172704,11262,1
172704,1304,1
172704,1370,1
172704,61542,1
172704,59822,1
172704,62376,1
172704,34092,1
172704,56714,1
172704,61540,1
172719,11262,1
172719,1304,1
172719,1370,1
172719,61542,1
172719,59822,1
172719,62376,1
172719,61540,1
173613,11262,1
173613,1304,1
173613,1370,1
173613,61542,1
173613,59822,1
173613,62376,1
173613,34092,1
173613,56714,1
173613,61540,1
173667,11262,1
173667,1304,1
173667,1370,1
173667,61542,1
173667,59822,1
173667,62376,1
173667,34092,1
173667,56714,1
173667,61540,1
173796,1370,1
173796,62376,1
173940,11262,1
173940,1304,1
173940,1370,1
173940,61542,1
173940,59822,1
173940,62376,1
173940,61540,1
174087,11262,1
174087,1304,1
174087,1370,1
174087,61542,1
174087,59822,1
174087,62376,1
174087,34092,1
174087,56714,1
174087,61540,1
174195,1304,1
174195,1370,1
174195,61542,1
174195,59822,1
174195,62376,1
174279,11262,1
174279,1370,1
174279,62376,1
174279,61540,1
174468,11262,1
174468,1304,1
174468,1370,1
174468,61542,1
174468,1372,1
174468,59822,1
174468,61364,1
174468,62376,1
174468,63188,1
174468,34092,1
174468,48574,1
174468,56714,1
174468,57414,1
174468,62170,1
174468,62378,1
174468,61540,1
174468,48694,1
174513,11262,1
174513,1304,1
174513,1370,1
174513,61542,1
174513,59822,1
174513,62376,1
174513,34092,1
174513,56714,1
174513,61540,1
175239,11262,1
175239,1304,1
175239,1370,1
175239,61542,1
175239,59822,1
175239,62376,1
175239,61540,1
175266,11262,1
175266,1304,1
175266,1370,1
175266,61542,1
175266,59822,1
175266,62376,1
175266,61540,1
175293,11262,1
175293,1304,1
175293,1370,1
175293,61542,1
175293,59822,1
175293,62376,1
175293,61540,1
175809,11262,1
175809,1304,1
175809,1370,1
175809,61542,1
175809,59822,1
175809,62376,1
175809,61540,1
175815,1370,1
175815,62376,1
175878,11262,1
175878,1304,1
175878,1370,1
175878,61542,1
175878,59822,1
175878,62376,1
175878,61540,1
175899,1370,1
175899,62376,1
176319,1370,1
176319,62376,1
176403,10652,1
176403,11262,1
176403,1304,1
176403,1370,1
176403,44302,1
176403,49888,1
176403,61542,1
176403,1372,1
176403,30500,1
176403,50718,1
176403,54096,1
176403,59822,1
176403,61364,1
176403,62376,1
176403,63188,1
176403,124,1
176403,34092,1
176403,48574,1
176403,50716,1
176403,56714,1
176403,57414,1
176403,63510,1
176403,35846,1
176403,50274,1
176403,60978,1
176403,62944,1
176403,16358,1
176403,42132,1
176403,57804,1
176403,61672,1
176403,62170,1
176403,63186,1
176403,10808,1
176403,59816,1
176403,62378,1
176403,62860,1
176403,61552,1
176403,61540,1
176403,56484,1
176403,48694,1
176472,11262,1
176472,1304,1
176472,1370,1
176472,61542,1
176472,59822,1
176472,62376,1
176472,34092,1
176472,56714,1
176472,61540,1
176577,11262,1
176577,1304,1
176577,1370,1
176577,61542,1
176577,59822,1
176577,62376,1
176577,34092,1
176577,56714,1
176577,61540,1
176595,11262,1
176595,1304,1
176595,1370,1
176595,61542,1
176595,59822,1
176595,62376,1
176595,34092,1
176595,56714,1
176595,61540,1
176607,11262,1
176607,1304,1
176607,1370,1
176607,61542,1
176607,59822,1
176607,62376,1
176607,34092,1
176607,56714,1
176607,61540,1
176643,11262,1
176643,1304,1
176643,1370,1
176643,61542,1
176643,59822,1
176643,62376,1
176643,34092,1
176643,56714,1
176643,61540,1
177474,11262,1
177474,1304,1
177474,1370,1
177474,61542,1
177474,59822,1
177474,62376,1
177474,61540,1
177672,11262,1
177672,1304,1
177672,1370,1
177672,61542,1
177672,59822,1
177672,62376,1
177672,34092,1
177672,56714,1
177672,61540,1
177873,11262,1
177873,1304,1
177873,1370,1
177873,61542,1
177873,59822,1
177873,62376,1
177873,34092,1
177873,56714,1
177873,61540,1
177903,11262,1
177903,1304,1
177903,1370,1
177903,61542,1
177903,59822,1
177903,62376,1
177903,61540,1
177921,1370,1
177921,62376,1
177951,1304,1
177951,1370,1
177951,61542,1
177951,59822,1
177951,62376,1
178068,1304,1
178068,1370,1
178068,61542,1
178068,59822,1
178068,62376,1
178230,11262,1
178230,1304,1
178230,1370,1
178230,61542,1
178230,59822,1
178230,62376,1
178230,34092,1
178230,56714,1
178230,61540,1
178257,11262,1
178257,1304,1
178257,1370,1
178257,61542,1
178257,59822,1
178257,62376,1
178257,34092,1
178257,56714,1
178257,61540,1
178458,11262,1
178458,1304,1
178458,1370,1
178458,61542,1
178458,59822,1
178458,62376,1
178458,34092,1
178458,56714,1
178458,61540,1
178761,11262,1
178761,1304,1
178761,1370,1
178761,61542,1
178761,59822,1
178761,62376,1
178761,34092,1
178761,56714,1
178761,61540,1
178830,10652,1
178830,11262,1
178830,1304,1
178830,1370,1
178830,44302,1
178830,49888,1
178830,61542,1
178830,1372,1
178830,30500,1
178830,50718,1
178830,59822,1
178830,61364,1
178830,62376,1
178830,63188,1
178830,124,1
178830,34092,1
178830,48574,1
178830,50716,1
178830,56714,1
178830,57414,1
178830,63510,1
178830,50274,1
178830,60978,1
178830,62944,1
178830,16358,1
178830,57804,1
178830,61672,1
178830,62170,1
178830,62378,1
178830,62860,1
178830,61540,1
178830,56484,1
178830,48694,1
178938,1370,1
178938,62376,1
179088,11262,1
179088,1304,1
179088,1370,1
179088,61542,1
179088,59822,1
179088,62376,1
179088,61540,1
179436,11262,1
179436,1304,1
179436,1370,1
179436,61542,1
179436,59822,1
179436,62376,1
179436,61540,1
179496,11262,1
179496,1304,1
179496,1370,1
179496,61542,1
179496,59822,1
179496,62376,1
179496,61540,1
179700,1370,1
179700,62376,1
179790,11262,1
179790,1304,1
179790,1370,1
179790,61542,1
179790,59822,1
179790,62376,1
179790,34092,1
179790,56714,1
179790,61540,1
179838,11262,1
179838,1304,1
179838,1370,1
179838,61542,1
179838,59822,1
179838,62376,1
179838,61540,1
179853,11262,1
179853,34092,1
179853,56714,1
179853,61540,1
180195,11262,1
180195,1304,1
180195,1370,1
180195,61542,1
180195,59822,1
180195,62376,1
180195,34092,1
180195,56714,1
180195,61540,1
180471,1370,1
180471,62376,1
180495,11262,1
180495,1304,1
180495,1370,1
180495,61542,1
180495,59822,1
180495,62376,1
180495,61540,1
180672,1370,1
180672,62376,1
180801,34092,1
180801,56714,1
181101,11262,1
181101,1304,1
181101,1370,1
181101,61542,1
181101,1372,1
181101,59822,1
181101,61364,1
181101,62376,1
181101,63188,1
181101,34092,1
181101,48574,1
181101,56714,1
181101,57414,1
181101,62170,1
181101,62378,1
181101,61540,1
181101,48694,1
181110,34092,1
181110,56714,1
181149,11262,1
181149,1304,1
181149,1370,1
181149,61542,1
181149,59822,1
181149,62376,1
181149,34092,1
181149,56714,1
181149,61540,1
181203,1370,1
181203,62376,1
181371,11262,1
181371,1304,1
181371,1370,1
181371,61542,1
181371,59822,1
181371,62376,1
181371,61540,1
181593,11262,1
181593,1304,1
181593,1370,1
181593,61542,1
181593,59822,1
181593,62376,1
181593,34092,1
181593,56714,1
181593,61540,1
181662,11262,1
181662,1304,1
181662,1370,1
181662,61542,1
181662,59822,1
181662,62376,1
181662,61540,1
181704,1370,1
181704,62376,1
181746,11262,1
181746,1304,1
181746,1370,1
181746,61542,1
181746,59822,1
181746,62376,1
181746,61540,1
181860,11262,1
181860,1304,1
181860,1370,1
181860,61542,1
181860,59822,1
181860,62376,1
181860,34092,1
181860,56714,1
181860,61540,1
182292,11262,1
182292,1304,1
182292,1370,1
182292,61542,1
182292,59822,1
182292,62376,1
182292,61540,1
182295,11262,1
182295,1304,1
182295,1370,1
182295,61542,1
182295,59822,1
182295,62376,1
182295,61540,1
182442,1370,1
182442,62376,1
182556,1370,1
182556,62376,1
182565,11262,1
182565,1304,1
182565,1370,1
182565,61542,1
182565,59822,1
182565,62376,1
182565,34092,1
182565,56714,1
182565,61540,1
183105,10652,1
183105,11262,1
183105,1304,1
183105,1370,1
183105,44302,1
183105,49888,1
183105,61542,1
183105,1372,1
183105,30500,1
183105,50718,1
183105,54096,1
183105,59822,1
183105,61364,1
183105,62376,1
183105,63188,1
183105,124,1
183105,34092,1
183105,48574,1
183105,50716,1
183105,56714,1
183105,57414,1
183105,63510,1
183105,35846,1
183105,50274,1
183105,60978,1
183105,62944,1
183105,16358,1
183105,42132,1
183105,57804,1
183105,61672,1
183105,62170,1
183105,63186,1
183105,10808,1
183105,59816,1
183105,62378,1
183105,62860,1
183105,61552,1
183105,61540,1
183105,56484,1
183105,48694,1
183195,11262,1
183195,1304,1
183195,1370,1
183195,61542,1
183195,1372,1
183195,59822,1
183195,61364,1
183195,62376,1
183195,63188,1
183195,34092,1
183195,48574,1
183195,56714,1
183195,57414,1
183195,62170,1
183195,62378,1
183195,61540,1
183195,48694,1
183213,10652,1
183213,11262,1
183213,1304,1
183213,1370,1
183213,44302,1
183213,49888,1
183213,61542,1
183213,1372,1
183213,30500,1
183213,50718,1
183213,59822,1
183213,61364,1
183213,62376,1
183213,63188,1
183213,124,1
183213,34092,1
183213,48574,1
183213,50716,1
183213,56714,1
183213,57414,1
183213,62074,1
183213,63510,1
183213,50274,1
183213,60978,1
183213,62944,1
183213,16358,1
183213,57804,1
183213,61672,1
183213,62170,1
183213,62378,1
183213,62860,1
183213,61540,1
183213,56484,1
183213,48694,1
183387,11262,1
183387,1304,1
183387,1370,1
183387,61542,1
183387,59822,1
183387,62376,1
183387,34092,1
183387,56714,1
183387,61540,1
183450,11262,1
183450,1304,1
183450,1370,1
183450,61542,1
183450,59822,1
183450,62376,1
183450,61540,1
183459,11262,1
183459,1304,1
183459,1370,1
183459,61542,1
183459,59822,1
183459,62376,1
183459,61540,1
183468,11262,1
183468,1304,1
183468,1370,1
183468,61542,1
183468,59822,1
183468,62376,1
183468,34092,1
183468,56714,1
183468,61540,1
183489,10652,1
183489,11262,1
183489,1304,1
183489,1370,1
183489,44302,1
183489,49888,1
183489,61542,1
183489,1372,1
183489,30500,1
183489,50718,1
183489,59822,1
183489,61364,1
183489,62376,1
183489,63188,1
183489,124,1
183489,34092,1
183489,48574,1
183489,50716,1
183489,56714,1
183489,57414,1
183489,63510,1
183489,50274,1
183489,60978,1
183489,62944,1
183489,16358,1
183489,57804,1
183489,61672,1
183489,62170,1
183489,62378,1
183489,62860,1
183489,61540,1
183489,56484,1
183489,48694,1
183492,11262,1
183492,1304,1
183492,1370,1
183492,61542,1
183492,1372,1
183492,59822,1
183492,61364,1
183492,62376,1
183492,63188,1
183492,34092,1
183492,56714,1
183492,62170,1
183492,61540,1
183573,11262,1
183573,1304,1
183573,1370,1
183573,61542,1
183573,59822,1
183573,62376,1
183573,34092,1
183573,56714,1
183573,61540,1
183576,11262,1
183576,1304,1
183576,1370,1
183576,61542,1
183576,59822,1
183576,62376,1
183576,34092,1
183576,56714,1
183576,61540,1
183645,1370,1
183645,62376,1
183666,11262,1
183666,1304,1
183666,1370,1
183666,61542,1
183666,59822,1
183666,62376,1
183666,61540,1
183672,11262,1
183672,1304,1
183672,1370,1
183672,61542,1
183672,59822,1
183672,62376,1
183672,61540,1
183675,11262,1
183675,1304,1
183675,1370,1
183675,61542,1
183675,59822,1
183675,62376,1
183675,61540,1
183786,1304,1
183786,1370,1
183786,61542,1
183786,59822,1
183786,62376,1
183789,11262,1
183789,1304,1
183789,1370,1
183789,61542,1
183789,59822,1
183789,62376,1
183789,61540,1
183813,11262,1
183813,1304,1
183813,1370,1
183813,61542,1
183813,59822,1
183813,62376,1
183813,61540,1
183912,11262,1
183912,1304,1
183912,1370,1
183912,61542,1
183912,59822,1
183912,62376,1
183912,34092,1
183912,56714,1
183912,61540,1
183921,11262,1
183921,1304,1
183921,1370,1
183921,61542,1
183921,59822,1
183921,62376,1
183921,61540,1
184104,1370,1
184104,62376,1
184113,11262,1
184113,1304,1
184113,1370,1
184113,61542,1
184113,59822,1
184113,62376,1
184113,61540,1
184485,11262,1
184485,1304,1
184485,1370,1
184485,61542,1
184485,59822,1
184485,62376,1
184485,61540,1
184488,11262,1
184488,1370,1
184488,62376,1
184488,61540,1
184509,11262,1
184509,1304,1
184509,1370,1
184509,61542,1
184509,59822,1
184509,62376,1
184509,61540,1
184635,11262,1
184635,1304,1
184635,1370,1
184635,61542,1
184635,59822,1
184635,62376,1
184635,61540,1
184674,11262,1
184674,1304,1
184674,1370,1
184674,61542,1
184674,59822,1
184674,62376,1
184674,61540,1
184698,11262,1
184698,1304,1
184698,1370,1
184698,61542,1
184698,59822,1
184698,62376,1
184698,61540,1
184710,11262,1
184710,1304,1
184710,1370,1
184710,61542,1
184710,59822,1
184710,62376,1
184710,61540,1
184713,11262,1
184713,1304,1
184713,1370,1
184713,61542,1
184713,59822,1
184713,62376,1
184713,34092,1
184713,56714,1
184713,61540,1
184863,11262,1
184863,1304,1
184863,1370,1
184863,61542,1
184863,1372,1
184863,59822,1
184863,61364,1
184863,62376,1
184863,63188,1
184863,34092,1
184863,48574,1
184863,56714,1
184863,57414,1
184863,62170,1
184863,62378,1
184863,61540,1
184863,48694,1
184950,11262,1
184950,1304,1
184950,1370,1
184950,61542,1
184950,59822,1
184950,62376,1
184950,34092,1
184950,56714,1
184950,61540,1
185067,1304,1
185067,1370,1
185067,61542,1
185067,59822,1
185067,62376,1
185244,11262,1
185244,1304,1
185244,1370,1
185244,61542,1
185244,59822,1
185244,62376,1
185244,61540,1
185817,11262,1
185817,1370,1
185817,62376,1
185817,34092,1
185817,56714,1
185817,61540,1
186078,11262,1
186078,1304,1
186078,1370,1
186078,61542,1
186078,59822,1
186078,62376,1
186078,61540,1
186174,10652,1
186174,11262,1
186174,1304,1
186174,1370,1
186174,35732,1
186174,44302,1
186174,49888,1
186174,61542,1
186174,1372,1
186174,30500,1
186174,39186,1
186174,44664,1
186174,50718,1
186174,50968,1
186174,50970,1
186174,54096,1
186174,59822,1
186174,61364,1
186174,61558,1
186174,61560,1
186174,62376,1
186174,63188,1
186174,124,1
186174,34092,1
186174,48574,1
186174,50716,1
186174,56714,1
186174,57414,1
186174,62074,1
186174,63510,1
186174,35846,1
186174,50274,1
186174,56696,1
186174,60978,1
186174,61028,1
186174,62944,1
186174,16358,1
186174,42132,1
186174,57804,1
186174,61672,1
186174,62170,1
186174,62400,1
186174,63186,1
186174,63418,1
186174,10808,1
186174,59816,1
186174,62378,1
186174,62860,1
186174,36720,1
186174,44644,1
186174,50268,1
186174,61552,1
186174,36722,1
186174,36762,1
186174,61540,1
186174,44660,1
186174,58504,1
186174,56484,1
186174,48694,1
186177,11262,1
186177,1304,1
186177,1370,1
186177,61542,1
186177,59822,1
186177,62376,1
186177,34092,1
186177,56714,1
186177,61540,1
186216,11262,1
186216,1304,1
186216,1370,1
186216,61542,1
186216,59822,1
186216,62376,1
186216,34092,1
186216,56714,1
186216,61540,1
186327,1304,1
186327,1370,1
186327,61542,1
186327,59822,1
186327,62376,1
186327,34092,1
186327,56714,1
186378,11262,1
186378,1304,1
186378,1370,1
186378,61542,1
186378,59822,1
186378,62376,1
186378,124,1
186378,34092,1
186378,56714,1
186378,16358,1
186378,61540,1
186384,11262,1
186384,1304,1
186384,1370,1
186384,61542,1
186384,59822,1
186384,62376,1
186384,61540,1
186438,11262,1
186438,1304,1
186438,1370,1
186438,61542,1
186438,59822,1
186438,62376,1
186438,34092,1
186438,56714,1
186438,61540,1
186447,11262,1
186447,1304,1
186447,1370,1
186447,61542,1
186447,59822,1
186447,62376,1
186447,61540,1
186657,11262,1
186657,1304,1
186657,1370,1
186657,61542,1
186657,59822,1
186657,62376,1
186657,34092,1
186657,56714,1
186657,61540,1
186882,11262,1
186882,1304,1
186882,1370,1
186882,61542,1
186882,59822,1
186882,62376,1
186882,34092,1
186882,56714,1
186882,61540,1
186933,11262,1
186933,1304,1
186933,1370,1
186933,61542,1
186933,59822,1
186933,62376,1
186933,34092,1
186933,56714,1
186933,61540,1
186942,1370,1
186942,62376,1
186951,11262,1
186951,1304,1
186951,1370,1
186951,61542,1
186951,59822,1
186951,62376,1
186951,34092,1
186951,56714,1
186951,61540,1
186987,11262,1
186987,1304,1
186987,1370,1
186987,61542,1
186987,59822,1
186987,62376,1
186987,34092,1
186987,56714,1
186987,61540,1
186990,11262,1
186990,1304,1
186990,1370,1
186990,61542,1
186990,59822,1
186990,62376,1
186990,61540,1
187101,11262,1
187101,1304,1
187101,1370,1
187101,61542,1
187101,1372,1
187101,59822,1
187101,61364,1
187101,62376,1
187101,63188,1
187101,34092,1
187101,48574,1
187101,56714,1
187101,57414,1
187101,62170,1
187101,62378,1
187101,61540,1
187101,48694,1
187221,1304,1
187221,1370,1
187221,61542,1
187221,59822,1
187221,62376,1
187221,34092,1
187221,56714,1
187224,11262,1
187224,1304,1
187224,1370,1
187224,61542,1
187224,59822,1
187224,62376,1
187224,34092,1
187224,56714,1
187224,61540,1
187263,11262,1
187263,1304,1
187263,1370,1
187263,61542,1
187263,59822,1
187263,62376,1
187263,34092,1
187263,56714,1
187263,61540,1
187395,11262,1
187395,1304,1
187395,1370,1
187395,61542,1
187395,59822,1
187395,62376,1
187395,61540,1
187650,11262,1
187650,1304,1
187650,1370,1
187650,61542,1
187650,59822,1
187650,62376,1
187650,34092,1
187650,56714,1
187650,61540,1
187659,1304,1
187659,1370,1
187659,61542,1
187659,59822,1
187659,62376,1
187659,34092,1
187659,56714,1
187707,11262,1
187707,1304,1
187707,1370,1
187707,61542,1
187707,1372,1
187707,30500,1
187707,50718,1
187707,59822,1
187707,61364,1
187707,62376,1
187707,63188,1
187707,34092,1
187707,48574,1
187707,56714,1
187707,57414,1
187707,62170,1
187707,62378,1
187707,61540,1
187707,56484,1
187707,48694,1
187734,11262,1
187734,1304,1
187734,1370,1
187734,61542,1
187734,59822,1
187734,62376,1
187734,34092,1
187734,56714,1
187734,61540,1
187743,11262,1
187743,1304,1
187743,1370,1
187743,61542,1
187743,59822,1
187743,62376,1
187743,34092,1
187743,56714,1
187743,61540,1
187797,11262,1
187797,1304,1
187797,1370,1
187797,61542,1
187797,59822,1
187797,62376,1
187797,34092,1
187797,56714,1
187797,61540,1
187806,10652,1
187806,11262,1
187806,1304,1
187806,1370,1
187806,44302,1
187806,49888,1
187806,61542,1
187806,1372,1
187806,30500,1
187806,50718,1
187806,59822,1
187806,61364,1
187806,62376,1
187806,63188,1
187806,34092,1
187806,48574,1
187806,50716,1
187806,56714,1
187806,57414,1
187806,63510,1
187806,50274,1
187806,60978,1
187806,62944,1
187806,61672,1
187806,62170,1
187806,62378,1
187806,62860,1
187806,61540,1
187806,56484,1
187806,48694,1
187839,11262,1
187839,1304,1
187839,1370,1
187839,61542,1
187839,59822,1
187839,62376,1
187839,34092,1
187839,56714,1
187839,61540,1
187875,11262,1
187875,1370,1
187875,62376,1
187875,61540,1
187962,11262,1
187962,1304,1
187962,1370,1
187962,61542,1
187962,59822,1
187962,62376,1
187962,61540,1
187974,11262,1
187974,1304,1
187974,1370,1
187974,61542,1
187974,59822,1
187974,62376,1
187974,61540,1
188100,11262,1
188100,1304,1
188100,1370,1
188100,61542,1
188100,59822,1
188100,62376,1
188100,34092,1
188100,56714,1
188100,61540,1
188106,11262,1
188106,1304,1
188106,1370,1
188106,61542,1
188106,59822,1
188106,62376,1
188106,61540,1
188196,1370,1
188196,62376,1
188265,11262,1
188265,1304,1
188265,1370,1
188265,61542,1
188265,59822,1
188265,62376,1
188265,61540,1
188331,11262,1
188331,1304,1
188331,1370,1
188331,61542,1
188331,1372,1
188331,30500,1
188331,50718,1
188331,59822,1
188331,61364,1
188331,62376,1
188331,63188,1
188331,34092,1
188331,48574,1
188331,56714,1
188331,57414,1
188331,50274,1
188331,57804,1
188331,62170,1
188331,62378,1
188331,61540,1
188331,56484,1
188331,48694,1
188343,11262,1
188343,1304,1
188343,1370,1
188343,61542,1
188343,59822,1
188343,62376,1
188343,61540,1
188481,1370,1
188481,62376,1
188604,11262,1
188604,1304,1
188604,1370,1
188604,61542,1
188604,59822,1
188604,62376,1
188604,61540,1
188637,11262,1
188637,1304,1
188637,1370,1
188637,61542,1
188637,59822,1
188637,62376,1
188637,34092,1
188637,56714,1
188637,61540,1
188685,11262,1
188685,1304,1
188685,1370,1
188685,61542,1
188685,59822,1
188685,62376,1
188685,61540,1
188700,11262,1
188700,1304,1
188700,1370,1
188700,61542,1
188700,59822,1
188700,62376,1
188700,124,1
188700,34092,1
188700,56714,1
188700,16358,1
188700,61540,1
188730,11262,1
188730,1304,1
188730,1370,1
188730,61542,1
188730,59822,1
188730,62376,1
188730,34092,1
188730,56714,1
188730,61540,1
188787,11262,1
188787,1304,1
188787,1370,1
188787,61542,1
188787,59822,1
188787,62376,1
188787,34092,1
188787,56714,1
188787,61540,1
188844,11262,1
188844,1304,1
188844,1370,1
188844,61542,1
188844,59822,1
188844,62376,1
188844,61540,1
188847,11262,1
188847,1304,1
188847,1370,1
188847,61542,1
188847,59822,1
188847,62376,1
188847,34092,1
188847,56714,1
188847,61540,1
188853,11262,1
188853,1304,1
188853,1370,1
188853,61542,1
188853,59822,1
188853,62376,1
188853,34092,1
188853,56714,1
188853,61540,1
188937,11262,1
188937,1304,1
188937,1370,1
188937,61542,1
188937,59822,1
188937,62376,1
188937,34092,1
188937,56714,1
188937,61540,1
188961,11262,1
188961,1304,1
188961,1370,1
188961,61542,1
188961,59822,1
188961,62376,1
188961,61540,1
189009,11262,1
189009,1304,1
189009,1370,1
189009,61542,1
189009,59822,1
189009,62376,1
189009,34092,1
189009,56714,1
189009,61540,1
189012,1370,1
189012,62376,1
189045,11262,1
189045,1304,1
189045,1370,1
189045,61542,1
189045,59822,1
189045,62376,1
189045,61540,1
190113,11262,1
190113,1304,1
190113,1370,1
190113,61542,1
190113,59822,1
190113,62376,1
190113,61540,1
190152,11262,1
190152,61540,1
190776,11262,1
190776,1370,1
190776,62376,1
190776,34092,1
190776,56714,1
190776,61540,1
191223,11262,1
191223,1304,1
191223,1370,1
191223,61542,1
191223,59822,1
191223,62376,1
191223,61540,1
191226,11262,1
191226,1304,1
191226,1370,1
191226,61542,1
191226,59822,1
191226,62376,1
191226,61540,1
191229,11262,1
191229,1304,1
191229,1370,1
191229,61542,1
191229,59822,1
191229,62376,1
191229,34092,1
191229,56714,1
191229,61540,1
191232,11262,1
191232,1304,1
191232,1370,1
191232,61542,1
191232,59822,1
191232,62376,1
191232,34092,1
191232,56714,1
191232,61540,1
191238,11262,1
191238,1304,1
191238,1370,1
191238,61542,1
191238,59822,1
191238,62376,1
191238,61540,1
191247,11262,1
191247,1304,1
191247,1370,1
191247,61542,1
191247,59822,1
191247,62376,1
191247,34092,1
191247,56714,1
191247,61540,1
191250,1304,1
191250,1370,1
191250,61542,1
191250,59822,1
191250,62376,1
191256,34092,1
191256,56714,1
191256,60,1
191451,11262,1
191451,1304,1
191451,1370,1
191451,61542,1
191451,59822,1
191451,62376,1
191451,34092,1
191451,56714,1
191451,61540,1
191553,11262,1
191553,1304,1
191553,1370,1
191553,61542,1
191553,59822,1
191553,62376,1
191553,61540,1
191556,11262,1
191556,1304,1
191556,1370,1
191556,61542,1
191556,59822,1
191556,62376,1
191556,61540,1
191892,11262,1
191892,1304,1
191892,1370,1
191892,61542,1
191892,59822,1
191892,62376,1
191892,34092,1
191892,56714,1
191892,61540,1
192144,11262,1
192144,1304,1
192144,1370,1
192144,61542,1
192144,59822,1
192144,62376,1
192144,34092,1
192144,56714,1
192144,61540,1
192159,11262,1
192159,1304,1
192159,1370,1
192159,61542,1
192159,59822,1
192159,62376,1
192159,61540,1
192300,11262,1
192300,1304,1
192300,1370,1
192300,61542,1
192300,59822,1
192300,62376,1
192300,61540,1
192549,34092,1
192549,56714,1
192564,10652,1
192564,11262,1
192564,1304,1
192564,1370,1
192564,44302,1
192564,49888,1
192564,61542,1
192564,30500,1
192564,50718,1
192564,59822,1
192564,62376,1
192564,124,1
192564,34092,1
192564,48574,1
192564,50716,1
192564,56714,1
192564,57414,1
192564,63510,1
192564,50274,1
192564,60978,1
192564,62944,1
192564,16358,1
192564,61672,1
192564,62378,1
192564,62860,1
192564,61540,1
192564,56484,1
192564,48694,1
192618,1370,1
192618,62376,1
192627,11262,1
192627,1304,1
192627,1370,1
192627,61542,1
192627,59822,1
192627,62376,1
192627,61540,1
192714,11262,1
192714,1370,1
192714,62376,1
192714,61540,1
192717,11262,1
192717,1304,1
192717,1370,1
192717,61542,1
192717,59822,1
192717,62376,1
192717,61540,1
192735,11262,1
192735,1304,1
192735,1370,1
192735,61542,1
192735,59822,1
192735,62376,1
192735,61540,1
192756,11262,1
192756,1304,1
192756,61542,1
192756,59822,1
192756,34092,1
192756,56714,1
192756,61540,1
192768,11262,1
192768,1304,1
192768,61542,1
192768,59822,1
192768,34092,1
192768,56714,1
192768,61540,1
192771,11262,1
192771,1304,1
192771,61542,1
192771,59822,1
192771,34092,1
192771,56714,1
192771,61540,1
192942,11262,1
192942,1304,1
192942,1370,1
192942,61542,1
192942,59822,1
192942,62376,1
192942,34092,1
192942,56714,1
192942,61540,1
193323,11262,1
193323,1304,1
193323,1370,1
193323,61542,1
193323,59822,1
193323,62376,1
193323,34092,1
193323,56714,1
193323,61540,1
193542,11262,1
193542,1304,1
193542,1370,1
193542,61542,1
193542,59822,1
193542,62376,1
193542,34092,1
193542,56714,1
193542,61540,1
193911,11262,1
193911,1370,1
193911,62376,1
193911,61540,1
193965,11262,1
193965,1370,1
193965,62376,1
193965,61540,1
194082,11262,1
194082,1304,1
194082,1370,1
194082,61542,1
194082,59822,1
194082,62376,1
194082,34092,1
194082,56714,1
194082,61540,1
194208,11262,1
194208,1304,1
194208,1370,1
194208,61542,1
194208,59822,1
194208,62376,1
194208,34092,1
194208,56714,1
194208,61540,1
194229,10652,1
194229,11262,1
194229,1304,1
194229,1370,1
194229,44302,1
194229,49888,1
194229,61542,1
194229,1372,1
194229,30500,1
194229,50718,1
194229,54096,1
194229,59822,1
194229,61364,1
194229,62376,1
194229,63188,1
194229,124,1
194229,34092,1
194229,48574,1
194229,50716,1
194229,56714,1
194229,57414,1
194229,63510,1
194229,35846,1
194229,50274,1
194229,60978,1
194229,62944,1
194229,16358,1
194229,33534,1
194229,42132,1
194229,57804,1
194229,61672,1
194229,62170,1
194229,63186,1
194229,59816,1
194229,62378,1
194229,62860,1
194229,61552,1
194229,61540,1
194229,56484,1
194229,48694,1
194388,11262,1
194388,1370,1
194388,62376,1
194388,61540,1
194409,11262,1
194409,1304,1
194409,1370,1
194409,61542,1
194409,59822,1
194409,62376,1
194409,61540,1
194424,11262,1
194424,1370,1
194424,62376,1
194424,34092,1
194424,56714,1
194424,61540,1
194601,11262,1
194601,1370,1
194601,62376,1
194601,61540,1
194718,11262,1
194718,1304,1
194718,61542,1
194718,59822,1
194718,34092,1
194718,56714,1
194718,61540,1
194790,11262,1
194790,1304,1
194790,1370,1
194790,61542,1
194790,59822,1
194790,62376,1
194790,61540,1
194883,10652,1
194883,11262,1
194883,1304,1
194883,1370,1
194883,61542,1
194883,1372,1
194883,30500,1
194883,50718,1
194883,59822,1
194883,61364,1
194883,62376,1
194883,63188,1
194883,34092,1
194883,48574,1
194883,56714,1
194883,57414,1
194883,61672,1
194883,62170,1
194883,62378,1
194883,61540,1
194883,56484,1
194883,48694,1
194904,11262,1
194904,1304,1
194904,1370,1
194904,61542,1
194904,59822,1
194904,62376,1
194904,34092,1
194904,56714,1
194904,61540,1
195063,11262,1
195063,1304,1
195063,1370,1
195063,61542,1
195063,59822,1
195063,62376,1
195063,34092,1
195063,56714,1
195063,61540,1
195249,11262,1
195249,1304,1
195249,1370,1
195249,61542,1
195249,59822,1
195249,62376,1
195249,61540,1
195372,11262,1
195372,1304,1
195372,1370,1
195372,61542,1
195372,59822,1
195372,62376,1
195372,34092,1
195372,56714,1
195372,61540,1
195378,11262,1
195378,1304,1
195378,61542,1
195378,59822,1
195378,61540,1
195447,11262,1
195447,1304,1
195447,1370,1
195447,61542,1
195447,59822,1
195447,62376,1
195447,34092,1
195447,56714,1
195447,61540,1
195507,11262,1
195507,1304,1
195507,61542,1
195507,59822,1
195507,61540,1
195582,11262,1
195582,1370,1
195582,62376,1
195582,61540,1
195723,11262,1
195723,1304,1
195723,1370,1
195723,61542,1
195723,59822,1
195723,62376,1
195723,34092,1
195723,56714,1
195723,61540,1
195771,11262,1
195771,1304,1
195771,1370,1
195771,61542,1
195771,59822,1
195771,62376,1
195771,61540,1
195894,11262,1
195894,1304,1
195894,1370,1
195894,61542,1
195894,59822,1
195894,62376,1
195894,34092,1
195894,56714,1
195894,61540,1
196302,11262,1
196302,1304,1
196302,61542,1
196302,59822,1
196302,34092,1
196302,56714,1
196302,61540,1
196311,11262,1
196311,1304,1
196311,1370,1
196311,61542,1
196311,59822,1
196311,62376,1
196311,34092,1
196311,56714,1
196311,61540,1
196455,11262,1
196455,1304,1
196455,1370,1
196455,61542,1
196455,59822,1
196455,62376,1
196455,34092,1
196455,56714,1
196455,61540,1
196722,11262,1
196722,1304,1
196722,1370,1
196722,61542,1
196722,59822,1
196722,62376,1
196722,61540,1
196845,10652,1
196845,11262,1
196845,1304,1
196845,1370,1
196845,44302,1
196845,49888,1
196845,61542,1
196845,1372,1
196845,30500,1
196845,50718,1
196845,59822,1
196845,61364,1
196845,62376,1
196845,63188,1
196845,124,1
196845,34092,1
196845,48574,1
196845,50716,1
196845,56714,1
196845,57414,1
196845,63510,1
196845,50274,1
196845,60978,1
196845,62944,1
196845,16358,1
196845,61672,1
196845,62170,1
196845,62378,1
196845,62860,1
196845,61540,1
196845,56484,1
196845,48694,1
197034,11262,1
197034,1304,1
197034,1370,1
197034,61542,1
197034,59822,1
197034,62376,1
197034,61540,1
197286,11262,1
197286,1304,1
197286,1370,1
197286,44302,1
197286,49888,1
197286,61542,1
197286,30500,1
197286,50718,1
197286,59822,1
197286,62376,1
197286,34092,1
197286,48574,1
197286,50716,1
197286,56714,1
197286,57414,1
197286,63510,1
197286,50274,1
197286,60978,1
197286,62944,1
197286,62378,1
197286,62860,1
197286,61540,1
197286,56484,1
197286,48694,1
197529,11262,1
197529,1304,1
197529,1370,1
197529,61542,1
197529,59822,1
197529,62376,1
197529,61540,1
197595,11262,1
197595,1304,1
197595,1370,1
197595,61542,1
197595,59822,1
197595,62376,1
197595,34092,1
197595,56714,1
197595,61540,1
197673,11262,1
197673,1370,1
197673,62376,1
197673,34092,1
197673,56714,1
197673,61540,1
197676,11262,1
197676,1304,1
197676,1370,1
197676,61542,1
197676,59822,1
197676,62376,1
197676,34092,1
197676,56714,1
197676,61540,1
197799,11262,1
197799,1370,1
197799,62376,1
197799,61540,1
197802,11262,1
197802,1304,1
197802,1370,1
197802,61542,1
197802,59822,1
197802,62376,1
197802,34092,1
197802,56714,1
197802,61540,1
197835,11262,1
197835,1304,1
197835,1370,1
197835,61542,1
197835,59822,1
197835,62376,1
197835,61540,1
198057,1370,1
198057,62376,1
198210,11262,1
198210,1304,1
198210,1370,1
198210,61542,1
198210,1372,1
198210,59822,1
198210,61364,1
198210,62376,1
198210,63188,1
198210,34092,1
198210,56714,1
198210,62170,1
198210,61540,1
198279,11262,1
198279,1370,1
198279,62376,1
198279,61540,1
198522,11262,1
198522,1304,1
198522,61542,1
198522,30500,1
198522,50718,1
198522,59822,1
198522,34092,1
198522,56714,1
198522,61540,1
198522,56484,1
198534,11262,1
198534,1304,1
198534,1370,1
198534,61542,1
198534,59822,1
198534,62376,1
198534,34092,1
198534,56714,1
198534,61540,1
198552,11262,1
198552,1304,1
198552,1370,1
198552,61542,1
198552,59822,1
198552,62376,1
198552,61540,1
198573,11262,1
198573,1304,1
198573,1370,1
198573,61542,1
198573,1372,1
198573,59822,1
198573,61364,1
198573,62376,1
198573,63188,1
198573,34092,1
198573,56714,1
198573,62170,1
198573,61540,1
198792,11262,1
198792,1304,1
198792,1370,1
198792,61542,1
198792,59822,1
198792,62376,1
198792,34092,1
198792,56714,1
198792,61540,1
198801,11262,1
198801,1304,1
198801,1370,1
198801,61542,1
198801,59822,1
198801,62376,1
198801,34092,1
198801,56714,1
198801,61540,1
198855,1304,1
198855,1370,1
198855,61542,1
198855,59822,1
198855,62376,1
198855,34092,1
198855,56714,1
198867,11262,1
198867,1304,1
198867,1370,1
198867,61542,1
198867,59822,1
198867,62376,1
198867,34092,1
198867,56714,1
198867,61540,1
198873,11262,1
198873,1304,1
198873,1370,1
198873,61542,1
198873,1372,1
198873,59822,1
198873,61364,1
198873,62376,1
198873,63188,1
198873,34092,1
198873,56714,1
198873,62170,1
198873,61540,1
198882,11262,1
198882,1304,1
198882,1370,1
198882,44302,1
198882,49888,1
198882,61542,1
198882,1372,1
198882,30500,1
198882,50718,1
198882,59822,1
198882,61364,1
198882,62376,1
198882,63188,1
198882,34092,1
198882,48574,1
198882,50716,1
198882,56714,1
198882,57414,1
198882,63510,1
198882,50274,1
198882,60978,1
198882,62944,1
198882,62170,1
198882,62378,1
198882,62860,1
198882,61540,1
198882,56484,1
198882,48694,1
198945,11262,1
198945,1304,1
198945,1370,1
198945,61542,1
198945,59822,1
198945,62376,1
198945,61540,1
198981,11262,1
198981,1304,1
198981,1370,1
198981,61542,1
198981,59822,1
198981,62376,1
198981,34092,1
198981,56714,1
198981,61540,1
198990,11262,1
198990,1304,1
198990,1370,1
198990,61542,1
198990,59822,1
198990,62376,1
198990,34092,1
198990,56714,1
198990,61540,1
199044,11262,1
199044,1304,1
199044,1370,1
199044,61542,1
199044,59822,1
199044,62376,1
199044,61540,1
199242,11262,1
199242,1304,1
199242,1370,1
199242,61542,1
199242,1372,1
199242,59822,1
199242,61364,1
199242,62376,1
199242,63188,1
199242,34092,1
199242,56714,1
199242,62170,1
199242,61540,1
199479,11262,1
199479,1304,1
199479,1370,1
199479,61542,1
199479,59822,1
199479,62376,1
199479,34092,1
199479,56714,1
199479,61540,1
199854,11262,1
199854,1304,1
199854,1370,1
199854,61542,1
199854,59822,1
199854,62376,1
199854,34092,1
199854,56714,1
199854,61540,1
199860,11262,1
199860,1304,1
199860,61542,1
199860,59822,1
199860,34092,1
199860,56714,1
199860,61540,1
200259,11262,1
200259,1304,1
200259,1370,1
200259,61542,1
200259,59822,1
200259,62376,1
200259,34092,1
200259,56714,1
200259,61540,1
200364,11262,1
200364,1370,1
200364,62376,1
200364,61540,1
200502,11262,1
200502,1304,1
200502,1370,1
200502,61542,1
200502,59822,1
200502,62376,1
200502,34092,1
200502,56714,1
200502,61540,1
200508,11262,1
200508,1304,1
200508,61542,1
200508,59822,1
200508,61540,1
200964,11262,1
200964,1304,1
200964,1370,1
200964,61542,1
200964,59822,1
200964,62376,1
200964,34092,1
200964,56714,1
200964,61540,1
201030,11262,1
201030,1304,1
201030,1370,1
201030,61542,1
201030,59822,1
201030,62376,1
201030,61540,1
201282,11262,1
201282,1304,1
201282,1370,1
201282,61542,1
201282,59822,1
201282,62376,1
201282,34092,1
201282,56714,1
201282,61540,1
201522,1370,1
201522,62376,1
201522,34092,1
201522,56714,1
201564,11262,1
201564,1304,1
201564,61542,1
201564,59822,1
201564,61540,1
201741,11262,1
201741,1304,1
201741,1370,1
201741,61542,1
201741,59822,1
201741,62376,1
201741,34092,1
201741,56714,1
201741,61540,1
201798,11262,1
201798,1370,1
201798,62376,1
201798,61540,1
201837,11262,1
201837,1304,1
201837,61542,1
201837,59822,1
201837,61540,1
201852,11262,1
201852,1304,1
201852,1370,1
201852,61542,1
201852,59822,1
201852,62376,1
201852,34092,1
201852,56714,1
201852,61540,1
202638,11262,1
202638,1304,1
202638,1370,1
202638,61542,1
202638,59822,1
202638,62376,1
202638,34092,1
202638,56714,1
202638,61540,1
202818,1370,1
202818,62376,1
202818,34092,1
202818,56714,1
202959,11262,1
202959,1304,1
202959,61542,1
202959,59822,1
202959,34092,1
202959,56714,1
202959,61540,1
203052,11262,1
203052,1304,1
203052,61542,1
203052,59822,1
203052,34092,1
203052,56714,1
203052,61540,1
203055,11262,1
203055,1370,1
203055,62376,1
203055,61540,1
203058,11262,1
203058,1304,1
203058,1370,1
203058,61542,1
203058,59822,1
203058,62376,1
203058,34092,1
203058,56714,1
203058,61540,1
203073,11262,1
203073,1370,1
203073,62376,1
203073,61540,1
203082,11262,1
203082,1370,1
203082,62376,1
203082,61540,1
203088,11262,1
203088,1370,1
203088,62376,1
203088,61540,1
203094,11262,1
203094,1370,1
203094,62376,1
203094,61540,1
203100,11262,1
203100,1304,1
203100,61542,1
203100,59822,1
203100,61540,1
203106,11262,1
203106,1304,1
203106,61542,1
203106,59822,1
203106,34092,1
203106,48574,1
203106,56714,1
203106,57414,1
203106,62378,1
203106,61540,1
203106,48694,1
203112,11262,1
203112,1304,1
203112,61542,1
203112,59822,1
203112,61540,1
203133,11262,1
203133,1304,1
203133,1370,1
203133,61542,1
203133,59822,1
203133,62376,1
203133,61540,1
203142,11262,1
203142,1370,1
203142,62376,1
203142,61540,1
203145,11262,1
203145,1370,1
203145,62376,1
203145,61540,1
203151,1370,1
203151,62376,1
203166,11262,1
203166,1304,1
203166,1370,1
203166,61542,1
203166,59822,1
203166,62376,1
203166,34092,1
203166,56714,1
203166,61540,1
203175,11262,1
203175,1304,1
203175,1370,1
203175,61542,1
203175,59822,1
203175,62376,1
203175,34092,1
203175,56714,1
203175,61540,1
203178,11262,1
203178,1304,1
203178,1370,1
203178,61542,1
203178,59822,1
203178,62376,1
203178,34092,1
203178,56714,1
203178,61540,1
203181,1370,1
203181,62376,1
203184,11262,1
203184,1304,1
203184,1370,1
203184,61542,1
203184,59822,1
203184,62376,1
203184,61540,1
203199,11262,1
203199,1370,1
203199,62376,1
203199,61540,1
203214,11262,1
203214,1370,1
203214,62376,1
203214,61540,1
203232,11262,1
203232,1304,1
203232,1370,1
203232,61542,1
203232,59822,1
203232,62376,1
203232,61540,1
203241,11262,1
203241,1370,1
203241,62376,1
203241,61540,1
203247,11262,1
203247,1304,1
203247,1370,1
203247,61542,1
203247,59822,1
203247,62376,1
203247,61540,1
203256,11262,1
203256,1304,1
203256,1370,1
203256,61542,1
203256,59822,1
203256,62376,1
203256,61540,1
203259,11262,1
203259,1304,1
203259,1370,1
203259,61542,1
203259,59822,1
203259,62376,1
203259,61540,1
203268,11262,1
203268,1304,1
203268,1370,1
203268,61542,1
203268,59822,1
203268,62376,1
203268,61540,1
203271,11262,1
203271,1370,1
203271,62376,1
203271,61540,1
203274,11262,1
203274,1370,1
203274,62376,1
203274,61540,1
203277,11262,1
203277,1370,1
203277,62376,1
203277,61540,1
203280,11262,1
203280,1370,1
203280,62376,1
203280,61540,1
203295,11262,1
203295,1304,1
203295,61542,1
203295,59822,1
203295,61540,1
203301,11262,1
203301,1304,1
203301,61542,1
203301,59822,1
203301,61540,1
203310,11262,1
203310,1304,1
203310,61542,1
203310,59822,1
203310,34092,1
203310,56714,1
203310,61540,1
203316,11262,1
203316,1304,1
203316,61542,1
203316,59822,1
203316,34092,1
203316,56714,1
203316,61540,1
203322,11262,1
203322,1304,1
203322,61542,1
203322,59822,1
203322,34092,1
203322,56714,1
203322,61540,1
203328,11262,1
203328,1304,1
203328,1370,1
203328,61542,1
203328,59822,1
203328,62376,1
203328,34092,1
203328,56714,1
203328,61540,1
203388,11262,1
203388,1304,1
203388,61542,1
203388,59822,1
203388,61540,1
203439,11262,1
203439,1304,1
203439,1370,1
203439,61542,1
203439,59822,1
203439,62376,1
203439,61540,1
203445,11262,1
203445,1304,1
203445,1370,1
203445,61542,1
203445,59822,1
203445,62376,1
203445,61540,1
203451,11262,1
203451,1370,1
203451,62376,1
203451,61540,1
203454,11262,1
203454,1370,1
203454,62376,1
203454,61540,1
203460,11262,1
203460,1304,1
203460,1370,1
203460,61542,1
203460,59822,1
203460,62376,1
203460,34092,1
203460,56714,1
203460,61540,1
203466,1370,1
203466,62376,1
203502,11262,1
203502,1304,1
203502,61542,1
203502,59822,1
203502,34092,1
203502,56714,1
203502,61540,1
203511,11262,1
203511,1304,1
203511,1370,1
203511,61542,1
203511,59822,1
203511,62376,1
203511,61540,1
203517,11262,1
203517,1304,1
203517,1370,1
203517,61542,1
203517,59822,1
203517,62376,1
203517,61540,1
203532,11262,1
203532,1304,1
203532,61542,1
203532,59822,1
203532,61540,1
203574,11262,1
203574,1304,1
203574,61542,1
203574,59822,1
203574,61540,1
203646,1370,1
203646,62376,1
203661,11262,1
203661,1370,1
203661,62376,1
203661,61540,1
203670,11262,1
203670,1304,1
203670,1370,1
203670,61542,1
203670,59822,1
203670,62376,1
203670,61540,1
203673,11262,1
203673,1304,1
203673,1370,1
203673,61542,1
203673,59822,1
203673,62376,1
203673,34092,1
203673,56714,1
203673,61540,1
203700,10652,1
203700,11262,1
203700,1304,1
203700,1370,1
203700,61542,1
203700,59822,1
203700,62376,1
203700,34092,1
203700,48574,1
203700,56714,1
203700,57414,1
203700,61672,1
203700,62378,1
203700,61540,1
203700,48694,1
203706,11262,1
203706,1304,1
203706,61542,1
203706,59822,1
203706,61540,1
203709,11262,1
203709,1304,1
203709,61542,1
203709,59822,1
203709,61540,1
203724,11262,1
203724,1304,1
203724,61542,1
203724,59822,1
203724,34092,1
203724,56714,1
203724,61540,1
203727,11262,1
203727,1304,1
203727,61542,1
203727,59822,1
203727,61540,1
203733,1370,1
203733,62376,1
203736,11262,1
203736,1370,1
203736,62376,1
203736,61540,1
203775,11262,1
203775,1304,1
203775,1370,1
203775,61542,1
203775,59822,1
203775,62376,1
203775,61540,1
203784,1370,1
203784,62376,1
203790,11262,1
203790,1370,1
203790,62376,1
203790,34092,1
203790,56714,1
203790,61540,1
203796,11262,1
203796,1304,1
203796,1370,1
203796,61542,1
203796,59822,1
203796,62376,1
203796,34092,1
203796,56714,1
203796,61540,1
203811,11262,1
203811,1370,1
203811,62376,1
203811,61540,1
203820,11262,1
203820,1370,1
203820,62376,1
203820,61540,1
203829,11262,1
203829,1370,1
203829,62376,1
203829,61540,1
203868,11262,1
203868,1304,1
203868,1370,1
203868,61542,1
203868,59822,1
203868,62376,1
203868,61540,1
203871,11262,1
203871,1370,1
203871,62376,1
203871,61540,1
203889,11262,1
203889,1304,1
203889,61542,1
203889,59822,1
203889,61540,1
204054,11262,1
204054,1304,1
204054,1370,1
204054,61542,1
204054,59822,1
204054,62376,1
204054,61540,1
204057,11262,1
204057,1304,1
204057,1370,1
204057,61542,1
204057,59822,1
204057,62376,1
204057,61540,1
204093,11262,1
204093,1304,1
204093,1370,1
204093,61542,1
204093,59822,1
204093,62376,1
204093,34092,1
204093,56714,1
204093,61540,1
204141,11262,1
204141,1304,1
204141,1370,1
204141,61542,1
204141,59822,1
204141,62376,1
204141,34092,1
204141,56714,1
204141,61540,1
204144,11262,1
204144,1304,1
204144,1370,1
204144,61542,1
204144,59822,1
204144,62376,1
204144,34092,1
204144,56714,1
204144,61540,1
204189,11262,1
204189,1304,1
204189,1370,1
204189,61542,1
204189,30500,1
204189,50718,1
204189,59822,1
204189,62376,1
204189,34092,1
204189,56714,1
204189,61540,1
204189,56484,1
204222,11262,1
204222,1370,1
204222,62376,1
204222,61540,1
204228,11262,1
204228,1304,1
204228,1370,1
204228,61542,1
204228,59822,1
204228,62376,1
204228,61540,1
204243,1304,1
204243,1370,1
204243,61542,1
204243,59822,1
204243,62376,1
204276,11262,1
204276,1370,1
204276,62376,1
204276,61540,1
204375,11262,1
204375,1304,1
204375,1370,1
204375,61542,1
204375,59822,1
204375,62376,1
204375,61540,1
204411,11262,1
204411,1304,1
204411,1370,1
204411,61542,1
204411,59822,1
204411,62376,1
204411,61540,1
204480,11262,1
204480,1304,1
204480,1370,1
204480,61542,1
204480,59822,1
204480,62376,1
204480,61540,1
204483,1304,1
204483,1370,1
204483,61542,1
204483,59822,1
204483,62376,1
204519,11262,1
204519,1304,1
204519,1370,1
204519,61542,1
204519,59822,1
204519,62376,1
204519,61540,1
204522,1370,1
204522,62376,1
204654,1370,1
204654,62376,1
204657,11262,1
204657,1304,1
204657,1370,1
204657,61542,1
204657,59822,1
204657,62376,1
204657,61540,1
204717,11262,1
204717,1304,1
204717,1370,1
204717,61542,1
204717,59822,1
204717,62376,1
204717,61540,1
204759,1370,1
204759,62376,1
204762,11262,1
204762,1304,1
204762,1370,1
204762,61542,1
204762,59822,1
204762,62376,1
204762,61540,1
204768,11262,1
204768,1370,1
204768,62376,1
204768,61540,1
204771,11262,1
204771,1304,1
204771,1370,1
204771,61542,1
204771,59822,1
204771,62376,1
204771,61540,1
204774,11262,1
204774,61540,1
204780,11262,1
204780,1304,1
204780,1370,1
204780,61542,1
204780,59822,1
204780,62376,1
204780,61540,1
204795,11262,1
204795,1304,1
204795,61542,1
204795,59822,1
204795,34092,1
204795,56714,1
204795,61540,1
204924,34092,1
204924,56714,1
205107,11262,1
205107,1304,1
205107,1370,1
205107,61542,1
205107,59822,1
205107,62376,1
205107,34092,1
205107,56714,1
205107,61540,1
205122,11262,1
205122,1304,1
205122,61542,1
205122,59822,1
205122,61540,1
205191,11262,1
205191,1304,1
205191,1370,1
205191,61542,1
205191,1372,1
205191,59822,1
205191,61364,1
205191,62376,1
205191,63188,1
205191,34092,1
205191,56714,1
205191,62170,1
205191,61540,1
205332,11262,1
205332,1370,1
205332,62376,1
205332,61540,1
205353,1304,1
205353,1370,1
205353,61542,1
205353,59822,1
205353,62376,1
205659,11262,1
205659,1304,1
205659,1370,1
205659,61542,1
205659,59822,1
205659,62376,1
205659,34092,1
205659,56714,1
205659,61540,1
205662,11262,1
205662,1304,1
205662,1370,1
205662,61542,1
205662,59822,1
205662,62376,1
205662,34092,1
205662,56714,1
205662,61540,1
205665,11262,1
205665,1304,1
205665,61542,1
205665,59822,1
205665,61540,1
205722,11262,1
205722,1304,1
205722,1370,1
205722,61542,1
205722,59822,1
205722,62376,1
205722,61540,1
205728,11262,1
205728,1370,1
205728,62376,1
205728,61540,1
205731,11262,1
205731,1304,1
205731,61542,1
205731,59822,1
205731,61540,1
205740,11262,1
205740,1370,1
205740,62376,1
205740,61540,1
205812,11262,1
205812,1304,1
205812,1370,1
205812,61542,1
205812,59822,1
205812,62376,1
205812,34092,1
205812,56714,1
205812,61540,1
205815,11262,1
205815,1304,1
205815,1370,1
205815,61542,1
205815,59822,1
205815,62376,1
205815,34092,1
205815,56714,1
205815,61540,1
205821,11262,1
205821,1370,1
205821,62376,1
205821,34092,1
205821,56714,1
205821,61540,1
205905,11262,1
205905,1370,1
205905,62376,1
205905,61540,1
205947,1370,1
205947,62376,1
205959,11262,1
205959,1304,1
205959,1370,1
205959,61542,1
205959,59822,1
205959,62376,1
205959,34092,1
205959,56714,1
205959,61540,1
205995,11262,1
205995,1304,1
205995,1370,1
205995,61542,1
205995,59822,1
205995,62376,1
205995,34092,1
205995,56714,1
205995,61540,1
206076,11262,1
206076,1304,1
206076,1370,1
206076,61542,1
206076,59822,1
206076,62376,1
206076,61540,1
2061063,11262,1
2061063,1304,1
2061063,1370,1
2061063,61542,1
2061063,59822,1
2061063,62376,1
2061063,34092,1
2061063,56714,1
2061063,61540,1
206304,11262,1
206304,1304,1
206304,1370,1
206304,61542,1
206304,59822,1
206304,62376,1
206304,61540,1
206343,11262,1
206343,1370,1
206343,30500,1
206343,50718,1
206343,62376,1
206343,34092,1
206343,56714,1
206343,61540,1
206343,56484,1
206346,11262,1
206346,1304,1
206346,1370,1
206346,33886,1
206346,61542,1
206346,1372,1
206346,30500,1
206346,50718,1
206346,59822,1
206346,61364,1
206346,62376,1
206346,63188,1
206346,34092,1
206346,48574,1
206346,56714,1
206346,57414,1
206346,62170,1
206346,63218,1
206346,62378,1
206346,63538,1
206346,63220,1
206346,61540,1
206346,56484,1
206346,48694,1
206349,11262,1
206349,1370,1
206349,62376,1
206349,34092,1
206349,56714,1
206349,61540,1
206355,11262,1
206355,1304,1
206355,1370,1
206355,61542,1
206355,59822,1
206355,62376,1
206355,34092,1
206355,56714,1
206355,61540,1
206358,11262,1
206358,1304,1
206358,1370,1
206358,61542,1
206358,59822,1
206358,62376,1
206358,34092,1
206358,56714,1
206358,61540,1
206361,11262,1
206361,34092,1
206361,56714,1
206361,61540,1
206364,11262,1
206364,1304,1
206364,1370,1
206364,61542,1
206364,59822,1
206364,62376,1
206364,34092,1
206364,56714,1
206364,60,1
206364,61540,1
206367,11262,1
206367,1304,1
206367,1370,1
206367,61542,1
206367,59822,1
206367,62376,1
206367,34092,1
206367,56714,1
206367,61540,1
206376,11262,1
206376,1304,1
206376,1370,1
206376,33886,1
206376,44302,1
206376,49888,1
206376,61542,1
206376,1372,1
206376,30500,1
206376,50718,1
206376,59822,1
206376,61364,1
206376,62376,1
206376,63188,1
206376,34092,1
206376,48574,1
206376,50716,1
206376,56714,1
206376,57414,1
206376,63510,1
206376,60978,1
206376,62944,1
206376,62170,1
206376,63218,1
206376,62378,1
206376,62860,1
206376,63538,1
206376,63220,1
206376,61540,1
206376,56484,1
206376,48694,1
206406,11262,1
206406,1304,1
206406,1370,1
206406,61542,1
206406,59822,1
206406,62376,1
206406,34092,1
206406,56714,1
206406,61540,1
206412,11262,1
206412,1304,1
206412,1370,1
206412,61542,1
206412,59822,1
206412,62376,1
206412,34092,1
206412,56714,1
206412,61540,1
206415,11262,1
206415,1304,1
206415,1370,1
206415,61542,1
206415,59822,1
206415,62376,1
206415,34092,1
206415,56714,1
206415,61540,1
206418,11262,1
206418,1304,1
206418,1370,1
206418,61542,1
206418,30500,1
206418,50718,1
206418,59822,1
206418,62376,1
206418,34092,1
206418,56714,1
206418,61540,1
206418,56484,1
206421,11262,1
206421,1304,1
206421,1370,1
206421,61542,1
206421,59822,1
206421,62376,1
206421,34092,1
206421,56714,1
206421,61540,1
206427,11262,1
206427,1304,1
206427,1370,1
206427,61542,1
206427,30500,1
206427,50718,1
206427,59822,1
206427,62376,1
206427,34092,1
206427,56714,1
206427,61540,1
206427,56484,1
206433,11262,1
206433,1304,1
206433,1370,1
206433,61542,1
206433,59822,1
206433,62376,1
206433,34092,1
206433,56714,1
206433,61540,1
206439,11262,1
206439,1304,1
206439,1370,1
206439,61542,1
206439,30500,1
206439,50718,1
206439,59822,1
206439,62376,1
206439,34092,1
206439,56714,1
206439,61540,1
206439,56484,1
206442,11262,1
206442,1304,1
206442,1370,1
206442,61542,1
206442,59822,1
206442,62376,1
206442,34092,1
206442,56714,1
206442,61540,1
206448,11262,1
206448,1304,1
206448,1370,1
206448,61542,1
206448,59822,1
206448,62376,1
206448,34092,1
206448,56714,1
206448,61540,1
206451,11262,1
206451,1304,1
206451,1370,1
206451,61542,1
206451,59822,1
206451,62376,1
206451,34092,1
206451,56714,1
206451,61540,1
206457,11262,1
206457,1304,1
206457,1370,1
206457,61542,1
206457,59822,1
206457,62376,1
206457,34092,1
206457,56714,1
206457,61540,1
206460,11262,1
206460,1304,1
206460,1370,1
206460,61542,1
206460,59822,1
206460,62376,1
206460,34092,1
206460,56714,1
206460,61540,1
206475,34092,1
206475,56714,1
206478,11262,1
206478,1304,1
206478,61542,1
206478,59822,1
206478,34092,1
206478,56714,1
206478,61540,1
206481,11262,1
206481,1304,1
206481,61542,1
206481,59822,1
206481,34092,1
206481,56714,1
206481,61540,1
206484,11262,1
206484,1304,1
206484,61542,1
206484,59822,1
206484,34092,1
206484,56714,1
206484,61540,1
206496,11262,1
206496,1304,1
206496,61542,1
206496,59822,1
206496,34092,1
206496,56714,1
206496,61540,1
206514,11262,1
206514,1304,1
206514,61542,1
206514,59822,1
206514,34092,1
206514,56714,1
206514,61540,1
206607,11262,1
206607,1304,1
206607,61542,1
206607,59822,1
206607,34092,1
206607,56714,1
206607,61540,1
206613,11262,1
206613,34092,1
206613,56714,1
206613,61540,1
206625,11262,1
206625,1304,1
206625,61542,1
206625,59822,1
206625,34092,1
206625,56714,1
206625,61540,1
206634,11262,1
206634,1304,1
206634,61542,1
206634,59822,1
206634,34092,1
206634,56714,1
206634,61540,1
206637,11262,1
206637,1304,1
206637,61542,1
206637,59822,1
206637,34092,1
206637,56714,1
206637,61540,1
206646,11262,1
206646,1304,1
206646,61542,1
206646,59822,1
206646,34092,1
206646,56714,1
206646,61540,1
206664,11262,1
206664,1304,1
206664,61542,1
206664,59822,1
206664,34092,1
206664,56714,1
206664,61540,1
206667,11262,1
206667,1304,1
206667,61542,1
206667,59822,1
206667,34092,1
206667,56714,1
206667,61540,1
206670,11262,1
206670,1304,1
206670,61542,1
206670,59822,1
206670,34092,1
206670,56714,1
206670,61540,1
206673,11262,1
206673,1304,1
206673,61542,1
206673,59822,1
206673,61540,1
206697,34092,1
206697,56714,1
206745,11262,1
206745,1304,1
206745,61542,1
206745,59822,1
206745,34092,1
206745,56714,1
206745,61540,1
206748,11262,1
206748,1304,1
206748,44302,1
206748,49888,1
206748,61542,1
206748,1372,1
206748,30500,1
206748,50718,1
206748,54096,1
206748,59822,1
206748,61364,1
206748,63188,1
206748,124,1
206748,34092,1
206748,48574,1
206748,50716,1
206748,56714,1
206748,57414,1
206748,62074,1
206748,63510,1
206748,35846,1
206748,50274,1
206748,60978,1
206748,62944,1
206748,16358,1
206748,42132,1
206748,62170,1
206748,63186,1
206748,59816,1
206748,62378,1
206748,62860,1
206748,61552,1
206748,61540,1
206748,56484,1
206748,48694,1
206760,11262,1
206760,1304,1
206760,44302,1
206760,49888,1
206760,61542,1
206760,1372,1
206760,30500,1
206760,50718,1
206760,54096,1
206760,59822,1
206760,61364,1
206760,63188,1
206760,124,1
206760,34092,1
206760,48574,1
206760,50716,1
206760,56714,1
206760,57414,1
206760,63510,1
206760,35846,1
206760,50274,1
206760,60978,1
206760,62944,1
206760,16358,1
206760,42132,1
206760,62170,1
206760,63186,1
206760,59816,1
206760,62378,1
206760,62860,1
206760,61552,1
206760,61540,1
206760,56484,1
206760,48694,1
206763,11262,1
206763,1304,1
206763,61542,1
206763,59822,1
206763,61540,1
206772,11262,1
206772,1304,1
206772,61542,1
206772,59822,1
206772,34092,1
206772,56714,1
206772,61540,1
206784,11262,1
206784,1304,1
206784,61542,1
206784,59822,1
206784,34092,1
206784,56714,1
206784,61540,1
206787,11262,1
206787,1304,1
206787,61542,1
206787,59822,1
206787,34092,1
206787,56714,1
206787,61540,1
206799,11262,1
206799,1304,1
206799,61542,1
206799,59822,1
206799,34092,1
206799,56714,1
206799,61540,1
206811,11262,1
206811,1304,1
206811,61542,1
206811,59822,1
206811,34092,1
206811,56714,1
206811,61540,1
206823,11262,1
206823,1304,1
206823,1370,1
206823,61542,1
206823,59822,1
206823,62376,1
206823,34092,1
206823,56714,1
206823,61540,1
206838,11262,1
206838,1304,1
206838,61542,1
206838,59822,1
206838,34092,1
206838,56714,1
206838,61540,1
206847,11262,1
206847,1304,1
206847,1370,1
206847,61542,1
206847,59822,1
206847,62376,1
206847,34092,1
206847,56714,1
206847,61540,1
206850,11262,1
206850,1304,1
206850,61542,1
206850,59822,1
206850,34092,1
206850,56714,1
206850,61540,1
206856,11262,1
206856,1304,1
206856,61542,1
206856,59822,1
206856,34092,1
206856,56714,1
206856,61540,1
206868,11262,1
206868,1304,1
206868,1370,1
206868,61542,1
206868,1372,1
206868,30500,1
206868,50718,1
206868,59822,1
206868,61364,1
206868,62376,1
206868,63188,1
206868,34092,1
206868,48574,1
206868,56714,1
206868,57414,1
206868,62170,1
206868,62378,1
206868,61540,1
206868,56484,1
206868,48694,1
206928,11262,1
206928,1304,1
206928,61542,1
206928,59822,1
206928,34092,1
206928,56714,1
206928,61540,1
206937,11262,1
206937,34092,1
206937,56714,1
206937,61540,1
206940,11262,1
206940,1304,1
206940,44302,1
206940,49888,1
206940,61542,1
206940,1372,1
206940,30500,1
206940,50718,1
206940,54096,1
206940,59822,1
206940,61364,1
206940,63188,1
206940,124,1
206940,34092,1
206940,48574,1
206940,50716,1
206940,56714,1
206940,57414,1
206940,62074,1
206940,63510,1
206940,35846,1
206940,50274,1
206940,60978,1
206940,62944,1
206940,16358,1
206940,42132,1
206940,62170,1
206940,63186,1
206940,59816,1
206940,62378,1
206940,62860,1
206940,61552,1
206940,61540,1
206940,56484,1
206940,48694,1
206943,11262,1
206943,1304,1
206943,61542,1
206943,30500,1
206943,50718,1
206943,59822,1
206943,34092,1
206943,56714,1
206943,61540,1
206943,56484,1
206952,11262,1
206952,1304,1
206952,61542,1
206952,30500,1
206952,50718,1
206952,54096,1
206952,59822,1
206952,34092,1
206952,56714,1
206952,35846,1
206952,42132,1
206952,63186,1
206952,59816,1
206952,61552,1
206952,61540,1
206952,56484,1
206955,11262,1
206955,1304,1
206955,61542,1
206955,59822,1
206955,34092,1
206955,56714,1
206955,61540,1
206958,11262,1
206958,1304,1
206958,61542,1
206958,59822,1
206958,34092,1
206958,56714,1
206958,61540,1
206964,11262,1
206964,1304,1
206964,61542,1
206964,59822,1
206964,34092,1
206964,56714,1
206964,61540,1
206979,11262,1
206979,1304,1
206979,1370,1
206979,33886,1
206979,61542,1
206979,59822,1
206979,62376,1
206979,34092,1
206979,56714,1
206979,63218,1
206979,63538,1
206979,63220,1
206979,61540,1
206988,11262,1
206988,1304,1
206988,61542,1
206988,59822,1
206988,34092,1
206988,56714,1
206988,61540,1
206991,11262,1
206991,1304,1
206991,61542,1
206991,59822,1
206991,34092,1
206991,56714,1
206991,61540,1
207078,11262,1
207078,1304,1
207078,61542,1
207078,59822,1
207078,34092,1
207078,56714,1
207078,61540,1
207084,11262,1
207084,1304,1
207084,61542,1
207084,59822,1
207084,34092,1
207084,56714,1
207084,61540,1
207087,11262,1
207087,34092,1
207087,56714,1
207087,61540,1
207096,11262,1
207096,1304,1
207096,1370,1
207096,61542,1
207096,59822,1
207096,62376,1
207096,34092,1
207096,56714,1
207096,61540,1
207099,11262,1
207099,1304,1
207099,1370,1
207099,61542,1
207099,59822,1
207099,62376,1
207099,34092,1
207099,56714,1
207099,61540,1
207102,11262,1
207102,1304,1
207102,1370,1
207102,61542,1
207102,59822,1
207102,62376,1
207102,34092,1
207102,56714,1
207102,61540,1
207105,11262,1
207105,34092,1
207105,56714,1
207105,61540,1
207114,11262,1
207114,1304,1
207114,1370,1
207114,61542,1
207114,59822,1
207114,62376,1
207114,34092,1
207114,56714,1
207114,61540,1
207123,11262,1
207123,61540,1
207129,11262,1
207129,1304,1
207129,61542,1
207129,59822,1
207129,34092,1
207129,56714,1
207129,61540,1
207144,11262,1
207144,1304,1
207144,1370,1
207144,61542,1
207144,59822,1
207144,62376,1
207144,34092,1
207144,56714,1
207144,61540,1
207147,11262,1
207147,1304,1
207147,1370,1
207147,61542,1
207147,59822,1
207147,62376,1
207147,34092,1
207147,56714,1
207147,61540,1
207150,11262,1
207150,1304,1
207150,1370,1
207150,61542,1
207150,59822,1
207150,62376,1
207150,34092,1
207150,56714,1
207150,61540,1
207156,11262,1
207156,1304,1
207156,1370,1
207156,61542,1
207156,59822,1
207156,62376,1
207156,34092,1
207156,56714,1
207156,61540,1
207216,11262,1
207216,1304,1
207216,1370,1
207216,61542,1
207216,59822,1
207216,62376,1
207216,34092,1
207216,56714,1
207216,61540,1
207219,11262,1
207219,1304,1
207219,1370,1
207219,61542,1
207219,59822,1
207219,62376,1
207219,34092,1
207219,56714,1
207219,61540,1
207222,10652,1
207222,11262,1
207222,1304,1
207222,1370,1
207222,61542,1
207222,1372,1
207222,30500,1
207222,50718,1
207222,59822,1
207222,61364,1
207222,62376,1
207222,63188,1
207222,34092,1
207222,48574,1
207222,56714,1
207222,57414,1
207222,50274,1
207222,57804,1
207222,61672,1
207222,62170,1
207222,62378,1
207222,61540,1
207222,56484,1
207222,48694,1
207240,11262,1
207240,1304,1
207240,1370,1
207240,61542,1
207240,59822,1
207240,62376,1
207240,34092,1
207240,56714,1
207240,61540,1
207243,11262,1
207243,1304,1
207243,1370,1
207243,61542,1
207243,59822,1
207243,62376,1
207243,61540,1
207267,11262,1
207267,1304,1
207267,61542,1
207267,59822,1
207267,34092,1
207267,56714,1
207267,61540,1
207330,11262,1
207330,1304,1
207330,1370,1
207330,61542,1
207330,59822,1
207330,62376,1
207330,61540,1
207339,11262,1
207339,1304,1
207339,61542,1
207339,30500,1
207339,50718,1
207339,59822,1
207339,34092,1
207339,56714,1
207339,61540,1
207339,56484,1
207345,11262,1
207345,1304,1
207345,61542,1
207345,59822,1
207345,34092,1
207345,56714,1
207345,61540,1
207366,11262,1
207366,1304,1
207366,61542,1
207366,59822,1
207366,34092,1
207366,56714,1
207366,61540,1
207387,11262,1
207387,1304,1
207387,1370,1
207387,61542,1
207387,59822,1
207387,62376,1
207387,34092,1
207387,56714,1
207387,61540,1
207390,11262,1
207390,1304,1
207390,61542,1
207390,59822,1
207390,61540,1
207396,1370,1
207396,62376,1
207465,11262,1
207465,1304,1
207465,1370,1
207465,61542,1
207465,59822,1
207465,62376,1
207465,34092,1
207465,56714,1
207465,61540,1
207498,11262,1
207498,1304,1
207498,1370,1
207498,61542,1
207498,59822,1
207498,62376,1
207498,61540,1
207582,11262,1
207582,1304,1
207582,1370,1
207582,61542,1
207582,59822,1
207582,62376,1
207582,61540,1
207588,1370,1
207588,62376,1
207597,11262,1
207597,1304,1
207597,1370,1
207597,61542,1
207597,59822,1
207597,62376,1
207597,61540,1
207600,11262,1
207600,1304,1
207600,1370,1
207600,61542,1
207600,59822,1
207600,62376,1
207600,61540,1
207618,11262,1
207618,1304,1
207618,1370,1
207618,61542,1
207618,59822,1
207618,62376,1
207618,61540,1
207822,11262,1
207822,1304,1
207822,1370,1
207822,61542,1
207822,59822,1
207822,62376,1
207822,34092,1
207822,56714,1
207822,61540,1
207828,11262,1
207828,1304,1
207828,1370,1
207828,61542,1
207828,59822,1
207828,62376,1
207828,34092,1
207828,56714,1
207828,61540,1
207927,11262,1
207927,1304,1
207927,1370,1
207927,61542,1
207927,59822,1
207927,62376,1
207927,61540,1
207993,11262,1
207993,1304,1
207993,1370,1
207993,61542,1
207993,59822,1
207993,62376,1
207993,34092,1
207993,56714,1
207993,61540,1
207996,11262,1
207996,1304,1
207996,1370,1
207996,61542,1
207996,59822,1
207996,62376,1
207996,34092,1
207996,56714,1
207996,61540,1
207999,11262,1
207999,1304,1
207999,1370,1
207999,61542,1
207999,59822,1
207999,62376,1
207999,34092,1
207999,56714,1
207999,61540,1
208053,11262,1
208053,1304,1
208053,1370,1
208053,61542,1
208053,59822,1
208053,62376,1
208053,34092,1
208053,56714,1
208053,61540,1
208068,11262,1
208068,1370,1
208068,62376,1
208068,61540,1
208080,11262,1
208080,1304,1
208080,1370,1
208080,61542,1
208080,59822,1
208080,62376,1
208080,34092,1
208080,56714,1
208080,61540,1
208116,11262,1
208116,1304,1
208116,1370,1
208116,61542,1
208116,59822,1
208116,62376,1
208116,61540,1
208206,11262,1
208206,1304,1
208206,1370,1
208206,61542,1
208206,59822,1
208206,62376,1
208206,61540,1
208209,11262,1
208209,1304,1
208209,1370,1
208209,61542,1
208209,59822,1
208209,62376,1
208209,34092,1
208209,56714,1
208209,61540,1
208341,11262,1
208341,1304,1
208341,1370,1
208341,61542,1
208341,59822,1
208341,62376,1
208341,34092,1
208341,56714,1
208341,61540,1
208347,11262,1
208347,1304,1
208347,1370,1
208347,61542,1
208347,59822,1
208347,62376,1
208347,34092,1
208347,56714,1
208347,61540,1
208350,11262,1
208350,1370,1
208350,62376,1
208350,61540,1
208449,11262,1
208449,1304,1
208449,1370,1
208449,61542,1
208449,59822,1
208449,62376,1
208449,61540,1
208473,11262,1
208473,1370,1
208473,62376,1
208473,61540,1
208476,11262,1
208476,1304,1
208476,1370,1
208476,61542,1
208476,59822,1
208476,62376,1
208476,34092,1
208476,56714,1
208476,61540,1
208482,11262,1
208482,1304,1
208482,61542,1
208482,59822,1
208482,61540,1
208485,11262,1
208485,1304,1
208485,1370,1
208485,61542,1
208485,59822,1
208485,62376,1
208485,34092,1
208485,56714,1
208485,61540,1
208488,11262,1
208488,1304,1
208488,1370,1
208488,61542,1
208488,59822,1
208488,62376,1
208488,34092,1
208488,48574,1
208488,56714,1
208488,57414,1
208488,62378,1
208488,61540,1
208488,48694,1
208491,11262,1
208491,1304,1
208491,1370,1
208491,61542,1
208491,59822,1
208491,62376,1
208491,34092,1
208491,56714,1
208491,61540,1
208500,11262,1
208500,1304,1
208500,61542,1
208500,59822,1
208500,61540,1
208503,11262,1
208503,1304,1
208503,61542,1
208503,59822,1
208503,34092,1
208503,56714,1
208503,61540,1
208506,11262,1
208506,1304,1
208506,61542,1
208506,59822,1
208506,61540,1
208509,1370,1
208509,62376,1
208515,11262,1
208515,1370,1
208515,62376,1
208515,34092,1
208515,56714,1
208515,61540,1
208518,11262,1
208518,61540,1
208521,11262,1
208521,1304,1
208521,61542,1
208521,59822,1
208521,61540,1
208524,11262,1
208524,1304,1
208524,1370,1
208524,61542,1
208524,59822,1
208524,62376,1
208524,34092,1
208524,48574,1
208524,56714,1
208524,57414,1
208524,62378,1
208524,61540,1
208524,48694,1
208533,11262,1
208533,1304,1
208533,61542,1
208533,59822,1
208533,61540,1
208536,11262,1
208536,1304,1
208536,61542,1
208536,59822,1
208536,61540,1
208539,11262,1
208539,61540,1
208545,11262,1
208545,1304,1
208545,61542,1
208545,59822,1
208545,34092,1
208545,56714,1
208545,61540,1
208554,11262,1
208554,1304,1
208554,61542,1
208554,59822,1
208554,34092,1
208554,56714,1
208554,61540,1
208572,11262,1
208572,1304,1
208572,1370,1
208572,61542,1
208572,59822,1
208572,62376,1
208572,34092,1
208572,56714,1
208572,61540,1
208575,11262,1
208575,1304,1
208575,61542,1
208575,59822,1
208575,34092,1
208575,56714,1
208575,61540,1
208584,1304,1
208584,61542,1
208584,59822,1
208590,11262,1
208590,1304,1
208590,1370,1
208590,61542,1
208590,59822,1
208590,62376,1
208590,34092,1
208590,56714,1
208590,61540,1
208599,11262,1
208599,1304,1
208599,1370,1
208599,61542,1
208599,59822,1
208599,62376,1
208599,34092,1
208599,48574,1
208599,56714,1
208599,57414,1
208599,62378,1
208599,61540,1
208599,48694,1
208617,11262,1
208617,61540,1
208626,11262,1
208626,1304,1
208626,61542,1
208626,59822,1
208626,61540,1
208692,11262,1
208692,1304,1
208692,1370,1
208692,61542,1
208692,59822,1
208692,62376,1
208692,34092,1
208692,56714,1
208692,61540,1
208722,11262,1
208722,1304,1
208722,1370,1
208722,61542,1
208722,59822,1
208722,62376,1
208722,34092,1
208722,56714,1
208722,61540,1
208740,11262,1
208740,1304,1
208740,1370,1
208740,61542,1
208740,59822,1
208740,62376,1
208740,34092,1
208740,56714,1
208740,61540,1
208758,11262,1
208758,1304,1
208758,1370,1
208758,61542,1
208758,59822,1
208758,62376,1
208758,34092,1
208758,56714,1
208758,61540,1
208761,11262,1
208761,1304,1
208761,1370,1
208761,61542,1
208761,59822,1
208761,62376,1
208761,34092,1
208761,56714,1
208761,61540,1
208788,11262,1
208788,1304,1
208788,1370,1
208788,44302,1
208788,49888,1
208788,61542,1
208788,30500,1
208788,50718,1
208788,59822,1
208788,62376,1
208788,34092,1
208788,48574,1
208788,50716,1
208788,56714,1
208788,57414,1
208788,63510,1
208788,60978,1
208788,62944,1
208788,62378,1
208788,62860,1
208788,61540,1
208788,56484,1
208788,48694,1
208794,11262,1
208794,1304,1
208794,1370,1
208794,61542,1
208794,59822,1
208794,62376,1
208794,34092,1
208794,56714,1
208794,61540,1
208806,11262,1
208806,1304,1
208806,61542,1
208806,59822,1
208806,61540,1
208812,11262,1
208812,1304,1
208812,1370,1
208812,61542,1
208812,59822,1
208812,62376,1
208812,61540,1
208821,11262,1
208821,1304,1
208821,1370,1
208821,61542,1
208821,59822,1
208821,62376,1
208821,61540,1
208872,11262,1
208872,1304,1
208872,1370,1
208872,61542,1
208872,30500,1
208872,50718,1
208872,59822,1
208872,62376,1
208872,34092,1
208872,48574,1
208872,56714,1
208872,57414,1
208872,62378,1
208872,61540,1
208872,56484,1
208872,48694,1
208893,11262,1
208893,1304,1
208893,61542,1
208893,59822,1
208893,61540,1
208899,11262,1
208899,1304,1
208899,61542,1
208899,59822,1
208899,61540,1
209073,11262,1
209073,1304,1
209073,1370,1
209073,61542,1
209073,59822,1
209073,62376,1
209073,34092,1
209073,56714,1
209073,61540,1
209094,11262,1
209094,1304,1
209094,1370,1
209094,61542,1
209094,59822,1
209094,62376,1
209094,34092,1
209094,56714,1
209094,61540,1
209154,11262,1
209154,1304,1
209154,1370,1
209154,61542,1
209154,59822,1
209154,62376,1
209154,61540,1
209184,11262,1
209184,1304,1
209184,1370,1
209184,61542,1
209184,59822,1
209184,62376,1
209184,34092,1
209184,56714,1
209184,61540,1
209520,11262,1
209520,1370,1
209520,62376,1
209520,61540,1
209622,11262,1
209622,1304,1
209622,1370,1
209622,61542,1
209622,59822,1
209622,62376,1
209622,124,1
209622,34092,1
209622,48574,1
209622,56714,1
209622,57414,1
209622,16358,1
209622,62378,1
209622,61540,1
209622,48694,1
209625,1370,1
209625,62376,1
209637,11262,1
209637,1304,1
209637,1370,1
209637,61542,1
209637,59822,1
209637,62376,1
209637,34092,1
209637,56714,1
209637,61540,1
209697,11262,1
209697,1304,1
209697,1370,1
209697,61542,1
209697,59822,1
209697,62376,1
209697,34092,1
209697,56714,1
209697,61540,1
209793,11262,1
209793,1304,1
209793,61542,1
209793,59822,1
209793,34092,1
209793,56714,1
209793,61540,1
209796,11262,1
209796,1304,1
209796,1370,1
209796,61542,1
209796,59822,1
209796,62376,1
209796,61540,1
209799,11262,1
209799,1304,1
209799,1370,1
209799,61542,1
209799,59822,1
209799,62376,1
209799,61540,1
209829,11262,1
209829,1304,1
209829,1370,1
209829,61542,1
209829,59822,1
209829,62376,1
209829,34092,1
209829,56714,1
209829,61540,1
209880,11262,1
209880,1304,1
209880,1370,1
209880,61542,1
209880,59822,1
209880,62376,1
209880,61540,1
209970,11262,1
209970,1370,1
209970,62376,1
209970,61540,1
209976,11262,1
209976,1304,1
209976,1370,1
209976,61542,1
209976,59822,1
209976,62376,1
209976,34092,1
209976,56714,1
209976,61540,1
209994,11262,1
209994,1304,1
209994,1370,1
209994,61542,1
209994,59822,1
209994,62376,1
209994,61540,1
210000,1370,1
210000,62376,1
210045,1370,1
210045,62376,1
210051,11262,1
210051,1304,1
210051,1370,1
210051,61542,1
210051,59822,1
210051,62376,1
210051,61540,1
210111,11262,1
210111,1304,1
210111,1370,1
210111,61542,1
210111,59822,1
210111,62376,1
210111,61540,1
210114,11262,1
210114,1304,1
210114,1370,1
210114,61542,1
210114,59822,1
210114,62376,1
210114,34092,1
210114,56714,1
210114,61540,1
210120,11262,1
210120,1304,1
210120,1370,1
210120,61542,1
210120,59822,1
210120,62376,1
210120,61540,1
210129,11262,1
210129,1304,1
210129,61542,1
210129,59822,1
210129,61540,1
210141,11262,1
210141,1304,1
210141,1370,1
210141,61542,1
210141,59822,1
210141,62376,1
210141,34092,1
210141,56714,1
210141,61540,1
210168,11262,1
210168,1304,1
210168,1370,1
210168,61542,1
210168,59822,1
210168,62376,1
210168,34092,1
210168,56714,1
210168,61540,1
210171,11262,1
210171,1304,1
210171,1370,1
210171,61542,1
210171,59822,1
210171,62376,1
210171,34092,1
210171,56714,1
210171,61540,1
210186,11262,1
210186,1304,1
210186,33886,1
210186,61542,1
210186,1372,1
210186,30500,1
210186,50718,1
210186,59822,1
210186,61364,1
210186,63188,1
210186,124,1
210186,34092,1
210186,48574,1
210186,56714,1
210186,57414,1
210186,35846,1
210186,16358,1
210186,62170,1
210186,63218,1
210186,62378,1
210186,61552,1
210186,63538,1
210186,63220,1
210186,61540,1
210186,56484,1
210186,48694,1
210234,11262,1
210234,1304,1
210234,1370,1
210234,61542,1
210234,30500,1
210234,50718,1
210234,59822,1
210234,62376,1
210234,34092,1
210234,56714,1
210234,61540,1
210234,56484,1
210342,11262,1
210342,1304,1
210342,1370,1
210342,61542,1
210342,59822,1
210342,62376,1
210342,34092,1
210342,56714,1
210342,61540,1
210393,11262,1
210393,1304,1
210393,61542,1
210393,59822,1
210393,34092,1
210393,48574,1
210393,56714,1
210393,57414,1
210393,62378,1
210393,61540,1
210393,48694,1
210408,11262,1
210408,1304,1
210408,1370,1
210408,61542,1
210408,59822,1
210408,62376,1
210408,61540,1
210441,11262,1
210441,1304,1
210441,61542,1
210441,59822,1
210441,61540,1
210585,11262,1
210585,1304,1
210585,61542,1
210585,59822,1
210585,34092,1
210585,56714,1
210585,61540,1
210615,11262,1
210615,1304,1
210615,1370,1
210615,61542,1
210615,59822,1
210615,62376,1
210615,34092,1
210615,56714,1
210615,61540,1
210627,11262,1
210627,1304,1
210627,1370,1
210627,61542,1
210627,59822,1
210627,62376,1
210627,61540,1
210633,11262,1
210633,1370,1
210633,62376,1
210633,61540,1
210678,11262,1
210678,1304,1
210678,1370,1
210678,61542,1
210678,59822,1
210678,62376,1
210678,34092,1
210678,56714,1
210678,61540,1
210690,11262,1
210690,1304,1
210690,61542,1
210690,59822,1
210690,34092,1
210690,56714,1
210690,61540,1
210795,11262,1
210795,1304,1
210795,1370,1
210795,61542,1
210795,59822,1
210795,62376,1
210795,34092,1
210795,56714,1
210795,61540,1
210810,11262,1
210810,1304,1
210810,1370,1
210810,61542,1
210810,59822,1
210810,62376,1
210810,61540,1
210813,11262,1
210813,1304,1
210813,1370,1
210813,61542,1
210813,59822,1
210813,62376,1
210813,61540,1
210816,1304,1
210816,1370,1
210816,61542,1
210816,59822,1
210816,62376,1
210816,34092,1
210816,56714,1
210825,1370,1
210825,62376,1
210834,11262,1
210834,1304,1
210834,1370,1
210834,61542,1
210834,59822,1
210834,62376,1
210834,61540,1
210840,11262,1
210840,1304,1
210840,61542,1
210840,59822,1
210840,61540,1
210843,11262,1
210843,1304,1
210843,1370,1
210843,61542,1
210843,59822,1
210843,62376,1
210843,34092,1
210843,56714,1
210843,61540,1
210846,11262,1
210846,1304,1
210846,61542,1
210846,59822,1
210846,34092,1
210846,56714,1
210846,61540,1
210876,11262,1
210876,1304,1
210876,1370,1
210876,61542,1
210876,59822,1
210876,62376,1
210876,124,1
210876,34092,1
210876,56714,1
210876,16358,1
210876,61540,1
210882,11262,1
210882,1370,1
210882,62376,1
210882,61540,1
210897,11262,1
210897,1304,1
210897,1370,1
210897,61542,1
210897,59822,1
210897,62376,1
210897,34092,1
210897,56714,1
210897,61540,1
210954,11262,1
210954,1304,1
210954,1370,1
210954,61542,1
210954,59822,1
210954,62376,1
210954,61540,1
210978,11262,1
210978,1304,1
210978,1370,1
210978,61542,1
210978,59822,1
210978,62376,1
210978,61540,1
210981,11262,1
210981,1304,1
210981,1370,1
210981,61542,1
210981,59822,1
210981,62376,1
210981,34092,1
210981,56714,1
210981,61540,1
211047,11262,1
211047,1304,1
211047,1370,1
211047,61542,1
211047,59822,1
211047,62376,1
211047,61540,1
211125,11262,1
211125,1304,1
211125,1370,1
211125,61542,1
211125,59822,1
211125,62376,1
211125,34092,1
211125,56714,1
211125,61540,1
211140,34092,1
211140,56714,1
211140,10808,1
211140,60,1
211140,51316,1
211236,11262,1
211236,1304,1
211236,1370,1
211236,61542,1
211236,59822,1
211236,62376,1
211236,61540,1
211344,11262,1
211344,1370,1
211344,62376,1
211344,61540,1
211383,11262,1
211383,1304,1
211383,61542,1
211383,59822,1
211383,34092,1
211383,56714,1
211383,61540,1
211386,11262,1
211386,1370,1
211386,62376,1
211386,61540,1
211407,11262,1
211407,1304,1
211407,1370,1
211407,61542,1
211407,59822,1
211407,62376,1
211407,34092,1
211407,56714,1
211407,61540,1
211413,11262,1
211413,1304,1
211413,1370,1
211413,61542,1
211413,59822,1
211413,62376,1
211413,61540,1
211473,11262,1
211473,1304,1
211473,1370,1
211473,61542,1
211473,59822,1
211473,62376,1
211473,34092,1
211473,56714,1
211473,61540,1
211476,11262,1
211476,1304,1
211476,1370,1
211476,61542,1
211476,59822,1
211476,62376,1
211476,34092,1
211476,56714,1
211476,61540,1
211524,11262,1
211524,1304,1
211524,1370,1
211524,33886,1
211524,61542,1
211524,1372,1
211524,30500,1
211524,50718,1
211524,59822,1
211524,61364,1
211524,62376,1
211524,63188,1
211524,34092,1
211524,48574,1
211524,56714,1
211524,57414,1
211524,62170,1
211524,63218,1
211524,62378,1
211524,63538,1
211524,63220,1
211524,61540,1
211524,56484,1
211524,48694,1
211527,10652,1
211527,11262,1
211527,1304,1
211527,33886,1
211527,44302,1
211527,49888,1
211527,61542,1
211527,1372,1
211527,30500,1
211527,50718,1
211527,54096,1
211527,59822,1
211527,61364,1
211527,63188,1
211527,124,1
211527,34092,1
211527,48574,1
211527,50716,1
211527,56714,1
211527,57414,1
211527,63510,1
211527,35846,1
211527,50274,1
211527,60978,1
211527,62944,1
211527,16358,1
211527,42132,1
211527,61672,1
211527,62170,1
211527,63186,1
211527,63218,1
211527,59816,1
211527,62378,1
211527,62860,1
211527,61552,1
211527,63538,1
211527,63220,1
211527,61540,1
211527,56484,1
211527,48694,1
211533,10652,1
211533,11262,1
211533,1304,1
211533,1370,1
211533,61542,1
211533,1372,1
211533,30500,1
211533,50718,1
211533,59822,1
211533,61364,1
211533,62376,1
211533,63188,1
211533,124,1
211533,34092,1
211533,56714,1
211533,35846,1
211533,16358,1
211533,61672,1
211533,62170,1
211533,61552,1
211533,61540,1
211533,56484,1
211542,11262,1
211542,1304,1
211542,61542,1
211542,59822,1
211542,61540,1
211548,11262,1
211548,1304,1
211548,61542,1
211548,59822,1
211548,34092,1
211548,56714,1
211548,61540,1
211632,11262,1
211632,1304,1
211632,1370,1
211632,61542,1
211632,59822,1
211632,62376,1
211632,34092,1
211632,56714,1
211632,61540,1
211638,11262,1
211638,1304,1
211638,61542,1
211638,59822,1
211638,34092,1
211638,56714,1
211638,61540,1
211641,11262,1
211641,1304,1
211641,1370,1
211641,61542,1
211641,59822,1
211641,62376,1
211641,34092,1
211641,56714,1
211641,61540,1
211683,11262,1
211683,1304,1
211683,1370,1
211683,61542,1
211683,59822,1
211683,62376,1
211683,61540,1
211740,11262,1
211740,1304,1
211740,1370,1
211740,61542,1
211740,59822,1
211740,62376,1
211740,34092,1
211740,56714,1
211740,61540,1
211749,11262,1
211749,1304,1
211749,1370,1
211749,61542,1
211749,1372,1
211749,59822,1
211749,61364,1
211749,62376,1
211749,63188,1
211749,34092,1
211749,56714,1
211749,62170,1
211749,61540,1
211761,11262,1
211761,1304,1
211761,1370,1
211761,61542,1
211761,59822,1
211761,62376,1
211761,34092,1
211761,56714,1
211761,61540,1
211767,11262,1
211767,1304,1
211767,1370,1
211767,61542,1
211767,59822,1
211767,62376,1
211767,61540,1
211806,11262,1
211806,1304,1
211806,1370,1
211806,61542,1
211806,59822,1
211806,62376,1
211806,34092,1
211806,56714,1
211806,61540,1
211812,11262,1
211812,1304,1
211812,1370,1
211812,61542,1
211812,59822,1
211812,62376,1
211812,34092,1
211812,56714,1
211812,61540,1
211815,11262,1
211815,1304,1
211815,1370,1
211815,61542,1
211815,59822,1
211815,62376,1
211815,34092,1
211815,56714,1
211815,61540,1
211950,11262,1
211950,1304,1
211950,1370,1
211950,61542,1
211950,59822,1
211950,62376,1
211950,34092,1
211950,48574,1
211950,56714,1
211950,57414,1
211950,62378,1
211950,61540,1
211950,48694,1
211965,11262,1
211965,1304,1
211965,1370,1
211965,61542,1
211965,59822,1
211965,62376,1
211965,34092,1
211965,48574,1
211965,56714,1
211965,57414,1
211965,62378,1
211965,61540,1
211965,48694,1
211989,11262,1
211989,1304,1
211989,61542,1
211989,59822,1
211989,61540,1
212112,11262,1
212112,1304,1
212112,1370,1
212112,61542,1
212112,59822,1
212112,62376,1
212112,61540,1
212181,11262,1
212181,1304,1
212181,1370,1
212181,61542,1
212181,59822,1
212181,62376,1
212181,61540,1
212211,11262,1
212211,1304,1
212211,1370,1
212211,61542,1
212211,59822,1
212211,62376,1
212211,34092,1
212211,56714,1
212211,61540,1
212220,10652,1
212220,11262,1
212220,1304,1
212220,1370,1
212220,44302,1
212220,49888,1
212220,61542,1
212220,1372,1
212220,30500,1
212220,50718,1
212220,54096,1
212220,59822,1
212220,61364,1
212220,62376,1
212220,63188,1
212220,124,1
212220,34092,1
212220,48574,1
212220,50716,1
212220,56714,1
212220,57414,1
212220,63510,1
212220,35846,1
212220,50274,1
212220,60978,1
212220,62944,1
212220,16358,1
212220,42132,1
212220,57804,1
212220,61672,1
212220,62170,1
212220,63186,1
212220,59816,1
212220,62378,1
212220,62860,1
212220,61552,1
212220,61540,1
212220,56484,1
212220,48694,1
212232,11262,1
212232,1304,1
212232,1370,1
212232,61542,1
212232,59822,1
212232,62376,1
212232,34092,1
212232,56714,1
212232,61540,1
212235,11262,1
212235,1370,1
212235,62376,1
212235,34092,1
212235,56714,1
212235,61540,1
212256,11262,1
212256,1304,1
212256,1370,1
212256,61542,1
212256,59822,1
212256,62376,1
212256,61540,1
212283,1304,1
212283,1370,1
212283,61542,1
212283,59822,1
212283,62376,1
212301,11262,1
212301,1304,1
212301,61542,1
212301,59822,1
212301,34092,1
212301,56714,1
212301,61540,1
212337,11262,1
212337,1304,1
212337,61542,1
212337,59822,1
212337,61540,1
212379,11262,1
212379,1370,1
212379,62376,1
212379,34092,1
212379,56714,1
212379,61540,1
212397,11262,1
212397,1304,1
212397,1370,1
212397,61542,1
212397,59822,1
212397,62376,1
212397,61540,1
212430,11262,1
212430,1304,1
212430,1370,1
212430,61542,1
212430,59822,1
212430,62376,1
212430,34092,1
212430,56714,1
212430,61540,1
212433,11262,1
212433,61540,1
212442,11262,1
212442,1304,1
212442,61542,1
212442,30500,1
212442,50718,1
212442,59822,1
212442,34092,1
212442,56714,1
212442,61540,1
212442,56484,1
212445,11262,1
212445,34092,1
212445,56714,1
212445,61540,1
212448,11262,1
212448,1304,1
212448,44302,1
212448,49888,1
212448,61542,1
212448,1372,1
212448,30500,1
212448,50718,1
212448,54096,1
212448,59822,1
212448,61364,1
212448,63188,1
212448,34092,1
212448,48574,1
212448,50716,1
212448,56714,1
212448,57414,1
212448,62074,1
212448,63510,1
212448,35846,1
212448,60978,1
212448,62944,1
212448,42132,1
212448,62170,1
212448,63186,1
212448,59816,1
212448,62378,1
212448,62860,1
212448,61552,1
212448,61540,1
212448,56484,1
212448,48694,1
212469,11262,1
212469,1304,1
212469,1370,1
212469,61542,1
212469,59822,1
212469,62376,1
212469,34092,1
212469,56714,1
212469,61540,1
212475,11262,1
212475,1304,1
212475,1370,1
212475,61542,1
212475,59822,1
212475,62376,1
212475,34092,1
212475,56714,1
212475,61540,1
212478,1370,1
212478,62376,1
212526,11262,1
212526,1304,1
212526,1370,1
212526,61542,1
212526,59822,1
212526,62376,1
212526,61540,1
212550,11262,1
212550,1304,1
212550,1370,1
212550,61542,1
212550,59822,1
212550,62376,1
212550,61540,1
212571,11262,1
212571,1304,1
212571,1370,1
212571,61542,1
212571,59822,1
212571,62376,1
212571,34092,1
212571,56714,1
212571,61540,1
212574,1304,1
212574,1370,1
212574,61542,1
212574,59822,1
212574,62376,1
212574,34092,1
212574,56714,1
212586,11262,1
212586,1304,1
212586,1370,1
212586,61542,1
212586,59822,1
212586,62376,1
212586,61540,1
212592,11262,1
212592,1304,1
212592,1370,1
212592,61542,1
212592,59822,1
212592,62376,1
212592,61540,1
212595,11262,1
212595,1304,1
212595,1370,1
212595,61542,1
212595,59822,1
212595,62376,1
212595,34092,1
212595,56714,1
212595,61540,1
212637,11262,1
212637,1304,1
212637,61542,1
212637,59822,1
212637,34092,1
212637,56714,1
212637,61540,1
212640,11262,1
212640,1304,1
212640,1370,1
212640,61542,1
212640,59822,1
212640,62376,1
212640,34092,1
212640,56714,1
212640,61540,1
212688,11262,1
212688,1304,1
212688,1370,1
212688,61542,1
212688,59822,1
212688,62376,1
212688,61540,1
212721,10652,1
212721,11262,1
212721,1304,1
212721,1370,1
212721,44302,1
212721,49888,1
212721,61542,1
212721,1372,1
212721,30500,1
212721,50718,1
212721,59822,1
212721,61364,1
212721,62376,1
212721,63188,1
212721,124,1
212721,34092,1
212721,48574,1
212721,50716,1
212721,56714,1
212721,57414,1
212721,63510,1
212721,60978,1
212721,62944,1
212721,16358,1
212721,61672,1
212721,62170,1
212721,62378,1
212721,62860,1
212721,61540,1
212721,56484,1
212721,48694,1
212745,11262,1
212745,1304,1
212745,1370,1
212745,61542,1
212745,59822,1
212745,62376,1
212745,61540,1
212748,11262,1
212748,1304,1
212748,61542,1
212748,30500,1
212748,50718,1
212748,59822,1
212748,34092,1
212748,56714,1
212748,61540,1
212748,56484,1
212775,11262,1
212775,1304,1
212775,1370,1
212775,61542,1
212775,59822,1
212775,62376,1
212775,34092,1
212775,56714,1
212775,61540,1
212892,11262,1
212892,1370,1
212892,62376,1
212892,61540,1
213102,11262,1
213102,1304,1
213102,1370,1
213102,61542,1
213102,59822,1
213102,62376,1
213102,34092,1
213102,56714,1
213102,61540,1
213114,11262,1
213114,1304,1
213114,61542,1
213114,59822,1
213114,34092,1
213114,56714,1
213114,61540,1
213513,11262,1
213513,1304,1
213513,1370,1
213513,61542,1
213513,59822,1
213513,62376,1
213513,61540,1
213885,11262,1
213885,34092,1
213885,56714,1
213885,61540,1
213978,11262,1
213978,1370,1
213978,62376,1
213978,34092,1
213978,56714,1
213978,60,1
213978,61540,1
213987,1304,1
213987,1370,1
213987,61542,1
213987,59822,1
213987,62376,1
213987,34092,1
213987,56714,1
214194,11262,1
214194,1304,1
214194,1370,1
214194,61542,1
214194,59822,1
214194,62376,1
214194,34092,1
214194,56714,1
214194,61540,1
214506,11262,1
214506,1304,1
214506,1370,1
214506,61542,1
214506,59822,1
214506,62376,1
214506,61540,1
214968,11262,1
214968,1304,1
214968,1370,1
214968,61542,1
214968,59822,1
214968,62376,1
214968,34092,1
214968,56714,1
214968,61540,1
214998,11262,1
214998,1304,1
214998,1370,1
214998,61542,1
214998,59822,1
214998,62376,1
214998,61540,1
215112,11262,1
215112,1370,1
215112,62376,1
215112,34092,1
215112,56714,1
215112,61540,1
215247,11262,1
215247,1304,1
215247,1370,1
215247,61542,1
215247,59822,1
215247,62376,1
215247,34092,1
215247,56714,1
215247,61540,1
215298,11262,1
215298,1304,1
215298,1370,1
215298,61542,1
215298,1372,1
215298,59822,1
215298,61364,1
215298,62376,1
215298,63188,1
215298,34092,1
215298,56714,1
215298,62170,1
215298,61540,1
215457,34092,1
215457,56714,1
215517,11262,1
215517,34092,1
215517,56714,1
215517,61540,1
215985,11262,1
215985,61540,1
216033,11262,1
216033,1304,1
216033,1370,1
216033,61542,1
216033,59822,1
216033,62376,1
216033,61540,1
216108,11262,1
216108,1304,1
216108,1370,1
216108,61542,1
216108,59822,1
216108,62376,1
216108,34092,1
216108,56714,1
216108,61540,1
216123,11262,1
216123,1304,1
216123,1370,1
216123,61542,1
216123,59822,1
216123,62376,1
216123,61540,1
216309,11262,1
216309,1304,1
216309,1370,1
216309,61542,1
216309,1372,1
216309,59822,1
216309,61364,1
216309,62376,1
216309,63188,1
216309,34092,1
216309,48574,1
216309,56714,1
216309,57414,1
216309,62170,1
216309,62378,1
216309,61540,1
216309,48694,1
216366,11262,1
216366,61540,1
216495,11262,1
216495,1370,1
216495,62376,1
216495,61540,1
216498,11262,1
216498,1304,1
216498,1370,1
216498,61542,1
216498,59822,1
216498,62376,1
216498,34092,1
216498,56714,1
216498,61540,1
216564,34092,1
216564,56714,1
216564,60,1
216648,11262,1
216648,1304,1
216648,61542,1
216648,59822,1
216648,34092,1
216648,56714,1
216648,61540,1
216822,11262,1
216822,1370,1
216822,62376,1
216822,61540,1
216948,11262,1
216948,1304,1
216948,1370,1
216948,61542,1
216948,59822,1
216948,62376,1
216948,61540,1
216981,11262,1
216981,1304,1
216981,1370,1
216981,61542,1
216981,59822,1
216981,62376,1
216981,34092,1
216981,56714,1
216981,61540,1
217002,11262,1
217002,1304,1
217002,1370,1
217002,61542,1
217002,59822,1
217002,62376,1
217002,34092,1
217002,56714,1
217002,61540,1
217293,11262,1
217293,1304,1
217293,1370,1
217293,61542,1
217293,59822,1
217293,62376,1
217293,61540,1
217380,11262,1
217380,1370,1
217380,62376,1
217380,61540,1
217494,11262,1
217494,1304,1
217494,1370,1
217494,61542,1
217494,59822,1
217494,62376,1
217494,61540,1
217536,34092,1
217536,56714,1
217620,11262,1
217620,1304,1
217620,1370,1
217620,61542,1
217620,59822,1
217620,62376,1
217620,61540,1
217752,11262,1
217752,1304,1
217752,1370,1
217752,61542,1
217752,1372,1
217752,59822,1
217752,61364,1
217752,62376,1
217752,63188,1
217752,34092,1
217752,56714,1
217752,62170,1
217752,61540,1
217782,11262,1
217782,1304,1
217782,1370,1
217782,61542,1
217782,1372,1
217782,30500,1
217782,50718,1
217782,59822,1
217782,61364,1
217782,62376,1
217782,63188,1
217782,34092,1
217782,48574,1
217782,56714,1
217782,57414,1
217782,62170,1
217782,62378,1
217782,61540,1
217782,56484,1
217782,48694,1
217848,11262,1
217848,1304,1
217848,1370,1
217848,61542,1
217848,30500,1
217848,50718,1
217848,59822,1
217848,62376,1
217848,34092,1
217848,56714,1
217848,61540,1
217848,56484,1
218061,1370,1
218061,62376,1
218121,11262,1
218121,1370,1
218121,62376,1
218121,61540,1
218265,11262,1
218265,1370,1
218265,62376,1
218265,61540,1
218673,11262,1
218673,1304,1
218673,1370,1
218673,61542,1
218673,59822,1
218673,62376,1
218673,61540,1
218958,11262,1
218958,1370,1
218958,62376,1
218958,61540,1
219021,11262,1
219021,1304,1
219021,1370,1
219021,61542,1
219021,59822,1
219021,62376,1
219021,61540,1
219030,11262,1
219030,1304,1
219030,1370,1
219030,61542,1
219030,59822,1
219030,62376,1
219030,61540,1
219048,11262,1
219048,1304,1
219048,1370,1
219048,61542,1
219048,59822,1
219048,62376,1
219048,61540,1
219132,11262,1
219132,1304,1
219132,1370,1
219132,61542,1
219132,59822,1
219132,62376,1
219132,61540,1
219381,11262,1
219381,1304,1
219381,1370,1
219381,61542,1
219381,59822,1
219381,62376,1
219381,34092,1
219381,56714,1
219381,61540,1
219420,11262,1
219420,1304,1
219420,1370,1
219420,61542,1
219420,59822,1
219420,62376,1
219420,34092,1
219420,56714,1
219420,61540,1
219450,11262,1
219450,1304,1
219450,1370,1
219450,61542,1
219450,59822,1
219450,62376,1
219450,61540,1
219456,11262,1
219456,1304,1
219456,61542,1
219456,59822,1
219456,61540,1
219522,11262,1
219522,1370,1
219522,62376,1
219522,61540,1
220011,11262,1
220011,1304,1
220011,1370,1
220011,61542,1
220011,59822,1
220011,62376,1
220011,34092,1
220011,56714,1
220011,61540,1
220047,11262,1
220047,1370,1
220047,62376,1
220047,34092,1
220047,56714,1
220047,61540,1
220095,11262,1
220095,1304,1
220095,1370,1
220095,61542,1
220095,59822,1
220095,62376,1
220095,61540,1
220170,11262,1
220170,1304,1
220170,61542,1
220170,59822,1
220170,34092,1
220170,56714,1
220170,61540,1
220179,34092,1
220179,56714,1
220218,1304,1
220218,1370,1
220218,61542,1
220218,59822,1
220218,62376,1
220269,11262,1
220269,1304,1
220269,1370,1
220269,61542,1
220269,1372,1
220269,59822,1
220269,61364,1
220269,62376,1
220269,63188,1
220269,34092,1
220269,48574,1
220269,56714,1
220269,57414,1
220269,62170,1
220269,62378,1
220269,61540,1
220269,48694,1
220302,11262,1
220302,1304,1
220302,61542,1
220302,59822,1
220302,34092,1
220302,56714,1
220302,61540,1
220632,11262,1
220632,1304,1
220632,1370,1
220632,61542,1
220632,59822,1
220632,62376,1
220632,61540,1
220713,11262,1
220713,1304,1
220713,1370,1
220713,61542,1
220713,59822,1
220713,62376,1
220713,34092,1
220713,56714,1
220713,61540,1
220728,11262,1
220728,1304,1
220728,1370,1
220728,61542,1
220728,30500,1
220728,50718,1
220728,59822,1
220728,62376,1
220728,34092,1
220728,56714,1
220728,61540,1
220728,56484,1
221115,11262,1
221115,1304,1
221115,1370,1
221115,61542,1
221115,59822,1
221115,62376,1
221115,34092,1
221115,56714,1
221115,61540,1
221151,11262,1
221151,1304,1
221151,61542,1
221151,59822,1
221151,61540,1
221331,11262,1
221331,1304,1
221331,1370,1
221331,61542,1
221331,1372,1
221331,59822,1
221331,61364,1
221331,62376,1
221331,63188,1
221331,34092,1
221331,56714,1
221331,62170,1
221331,61540,1
221409,11262,1
221409,1304,1
221409,1370,1
221409,61542,1
221409,59822,1
221409,62376,1
221409,34092,1
221409,56714,1
221409,61540,1
221526,11262,1
221526,1304,1
221526,1370,1
221526,61542,1
221526,59822,1
221526,62376,1
221526,34092,1
221526,56714,1
221526,61540,1
221610,1370,1
221610,62376,1
221751,11262,1
221751,1304,1
221751,1370,1
221751,61542,1
221751,59822,1
221751,62376,1
221751,34092,1
221751,56714,1
221751,61540,1
222159,1370,1
222159,62376,1
222204,11262,1
222204,1304,1
222204,1370,1
222204,61542,1
222204,59822,1
222204,62376,1
222204,61540,1
222225,11262,1
222225,1304,1
222225,61542,1
222225,59822,1
222225,34092,1
222225,56714,1
222225,61540,1
222306,11262,1
222306,1304,1
222306,61542,1
222306,59822,1
222306,61540,1
222438,11262,1
222438,1304,1
222438,1370,1
222438,61542,1
222438,59822,1
222438,62376,1
222438,61540,1
222540,11262,1
222540,1304,1
222540,1370,1
222540,61542,1
222540,59822,1
222540,62376,1
222540,61540,1
222621,11262,1
222621,1304,1
222621,1370,1
222621,61542,1
222621,59822,1
222621,62376,1
222621,61540,1
222669,11262,1
222669,1304,1
222669,1370,1
222669,33886,1
222669,61542,1
222669,59822,1
222669,62376,1
222669,34092,1
222669,56714,1
222669,63218,1
222669,63538,1
222669,63220,1
222669,61540,1
222711,11262,1
222711,1304,1
222711,1370,1
222711,61542,1
222711,59822,1
222711,62376,1
222711,34092,1
222711,56714,1
222711,61540,1
222750,11262,1
222750,1304,1
222750,1370,1
222750,61542,1
222750,59822,1
222750,62376,1
222750,61540,1
222759,11262,1
222759,1304,1
222759,61542,1
222759,59822,1
222759,34092,1
222759,56714,1
222759,61540,1
222843,11262,1
222843,1304,1
222843,61542,1
222843,59822,1
222843,34092,1
222843,56714,1
222843,61540,1
222852,1370,1
222852,62376,1
222894,11262,1
222894,1304,1
222894,1370,1
222894,61542,1
222894,59822,1
222894,62376,1
222894,34092,1
222894,56714,1
222894,61540,1
222906,11262,1
222906,1304,1
222906,1370,1
222906,61542,1
222906,1372,1
222906,59822,1
222906,61364,1
222906,62376,1
222906,63188,1
222906,34092,1
222906,48574,1
222906,56714,1
222906,57414,1
222906,62170,1
222906,62378,1
222906,61540,1
222906,48694,1
223071,11262,1
223071,1304,1
223071,1370,1
223071,61542,1
223071,59822,1
223071,62376,1
223071,34092,1
223071,56714,1
223071,61540,1
223089,34092,1
223089,56714,1
223089,60,1
223104,11262,1
223104,1370,1
223104,62376,1
223104,61540,1
223389,11262,1
223389,1304,1
223389,1370,1
223389,61542,1
223389,59822,1
223389,62376,1
223389,34092,1
223389,56714,1
223389,61540,1
223401,11262,1
223401,1370,1
223401,62376,1
223401,61540,1
223518,11262,1
223518,1304,1
223518,1370,1
223518,61542,1
223518,59822,1
223518,62376,1
223518,61540,1
223554,11262,1
223554,1304,1
223554,61542,1
223554,59822,1
223554,34092,1
223554,56714,1
223554,61540,1
223728,11262,1
223728,1304,1
223728,1370,1
223728,61542,1
223728,59822,1
223728,62376,1
223728,34092,1
223728,56714,1
223728,61540,1
223776,11262,1
223776,1304,1
223776,1370,1
223776,61542,1
223776,59822,1
223776,62376,1
223776,34092,1
223776,56714,1
223776,61540,1
223782,11262,1
223782,1304,1
223782,1370,1
223782,61542,1
223782,59822,1
223782,62376,1
223782,34092,1
223782,56714,1
223782,61540,1
223968,11262,1
223968,1304,1
223968,1370,1
223968,61542,1
223968,59822,1
223968,62376,1
223968,34092,1
223968,56714,1
223968,61540,1
224145,11262,1
224145,1304,1
224145,61542,1
224145,59822,1
224145,61540,1
224169,11262,1
224169,1304,1
224169,1370,1
224169,61542,1
224169,59822,1
224169,62376,1
224169,34092,1
224169,56714,1
224169,61540,1
224208,34092,1
224208,56714,1
224211,11262,1
224211,1370,1
224211,62376,1
224211,34092,1
224211,56714,1
224211,61540,1
224280,11262,1
224280,1370,1
224280,62376,1
224280,61540,1
224526,11262,1
224526,1304,1
224526,1370,1
224526,61542,1
224526,59822,1
224526,62376,1
224526,61540,1
224631,11262,1
224631,1304,1
224631,1370,1
224631,61542,1
224631,59822,1
224631,62376,1
224631,61540,1
224787,11262,1
224787,1304,1
224787,61542,1
224787,30500,1
224787,50718,1
224787,59822,1
224787,34092,1
224787,56714,1
224787,61540,1
224787,56484,1
224841,11262,1
224841,1304,1
224841,1370,1
224841,61542,1
224841,59822,1
224841,62376,1
224841,61540,1
224874,1370,1
224874,62376,1
224925,11262,1
224925,1304,1
224925,1370,1
224925,61542,1
224925,59822,1
224925,62376,1
224925,61540,1
224931,1304,1
224931,1370,1
224931,61542,1
224931,59822,1
224931,62376,1
225012,11262,1
225012,1370,1
225012,62376,1
225012,61540,1
225276,11262,1
225276,1304,1
225276,1370,1
225276,61542,1
225276,59822,1
225276,62376,1
225276,61540,1
225351,11262,1
225351,1304,1
225351,1370,1
225351,61542,1
225351,59822,1
225351,62376,1
225351,34092,1
225351,56714,1
225351,61540,1
225393,10652,1
225393,11262,1
225393,1304,1
225393,1370,1
225393,33886,1
225393,61542,1
225393,1372,1
225393,30500,1
225393,50718,1
225393,59822,1
225393,61364,1
225393,62376,1
225393,63188,1
225393,124,1
225393,34092,1
225393,48574,1
225393,56714,1
225393,57414,1
225393,35846,1
225393,16358,1
225393,61672,1
225393,62170,1
225393,63218,1
225393,62378,1
225393,61552,1
225393,63538,1
225393,63220,1
225393,61540,1
225393,56484,1
225393,48694,1
225396,1370,1
225396,62376,1
225480,11262,1
225480,1304,1
225480,1370,1
225480,61542,1
225480,59822,1
225480,62376,1
225480,61540,1
225501,11262,1
225501,1304,1
225501,1370,1
225501,61542,1
225501,59822,1
225501,62376,1
225501,34092,1
225501,56714,1
225501,61540,1
225654,11262,1
225654,1304,1
225654,1370,1
225654,61542,1
225654,59822,1
225654,62376,1
225654,34092,1
225654,56714,1
225654,61540,1
225669,11262,1
225669,1304,1
225669,1370,1
225669,61542,1
225669,59822,1
225669,62376,1
225669,34092,1
225669,56714,1
225669,61540,1
225672,11262,1
225672,1304,1
225672,1370,1
225672,61542,1
225672,59822,1
225672,62376,1
225672,34092,1
225672,56714,1
225672,61540,1
225699,11262,1
225699,1304,1
225699,1370,1
225699,61542,1
225699,59822,1
225699,62376,1
225699,34092,1
225699,56714,1
225699,61540,1
225747,11262,1
225747,1304,1
225747,1370,1
225747,61542,1
225747,59822,1
225747,62376,1
225747,61540,1
225972,11262,1
225972,1304,1
225972,1370,1
225972,61542,1
225972,59822,1
225972,62376,1
225972,61540,1
226140,11262,1
226140,1304,1
226140,1370,1
226140,61542,1
226140,59822,1
226140,62376,1
226140,34092,1
226140,56714,1
226140,61540,1
226623,11262,1
226623,1304,1
226623,1370,1
226623,61542,1
226623,59822,1
226623,62376,1
226623,61540,1
226662,11262,1
226662,1304,1
226662,1370,1
226662,61542,1
226662,59822,1
226662,62376,1
226662,34092,1
226662,56714,1
226662,61540,1
226827,11262,1
226827,1370,1
226827,62376,1
226827,34092,1
226827,56714,1
226827,61540,1
226848,11262,1
226848,1304,1
226848,1370,1
226848,61542,1
226848,59822,1
226848,62376,1
226848,61540,1
227115,11262,1
227115,1304,1
227115,1370,1
227115,61542,1
227115,59822,1
227115,62376,1
227115,34092,1
227115,56714,1
227115,61540,1
227223,11262,1
227223,1304,1
227223,1370,1
227223,61542,1
227223,59822,1
227223,62376,1
227223,61540,1
227238,1370,1
227238,62376,1
227292,11262,1
227292,1304,1
227292,1370,1
227292,61542,1
227292,59822,1
227292,62376,1
227292,34092,1
227292,56714,1
227292,61540,1
227295,11262,1
227295,1304,1
227295,1370,1
227295,61542,1
227295,59822,1
227295,62376,1
227295,34092,1
227295,56714,1
227295,61540,1
227310,11262,1
227310,1304,1
227310,1370,1
227310,44302,1
227310,49888,1
227310,61542,1
227310,30500,1
227310,50718,1
227310,59822,1
227310,62376,1
227310,34092,1
227310,48574,1
227310,50716,1
227310,56714,1
227310,57414,1
227310,63510,1
227310,60978,1
227310,62944,1
227310,62378,1
227310,62860,1
227310,61540,1
227310,56484,1
227310,48694,1
227343,11262,1
227343,1304,1
227343,1370,1
227343,61542,1
227343,59822,1
227343,62376,1
227343,34092,1
227343,56714,1
227343,61540,1
227469,11262,1
227469,1304,1
227469,1370,1
227469,61542,1
227469,59822,1
227469,62376,1
227469,61540,1
227616,11262,1
227616,1304,1
227616,61542,1
227616,59822,1
227616,34092,1
227616,56714,1
227616,61540,1
227664,11262,1
227664,1304,1
227664,1370,1
227664,61542,1
227664,59822,1
227664,62376,1
227664,34092,1
227664,56714,1
227664,61540,1
227670,11262,1
227670,1304,1
227670,1370,1
227670,61542,1
227670,59822,1
227670,62376,1
227670,61540,1
227829,11262,1
227829,1304,1
227829,1370,1
227829,61542,1
227829,59822,1
227829,62376,1
227829,34092,1
227829,56714,1
227829,61540,1
227973,11262,1
227973,1304,1
227973,1370,1
227973,61542,1
227973,59822,1
227973,62376,1
227973,61540,1
227988,11262,1
227988,1304,1
227988,1370,1
227988,61542,1
227988,59822,1
227988,62376,1
227988,61540,1
228024,11262,1
228024,1370,1
228024,62376,1
228024,61540,1
228060,11262,1
228060,1304,1
228060,1370,1
228060,61542,1
228060,59822,1
228060,62376,1
228060,34092,1
228060,56714,1
228060,61540,1
228315,1304,1
228315,1370,1
228315,61542,1
228315,59822,1
228315,62376,1
228438,11262,1
228438,1304,1
228438,1370,1
228438,61542,1
228438,59822,1
228438,62376,1
228438,34092,1
228438,56714,1
228438,61540,1
228564,11262,1
228564,1304,1
228564,1370,1
228564,61542,1
228564,59822,1
228564,62376,1
228564,61540,1
228729,11262,1
228729,1304,1
228729,1370,1
228729,61542,1
228729,59822,1
228729,62376,1
228729,34092,1
228729,56714,1
228729,61540,1
228741,11262,1
228741,1304,1
228741,1370,1
228741,61542,1
228741,59822,1
228741,62376,1
228741,61540,1
228753,11262,1
228753,1304,1
228753,1370,1
228753,61542,1
228753,59822,1
228753,62376,1
228753,34092,1
228753,56714,1
228753,61540,1
228948,11262,1
228948,1304,1
228948,1370,1
228948,61542,1
228948,59822,1
228948,62376,1
228948,34092,1
228948,56714,1
228948,61540,1
229263,11262,1
229263,1304,1
229263,1370,1
229263,61542,1
229263,59822,1
229263,62376,1
229263,61540,1
229341,11262,1
229341,1304,1
229341,61542,1
229341,59822,1
229341,61540,1
229473,11262,1
229473,1304,1
229473,1370,1
229473,61542,1
229473,59822,1
229473,62376,1
229473,34092,1
229473,56714,1
229473,61540,1
229521,11262,1
229521,1304,1
229521,61542,1
229521,59822,1
229521,34092,1
229521,56714,1
229521,61540,1
229527,11262,1
229527,1304,1
229527,1370,1
229527,61542,1
229527,59822,1
229527,62376,1
229527,34092,1
229527,56714,1
229527,61540,1
229536,11262,1
229536,1304,1
229536,1370,1
229536,61542,1
229536,1372,1
229536,59822,1
229536,61364,1
229536,62376,1
229536,63188,1
229536,34092,1
229536,56714,1
229536,62170,1
229536,61540,1
229539,11262,1
229539,1370,1
229539,62376,1
229539,34092,1
229539,56714,1
229539,61540,1
229620,11262,1
229620,34092,1
229620,56714,1
229620,61540,1
229737,11262,1
229737,1304,1
229737,1370,1
229737,61542,1
229737,59822,1
229737,62376,1
229737,61540,1
229812,11262,1
229812,1304,1
229812,1370,1
229812,61542,1
229812,59822,1
229812,62376,1
229812,61540,1
229977,11262,1
229977,1304,1
229977,1370,1
229977,61542,1
229977,59822,1
229977,62376,1
229977,61540,1
230010,11262,1
230010,1304,1
230010,1370,1
230010,61542,1
230010,59822,1
230010,62376,1
230010,34092,1
230010,56714,1
230010,61540,1
230028,11262,1
230028,1304,1
230028,61542,1
230028,59822,1
230028,34092,1
230028,56714,1
230028,61540,1
230073,11262,1
230073,1304,1
230073,1370,1
230073,61542,1
230073,59822,1
230073,62376,1
230073,34092,1
230073,56714,1
230073,61540,1
230091,11262,1
230091,1304,1
230091,1370,1
230091,61542,1
230091,1372,1
230091,59822,1
230091,61364,1
230091,62376,1
230091,63188,1
230091,34092,1
230091,48574,1
230091,56714,1
230091,57414,1
230091,62170,1
230091,62378,1
230091,61540,1
230091,48694,1
230178,1370,1
230178,62376,1
230286,11262,1
230286,1304,1
230286,1370,1
230286,61542,1
230286,59822,1
230286,62376,1
230286,34092,1
230286,56714,1
230286,61540,1
230331,11262,1
230331,1370,1
230331,62376,1
230331,61540,1
230604,11262,1
230604,1304,1
230604,1370,1
230604,61542,1
230604,59822,1
230604,62376,1
230604,61540,1
231057,11262,1
231057,1304,1
231057,61542,1
231057,30500,1
231057,50718,1
231057,59822,1
231057,34092,1
231057,56714,1
231057,61540,1
231057,56484,1
231096,11262,1
231096,1304,1
231096,1370,1
231096,61542,1
231096,59822,1
231096,62376,1
231096,61540,1
231102,11262,1
231102,1304,1
231102,1370,1
231102,61542,1
231102,59822,1
231102,62376,1
231102,34092,1
231102,56714,1
231102,61540,1
231144,11262,1
231144,1304,1
231144,1370,1
231144,61542,1
231144,59822,1
231144,62376,1
231144,34092,1
231144,56714,1
231144,61540,1
231162,11262,1
231162,1304,1
231162,1370,1
231162,61542,1
231162,59822,1
231162,62376,1
231162,34092,1
231162,56714,1
231162,61540,1
231225,11262,1
231225,1304,1
231225,1370,1
231225,61542,1
231225,59822,1
231225,62376,1
231225,61540,1
231282,11262,1
231282,1304,1
231282,1370,1
231282,61542,1
231282,59822,1
231282,62376,1
231282,34092,1
231282,56714,1
231282,61540,1
231414,11262,1
231414,1304,1
231414,1370,1
231414,61542,1
231414,59822,1
231414,62376,1
231414,61540,1
231459,11262,1
231459,1304,1
231459,1370,1
231459,61542,1
231459,59822,1
231459,62376,1
231459,61540,1
231663,11262,1
231663,1370,1
231663,62376,1
231663,61540,1
231708,11262,1
231708,1304,1
231708,1370,1
231708,61542,1
231708,59822,1
231708,62376,1
231708,61540,1
231876,11262,1
231876,1370,1
231876,62376,1
231876,34092,1
231876,56714,1
231876,61540,1
231900,1304,1
231900,1370,1
231900,61542,1
231900,59822,1
231900,62376,1
231909,1370,1
231909,62376,1
232029,11262,1
232029,1304,1
232029,1370,1
232029,61542,1
232029,59822,1
232029,62376,1
232029,34092,1
232029,56714,1
232029,61540,1
232035,11262,1
232035,1304,1
232035,1370,1
232035,61542,1
232035,59822,1
232035,62376,1
232035,34092,1
232035,56714,1
232035,61540,1
232065,11262,1
232065,1304,1
232065,1370,1
232065,61542,1
232065,1372,1
232065,30500,1
232065,50718,1
232065,59822,1
232065,61364,1
232065,62376,1
232065,63188,1
232065,34092,1
232065,48574,1
232065,56714,1
232065,57414,1
232065,50274,1
232065,57804,1
232065,62170,1
232065,62378,1
232065,61540,1
232065,56484,1
232065,48694,1
232068,11262,1
232068,1304,1
232068,1370,1
232068,61542,1
232068,59822,1
232068,62376,1
232068,34092,1
232068,56714,1
232068,61540,1
232269,11262,1
232269,1304,1
232269,1370,1
232269,61542,1
232269,30500,1
232269,50718,1
232269,59822,1
232269,62376,1
232269,34092,1
232269,56714,1
232269,61540,1
232269,56484,1
232404,11262,1
232404,1304,1
232404,1370,1
232404,61542,1
232404,59822,1
232404,62376,1
232404,34092,1
232404,56714,1
232404,61540,1
232410,11262,1
232410,1304,1
232410,1370,1
232410,61542,1
232410,59822,1
232410,62376,1
232410,34092,1
232410,56714,1
232410,61540,1
232452,11262,1
232452,1304,1
232452,1370,1
232452,61542,1
232452,59822,1
232452,62376,1
232452,61540,1
232455,11262,1
232455,1304,1
232455,1370,1
232455,61542,1
232455,59822,1
232455,62376,1
232455,34092,1
232455,56714,1
232455,61540,1
232503,11262,1
232503,1304,1
232503,1370,1
232503,61542,1
232503,1372,1
232503,59822,1
232503,61364,1
232503,62376,1
232503,63188,1
232503,34092,1
232503,48574,1
232503,56714,1
232503,57414,1
232503,62170,1
232503,62378,1
232503,61540,1
232503,48694,1
232614,1370,1
232614,62376,1
232656,1304,1
232656,1370,1
232656,61542,1
232656,59822,1
232656,62376,1
232665,11262,1
232665,1304,1
232665,1370,1
232665,61542,1
232665,59822,1
232665,62376,1
232665,61540,1
232788,11262,1
232788,1304,1
232788,1370,1
232788,61542,1
232788,59822,1
232788,62376,1
232788,61540,1
232827,11262,1
232827,1304,1
232827,1370,1
232827,61542,1
232827,59822,1
232827,62376,1
232827,34092,1
232827,56714,1
232827,61540,1
233040,1304,1
233040,1370,1
233040,61542,1
233040,59822,1
233040,62376,1
233091,1304,1
233091,1370,1
233091,61542,1
233091,59822,1
233091,62376,1
233091,34092,1
233091,56714,1
233163,11262,1
233163,61540,1
233427,11262,1
233427,1370,1
233427,62376,1
233427,61540,1
233559,11262,1
233559,1304,1
233559,1370,1
233559,61542,1
233559,59822,1
233559,62376,1
233559,34092,1
233559,56714,1
233559,61540,1
233814,34092,1
233814,56714,1
233961,11262,1
233961,1304,1
233961,1370,1
233961,61542,1
233961,59822,1
233961,62376,1
233961,34092,1
233961,56714,1
233961,61540,1
233970,11262,1
233970,1304,1
233970,1370,1
233970,61542,1
233970,59822,1
233970,62376,1
233970,34092,1
233970,56714,1
233970,61540,1
234018,11262,1
234018,1304,1
234018,1370,1
234018,61542,1
234018,59822,1
234018,62376,1
234018,61540,1
234021,11262,1
234021,1304,1
234021,1370,1
234021,61542,1
234021,59822,1
234021,62376,1
234021,34092,1
234021,56714,1
234021,61540,1
234093,11262,1
234093,1304,1
234093,1370,1
234093,61542,1
234093,59822,1
234093,62376,1
234093,34092,1
234093,48574,1
234093,56714,1
234093,57414,1
234093,62378,1
234093,61540,1
234093,48694,1
234120,1370,1
234120,62376,1
234129,11262,1
234129,34092,1
234129,56714,1
234129,61540,1
234156,11262,1
234156,1304,1
234156,1370,1
234156,61542,1
234156,59822,1
234156,62376,1
234156,34092,1
234156,56714,1
234156,61540,1
234297,11262,1
234297,1304,1
234297,1370,1
234297,61542,1
234297,59822,1
234297,62376,1
234297,34092,1
234297,56714,1
234297,61540,1
234864,11262,1
234864,1304,1
234864,1370,1
234864,61542,1
234864,59822,1
234864,62376,1
234864,34092,1
234864,56714,1
234864,61540,1
234951,34092,1
234951,56714,1
234972,11262,1
234972,1304,1
234972,1370,1
234972,61542,1
234972,59822,1
234972,62376,1
234972,61540,1
235191,11262,1
235191,1304,1
235191,61542,1
235191,59822,1
235191,61540,1
235299,11262,1
235299,1304,1
235299,1370,1
235299,61542,1
235299,59822,1
235299,62376,1
235299,34092,1
235299,56714,1
235299,61540,1
235335,11262,1
235335,1304,1
235335,1370,1
235335,61542,1
235335,59822,1
235335,62376,1
235335,61540,1
235380,11262,1
235380,1304,1
235380,61542,1
235380,59822,1
235380,61540,1
235458,11262,1
235458,1304,1
235458,1370,1
235458,61542,1
235458,59822,1
235458,62376,1
235458,61540,1
235842,11262,1
235842,1304,1
235842,1370,1
235842,61542,1
235842,59822,1
235842,62376,1
235842,34092,1
235842,56714,1
235842,61540,1
235932,11262,1
235932,1304,1
235932,1370,1
235932,61542,1
235932,59822,1
235932,62376,1
235932,34092,1
235932,56714,1
235932,61540,1
236115,11262,1
236115,1304,1
236115,1370,1
236115,61542,1
236115,59822,1
236115,62376,1
236115,34092,1
236115,56714,1
236115,61540,1
236226,11262,1
236226,1304,1
236226,1370,1
236226,61542,1
236226,1372,1
236226,59822,1
236226,61364,1
236226,62376,1
236226,63188,1
236226,34092,1
236226,56714,1
236226,62170,1
236226,61540,1
236490,1304,1
236490,1370,1
236490,61542,1
236490,59822,1
236490,62376,1
236520,1370,1
236520,62376,1
236520,34092,1
236520,56714,1
236655,11262,1
236655,1304,1
236655,1370,1
236655,61542,1
236655,59822,1
236655,62376,1
236655,61540,1
236766,11262,1
236766,1370,1
236766,62376,1
236766,61540,1
236775,1370,1
236775,62376,1
236823,11262,1
236823,1304,1
236823,1370,1
236823,61542,1
236823,59822,1
236823,62376,1
236823,61540,1
236973,11262,1
236973,61540,1
237057,11262,1
237057,1370,1
237057,62376,1
237057,61540,1
237195,11262,1
237195,1304,1
237195,1370,1
237195,61542,1
237195,59822,1
237195,62376,1
237195,61540,1
237252,11262,1
237252,1304,1
237252,1370,1
237252,61542,1
237252,59822,1
237252,62376,1
237252,61540,1
237300,11262,1
237300,1304,1
237300,1370,1
237300,61542,1
237300,59822,1
237300,62376,1
237300,34092,1
237300,56714,1
237300,61540,1
237675,1370,1
237675,62376,1
237804,11262,1
237804,1304,1
237804,1370,1
237804,61542,1
237804,59822,1
237804,62376,1
237804,61540,1
237840,1370,1
237840,62376,1
238032,11262,1
238032,1304,1
238032,1370,1
238032,33886,1
238032,61542,1
238032,30500,1
238032,50718,1
238032,59822,1
238032,62376,1
238032,34092,1
238032,48574,1
238032,56714,1
238032,57414,1
238032,63218,1
238032,62378,1
238032,63538,1
238032,63220,1
238032,61540,1
238032,56484,1
238032,48694,1
238068,11262,1
238068,1304,1
238068,1370,1
238068,61542,1
238068,59822,1
238068,62376,1
238068,34092,1
238068,56714,1
238068,61540,1
238218,11262,1
238218,1304,1
238218,1370,1
238218,61542,1
238218,59822,1
238218,62376,1
238218,34092,1
238218,56714,1
238218,61540,1
238263,11262,1
238263,1304,1
238263,61542,1
238263,59822,1
238263,34092,1
238263,48574,1
238263,56714,1
238263,57414,1
238263,62378,1
238263,61540,1
238263,48694,1
238293,11262,1
238293,1304,1
238293,1370,1
238293,61542,1
238293,1372,1
238293,59822,1
238293,61364,1
238293,62376,1
238293,63188,1
238293,34092,1
238293,48574,1
238293,56714,1
238293,57414,1
238293,62170,1
238293,62378,1
238293,61540,1
238293,48694,1
238377,11262,1
238377,1304,1
238377,61542,1
238377,59822,1
238377,34092,1
238377,56714,1
238377,61540,1
238536,1370,1
238536,62376,1
238572,11262,1
238572,1304,1
238572,61542,1
238572,59822,1
238572,34092,1
238572,56714,1
238572,61540,1
238608,11262,1
238608,1304,1
238608,1370,1
238608,61542,1
238608,59822,1
238608,62376,1
238608,34092,1
238608,56714,1
238608,61540,1
238611,11262,1
238611,1370,1
238611,62376,1
238611,61540,1
238689,11262,1
238689,1304,1
238689,61542,1
238689,59822,1
238689,61540,1
238827,11262,1
238827,1304,1
238827,1370,1
238827,61542,1
238827,59822,1
238827,62376,1
238827,34092,1
238827,56714,1
238827,61540,1
238875,1304,1
238875,1370,1
238875,61542,1
238875,59822,1
238875,62376,1
238878,11262,1
238878,1304,1
238878,1370,1
238878,61542,1
238878,59822,1
238878,62376,1
238878,61540,1
238887,11262,1
238887,1304,1
238887,1370,1
238887,61542,1
238887,59822,1
238887,62376,1
238887,34092,1
238887,56714,1
238887,61540,1
239115,1370,1
239115,62376,1
239247,11262,1
239247,1370,1
239247,62376,1
239247,34092,1
239247,56714,1
239247,61540,1
239508,11262,1
239508,1304,1
239508,1370,1
239508,61542,1
239508,59822,1
239508,62376,1
239508,61540,1
239556,11262,1
239556,1304,1
239556,1370,1
239556,61542,1
239556,59822,1
239556,62376,1
239556,34092,1
239556,56714,1
239556,61540,1
239577,11262,1
239577,1304,1
239577,1370,1
239577,61542,1
239577,59822,1
239577,62376,1
239577,34092,1
239577,56714,1
239577,61540,1
239592,11262,1
239592,1370,1
239592,62376,1
239592,61540,1
240852,11262,1
240852,1304,1
240852,1370,1
240852,61542,1
240852,59822,1
240852,62376,1
240852,61540,1
240912,11262,1
240912,1304,1
240912,1370,1
240912,61542,1
240912,59822,1
240912,62376,1
240912,61540,1
240918,11262,1
240918,1304,1
240918,1370,1
240918,61542,1
240918,59822,1
240918,62376,1
240918,61540,1
240924,1370,1
240924,62376,1
240939,11262,1
240939,1304,1
240939,61542,1
240939,59822,1
240939,34092,1
240939,56714,1
240939,61540,1
240990,11262,1
240990,1370,1
240990,62376,1
240990,61540,1
241026,11262,1
241026,1304,1
241026,61542,1
241026,59822,1
241026,61540,1
241218,34092,1
241218,56714,1
241263,11262,1
241263,1304,1
241263,1370,1
241263,61542,1
241263,59822,1
241263,62376,1
241263,61540,1
241305,11262,1
241305,1304,1
241305,1370,1
241305,61542,1
241305,59822,1
241305,62376,1
241305,34092,1
241305,56714,1
241305,61540,1
241329,11262,1
241329,1304,1
241329,1370,1
241329,61542,1
241329,59822,1
241329,62376,1
241329,61540,1
241389,11262,1
241389,1304,1
241389,1370,1
241389,61542,1
241389,59822,1
241389,62376,1
241389,34092,1
241389,56714,1
241389,61540,1
241824,11262,1
241824,1304,1
241824,1370,1
241824,61542,1
241824,59822,1
241824,62376,1
241824,34092,1
241824,56714,1
241824,61540,1
242130,34092,1
242130,56714,1
242130,60,1
242151,11262,1
242151,1304,1
242151,1370,1
242151,44302,1
242151,49888,1
242151,61542,1
242151,30500,1
242151,50718,1
242151,59822,1
242151,62376,1
242151,34092,1
242151,48574,1
242151,50716,1
242151,56714,1
242151,57414,1
242151,63510,1
242151,60978,1
242151,62944,1
242151,62378,1
242151,62860,1
242151,61540,1
242151,56484,1
242151,48694,1
242232,11262,1
242232,1304,1
242232,61542,1
242232,59822,1
242232,34092,1
242232,56714,1
242232,61540,1
242388,11262,1
242388,1304,1
242388,1370,1
242388,33886,1
242388,61542,1
242388,30500,1
242388,50718,1
242388,59822,1
242388,62376,1
242388,34092,1
242388,56714,1
242388,63218,1
242388,63538,1
242388,63220,1
242388,61540,1
242388,56484,1
242409,11262,1
242409,1304,1
242409,1370,1
242409,61542,1
242409,59822,1
242409,62376,1
242409,61540,1
242412,11262,1
242412,1304,1
242412,61542,1
242412,59822,1
242412,34092,1
242412,56714,1
242412,61540,1
242415,11262,1
242415,1304,1
242415,1370,1
242415,61542,1
242415,59822,1
242415,62376,1
242415,61540,1
242430,1304,1
242430,1370,1
242430,61542,1
242430,59822,1
242430,62376,1
242430,34092,1
242430,56714,1
242439,11262,1
242439,1304,1
242439,1370,1
242439,61542,1
242439,59822,1
242439,62376,1
242439,61540,1
242442,11262,1
242442,1304,1
242442,61542,1
242442,30500,1
242442,50718,1
242442,59822,1
242442,34092,1
242442,56714,1
242442,61540,1
242442,56484,1
242505,1304,1
242505,1370,1
242505,61542,1
242505,59822,1
242505,62376,1
242556,11262,1
242556,1304,1
242556,1370,1
242556,61542,1
242556,59822,1
242556,62376,1
242556,34092,1
242556,56714,1
242556,61540,1
242571,11262,1
242571,1304,1
242571,61542,1
242571,59822,1
242571,61540,1
242610,34092,1
242610,56714,1
242610,60,1
242619,11262,1
242619,1304,1
242619,1370,1
242619,61542,1
242619,59822,1
242619,62376,1
242619,34092,1
242619,56714,1
242619,61540,1
242856,11262,1
242856,1370,1
242856,62376,1
242856,34092,1
242856,48574,1
242856,56714,1
242856,57414,1
242856,62378,1
242856,61540,1
242856,48694,1
243081,11262,1
243081,1304,1
243081,1370,1
243081,61542,1
243081,59822,1
243081,62376,1
243081,61540,1
243390,11262,1
243390,1304,1
243390,1370,1
243390,61542,1
243390,59822,1
243390,62376,1
243390,61540,1
243408,11262,1
243408,1304,1
243408,1370,1
243408,61542,1
243408,59822,1
243408,62376,1
243408,61540,1
243477,1370,1
243477,62376,1
243546,11262,1
243546,34092,1
243546,56714,1
243546,61540,1
243789,11262,1
243789,1304,1
243789,1370,1
243789,61542,1
243789,59822,1
243789,62376,1
243789,34092,1
243789,48574,1
243789,56714,1
243789,57414,1
243789,62378,1
243789,61540,1
243789,48694,1
243927,11262,1
243927,1304,1
243927,1370,1
243927,61542,1
243927,59822,1
243927,62376,1
243927,61540,1
243954,11262,1
243954,1370,1
243954,62376,1
243954,61540,1
243981,11262,1
243981,1304,1
243981,1370,1
243981,61542,1
243981,59822,1
243981,62376,1
243981,61540,1
244005,11262,1
244005,1304,1
244005,1370,1
244005,61542,1
244005,59822,1
244005,62376,1
244005,61540,1
244041,11262,1
244041,1304,1
244041,1370,1
244041,61542,1
244041,59822,1
244041,62376,1
244041,61540,1
244065,11262,1
244065,1304,1
244065,1370,1
244065,61542,1
244065,59822,1
244065,62376,1
244065,61540,1
244092,1370,1
244092,62376,1
244158,11262,1
244158,1304,1
244158,1370,1
244158,61542,1
244158,59822,1
244158,62376,1
244158,34092,1
244158,56714,1
244158,61540,1
244173,11262,1
244173,1304,1
244173,1370,1
244173,61542,1
244173,59822,1
244173,62376,1
244173,61540,1
244278,11262,1
244278,1304,1
244278,1370,1
244278,61542,1
244278,59822,1
244278,62376,1
244278,34092,1
244278,56714,1
244278,61540,1
244287,11262,1
244287,1304,1
244287,1370,1
244287,61542,1
244287,59822,1
244287,62376,1
244287,34092,1
244287,56714,1
244287,61540,1
244380,11262,1
244380,1304,1
244380,61542,1
244380,30500,1
244380,50718,1
244380,59822,1
244380,34092,1
244380,56714,1
244380,61540,1
244380,56484,1
244404,11262,1
244404,1304,1
244404,1370,1
244404,61542,1
244404,59822,1
244404,62376,1
244404,34092,1
244404,56714,1
244404,61540,1
244446,1370,1
244446,62376,1
244479,1304,1
244479,1370,1
244479,61542,1
244479,59822,1
244479,62376,1
244575,11262,1
244575,1304,1
244575,1370,1
244575,61542,1
244575,59822,1
244575,62376,1
244575,61540,1
244644,1370,1
244644,62376,1
244680,11262,1
244680,1304,1
244680,1370,1
244680,61542,1
244680,59822,1
244680,62376,1
244680,34092,1
244680,56714,1
244680,61540,1
244731,11262,1
244731,1304,1
244731,1370,1
244731,61542,1
244731,1372,1
244731,59822,1
244731,61364,1
244731,62376,1
244731,63188,1
244731,34092,1
244731,48574,1
244731,56714,1
244731,57414,1
244731,62170,1
244731,62378,1
244731,61540,1
244731,48694,1
244866,11262,1
244866,1370,1
244866,62376,1
244866,61540,1
244878,11262,1
244878,61540,1
244971,34092,1
244971,56714,1
244971,60,1
245154,11262,1
245154,1304,1
245154,1370,1
245154,61542,1
245154,59822,1
245154,62376,1
245154,34092,1
245154,56714,1
245154,61540,1
245631,11262,1
245631,1304,1
245631,1370,1
245631,61542,1
245631,59822,1
245631,62376,1
245631,61540,1
245706,1370,1
245706,62376,1
245826,11262,1
245826,1304,1
245826,1370,1
245826,61542,1
245826,59822,1
245826,62376,1
245826,34092,1
245826,56714,1
245826,61540,1
245868,34092,1
245868,56714,1
245868,60,1
245976,1370,1
245976,62376,1
246054,11262,1
246054,1304,1
246054,1370,1
246054,61542,1
246054,59822,1
246054,62376,1
246054,34092,1
246054,56714,1
246054,61540,1
246099,11262,1
246099,1304,1
246099,1370,1
246099,61542,1
246099,59822,1
246099,62376,1
246099,34092,1
246099,56714,1
246099,61540,1
246150,11262,1
246150,1304,1
246150,1370,1
246150,61542,1
246150,59822,1
246150,62376,1
246150,61540,1
246216,11262,1
246216,1304,1
246216,61542,1
246216,59822,1
246216,61540,1
246618,11262,1
246618,1304,1
246618,1370,1
246618,61542,1
246618,59822,1
246618,62376,1
246618,34092,1
246618,56714,1
246618,61540,1
246627,11262,1
246627,1304,1
246627,61542,1
246627,59822,1
246627,61540,1
246720,11262,1
246720,1304,1
246720,1370,1
246720,61542,1
246720,59822,1
246720,62376,1
246720,61540,1
246804,11262,1
246804,1304,1
246804,1370,1
246804,61542,1
246804,59822,1
246804,62376,1
246804,61540,1
246915,1370,1
246915,62376,1
246963,11262,1
246963,1304,1
246963,1370,1
246963,61542,1
246963,59822,1
246963,62376,1
246963,34092,1
246963,56714,1
246963,61540,1
246987,11262,1
246987,1304,1
246987,1370,1
246987,61542,1
246987,59822,1
246987,62376,1
246987,34092,1
246987,56714,1
246987,61540,1
247002,11262,1
247002,1370,1
247002,62376,1
247002,34092,1
247002,56714,1
247002,61540,1
247029,11262,1
247029,1304,1
247029,1370,1
247029,61542,1
247029,59822,1
247029,62376,1
247029,61540,1
247134,11262,1
247134,1304,1
247134,1370,1
247134,61542,1
247134,59822,1
247134,62376,1
247134,61540,1
247239,1304,1
247239,1370,1
247239,61542,1
247239,59822,1
247239,62376,1
247260,34092,1
247260,56714,1
247374,11262,1
247374,1304,1
247374,1370,1
247374,61542,1
247374,59822,1
247374,62376,1
247374,61540,1
247548,1370,1
247548,62376,1
247632,1370,1
247632,62376,1
247878,1304,1
247878,1370,1
247878,61542,1
247878,59822,1
247878,62376,1
247878,34092,1
247878,56714,1
247956,1370,1
247956,62376,1
247962,11262,1
247962,34092,1
247962,56714,1
247962,61540,1
247974,1304,1
247974,1370,1
247974,61542,1
247974,59822,1
247974,62376,1
247983,11262,1
247983,61540,1
247989,1370,1
247989,62376,1
248061,1370,1
248061,62376,1
248064,11262,1
248064,1304,1
248064,1370,1
248064,61542,1
248064,59822,1
248064,62376,1
248064,34092,1
248064,56714,1
248064,61540,1
248178,1304,1
248178,1370,1
248178,61542,1
248178,59822,1
248178,62376,1
248202,1370,1
248202,62376,1
248205,11262,1
248205,1304,1
248205,1370,1
248205,61542,1
248205,59822,1
248205,62376,1
248205,61540,1
248250,11262,1
248250,1370,1
248250,62376,1
248250,61540,1
248292,11262,1
248292,1304,1
248292,1370,1
248292,61542,1
248292,59822,1
248292,62376,1
248292,61540,1
248301,11262,1
248301,1370,1
248301,62376,1
248301,34092,1
248301,56714,1
248301,61540,1
248550,1370,1
248550,62376,1
248682,11262,1
248682,1304,1
248682,1370,1
248682,61542,1
248682,59822,1
248682,62376,1
248682,34092,1
248682,56714,1
248682,61540,1
248706,11262,1
248706,1370,1
248706,62376,1
248706,61540,1
248724,1370,1
248724,62376,1
248796,1370,1
248796,62376,1
249063,11262,1
249063,1304,1
249063,1370,1
249063,61542,1
249063,59822,1
249063,62376,1
249063,61540,1
249081,11262,1
249081,1304,1
249081,1370,1
249081,61542,1
249081,59822,1
249081,62376,1
249081,61540,1
249207,11262,1
249207,1370,1
249207,62376,1
249207,61540,1
249216,11262,1
249216,1304,1
249216,1370,1
249216,61542,1
249216,59822,1
249216,62376,1
249216,34092,1
249216,56714,1
249216,61540,1
249222,11262,1
249222,1304,1
249222,1370,1
249222,61542,1
249222,59822,1
249222,62376,1
249222,34092,1
249222,56714,1
249222,61540,1
249294,1370,1
249294,62376,1
249297,1370,1
249297,62376,1
249567,11262,1
249567,1304,1
249567,1370,1
249567,61542,1
249567,59822,1
249567,62376,1
249567,34092,1
249567,56714,1
249567,61540,1
249843,11262,1
249843,1304,1
249843,61542,1
249843,59822,1
249843,34092,1
249843,56714,1
249843,61540,1
249930,11262,1
249930,1304,1
249930,1370,1
249930,61542,1
249930,59822,1
249930,62376,1
249930,61540,1
250020,1370,1
250020,62376,1
250221,11262,1
250221,1304,1
250221,61542,1
250221,59822,1
250221,34092,1
250221,56714,1
250221,61540,1
250275,11262,1
250275,1304,1
250275,61542,1
250275,59822,1
250275,34092,1
250275,56714,1
250275,61540,1
250344,11262,1
250344,1304,1
250344,61542,1
250344,59822,1
250344,61540,1
250362,1370,1
250362,62376,1
250434,1304,1
250434,1370,1
250434,61542,1
250434,59822,1
250434,62376,1
250434,34092,1
250434,56714,1
250629,11262,1
250629,1304,1
250629,61542,1
250629,59822,1
250629,61540,1
250653,11262,1
250653,1304,1
250653,1370,1
250653,44302,1
250653,49888,1
250653,61542,1
250653,30500,1
250653,50718,1
250653,59822,1
250653,62376,1
250653,34092,1
250653,48574,1
250653,50716,1
250653,56714,1
250653,57414,1
250653,63510,1
250653,60978,1
250653,62944,1
250653,62378,1
250653,62860,1
250653,61540,1
250653,56484,1
250653,48694,1
250668,1370,1
250668,62376,1
250749,11262,1
250749,1304,1
250749,61542,1
250749,59822,1
250749,34092,1
250749,56714,1
250749,61540,1
250782,11262,1
250782,1304,1
250782,1370,1
250782,61542,1
250782,59822,1
250782,62376,1
250782,61540,1
250974,11262,1
250974,1304,1
250974,1370,1
250974,61542,1
250974,59822,1
250974,62376,1
250974,61540,1
250977,1304,1
250977,1370,1
250977,61542,1
250977,59822,1
250977,62376,1
251085,11262,1
251085,61540,1
251202,11262,1
251202,1304,1
251202,1370,1
251202,61542,1
251202,59822,1
251202,62376,1
251202,34092,1
251202,56714,1
251202,61540,1
251235,11262,1
251235,1304,1
251235,1370,1
251235,61542,1
251235,59822,1
251235,62376,1
251235,34092,1
251235,56714,1
251235,61540,1
251493,11262,1
251493,1304,1
251493,61542,1
251493,59822,1
251493,34092,1
251493,56714,1
251493,61540,1
251610,11262,1
251610,1304,1
251610,1370,1
251610,61542,1
251610,59822,1
251610,62376,1
251610,61540,1
251625,11262,1
251625,1370,1
251625,62376,1
251625,34092,1
251625,56714,1
251625,61540,1
251631,11262,1
251631,1304,1
251631,61542,1
251631,59822,1
251631,61540,1
251817,34092,1
251817,56714,1
251817,60,1
252081,11262,1
252081,1370,1
252081,62376,1
252081,34092,1
252081,56714,1
252081,61540,1
252177,1370,1
252177,62376,1
252375,11262,1
252375,61540,1
252405,11262,1
252405,1370,1
252405,62376,1
252405,61540,1
252618,11262,1
252618,1304,1
252618,1370,1
252618,61542,1
252618,59822,1
252618,62376,1
252618,124,1
252618,34092,1
252618,56714,1
252618,16358,1
252618,61540,1
252774,11262,1
252774,1304,1
252774,61542,1
252774,59822,1
252774,61540,1
253053,1304,1
253053,1370,1
253053,61542,1
253053,59822,1
253053,62376,1
253053,34092,1
253053,56714,1
253146,1370,1
253146,62376,1
253308,11262,1
253308,1304,1
253308,1370,1
253308,61542,1
253308,59822,1
253308,62376,1
253308,34092,1
253308,56714,1
253308,61540,1
253335,1370,1
253335,62376,1
253557,11262,1
253557,1304,1
253557,1370,1
253557,61542,1
253557,59822,1
253557,62376,1
253557,34092,1
253557,56714,1
253557,61540,1
25734,11262,1
25734,1370,1
25734,62376,1
25734,34092,1
25734,56714,1
25734,61540,1
25743,11262,1
25743,1304,1
25743,1370,1
25743,61542,1
25743,59822,1
25743,62376,1
25743,34092,1
25743,56714,1
25743,61540,1
25749,11262,1
25749,1304,1
25749,1370,1
25749,61542,1
25749,1372,1
25749,59822,1
25749,61364,1
25749,62376,1
25749,63188,1
25749,34092,1
25749,48574,1
25749,56714,1
25749,57414,1
25749,62170,1
25749,62378,1
25749,61540,1
25749,48694,1
56868,11262,1
56868,1304,1
56868,1370,1
56868,61542,1
56868,59822,1
56868,62376,1
56868,34092,1
56868,56714,1
56868,61540,1
56871,11262,1
56871,1304,1
56871,1370,1
56871,61542,1
56871,59822,1
56871,62376,1
56871,61540,1
59691,11262,1
59691,1370,1
59691,62376,1
59691,61540,1
59700,11262,1
59700,1304,1
59700,1370,1
59700,61542,1
59700,59822,1
59700,62376,1
59700,34092,1
59700,56714,1
59700,61540,1
59703,11262,1
59703,1304,1
59703,1370,1
59703,61542,1
59703,59822,1
59703,62376,1
59703,34092,1
59703,56714,1
59703,61540,1
60864,11262,1
60864,1304,1
60864,1370,1
60864,61542,1
60864,59822,1
60864,62376,1
60864,61540,1
60870,11262,1
60870,1370,1
60870,62376,1
60870,61540,1
60882,11262,1
60882,1304,1
60882,1370,1
60882,61542,1
60882,59822,1
60882,62376,1
60882,34092,1
60882,56714,1
60882,61540,1
60888,11262,1
60888,1304,1
60888,1370,1
60888,61542,1
60888,59822,1
60888,62376,1
60888,34092,1
60888,56714,1
60888,61540,1
61215,11262,1
61215,1304,1
61215,61542,1
61215,59822,1
61215,61540,1
61305,1370,1
61305,62376,1
61344,11262,1
61344,1304,1
61344,1370,1
61344,61542,1
61344,59822,1
61344,62376,1
61344,34092,1
61344,56714,1
61344,61540,1
61347,11262,1
61347,1304,1
61347,1370,1
61347,61542,1
61347,59822,1
61347,62376,1
61347,34092,1
61347,56714,1
61347,61540,1
61353,11262,1
61353,1304,1
61353,1370,1
61353,61542,1
61353,59822,1
61353,62376,1
61353,34092,1
61353,56714,1
61353,61540,1
61482,11262,1
61482,1304,1
61482,1370,1
61482,61542,1
61482,1372,1
61482,59822,1
61482,61364,1
61482,62376,1
61482,63188,1
61482,34092,1
61482,56714,1
61482,62170,1
61482,61540,1
61629,11262,1
61629,1304,1
61629,61542,1
61629,59822,1
61629,61540,1
61692,11262,1
61692,1304,1
61692,1370,1
61692,61542,1
61692,59822,1
61692,62376,1
61692,34092,1
61692,56714,1
61692,61540,1
61824,11262,1
61824,1370,1
61824,62376,1
61824,34092,1
61824,56714,1
61824,61540,1
61899,11262,1
61899,1304,1
61899,1370,1
61899,61542,1
61899,1372,1
61899,59822,1
61899,61364,1
61899,62376,1
61899,63188,1
61899,34092,1
61899,56714,1
61899,62170,1
61899,61540,1
61902,11262,1
61902,1304,1
61902,1370,1
61902,61542,1
61902,59822,1
61902,62376,1
61902,61540,1
61908,11262,1
61908,1304,1
61908,1370,1
61908,61542,1
61908,59822,1
61908,62376,1
61908,61540,1
61935,11262,1
61935,1304,1
61935,1370,1
61935,61542,1
61935,59822,1
61935,62376,1
61935,61540,1
61977,11262,1
61977,1304,1
61977,61542,1
61977,59822,1
61977,34092,1
61977,56714,1
61977,61540,1
62337,34092,1
62337,56714,1
62337,10808,1
62337,60,1
62811,11262,1
62811,1304,1
62811,1370,1
62811,61542,1
62811,59822,1
62811,62376,1
62811,61540,1
62817,11262,1
62817,1304,1
62817,1370,1
62817,61542,1
62817,1372,1
62817,59822,1
62817,61364,1
62817,62376,1
62817,63188,1
62817,34092,1
62817,48574,1
62817,56714,1
62817,57414,1
62817,62170,1
62817,62378,1
62817,61540,1
62817,48694,1
63582,11262,1
63582,1304,1
63582,61542,1
63582,59822,1
63582,61540,1
63690,11262,1
63690,1304,1
63690,1370,1
63690,61542,1
63690,59822,1
63690,62376,1
63690,34092,1
63690,56714,1
63690,61540,1
63867,11262,1
63867,1304,1
63867,1370,1
63867,61542,1
63867,59822,1
63867,62376,1
63867,61540,1
63873,1370,1
63873,62376,1
64218,11262,1
64218,1370,1
64218,62376,1
64218,61540,1
64272,1370,1
64272,62376,1
64299,11262,1
64299,1304,1
64299,1370,1
64299,61542,1
64299,59822,1
64299,62376,1
64299,61540,1
64353,11262,1
64353,1304,1
64353,1370,1
64353,61542,1
64353,59822,1
64353,62376,1
64353,61540,1
64365,11262,1
64365,1304,1
64365,1370,1
64365,61542,1
64365,59822,1
64365,62376,1
64365,34092,1
64365,56714,1
64365,61540,1
64734,1304,1
64734,1370,1
64734,61542,1
64734,59822,1
64734,62376,1
64764,11262,1
64764,1304,1
64764,1370,1
64764,61542,1
64764,59822,1
64764,62376,1
64764,61540,1
64845,1370,1
64845,62376,1
64860,11262,1
64860,1304,1
64860,1370,1
64860,61542,1
64860,59822,1
64860,62376,1
64860,61540,1
64893,11262,1
64893,1304,1
64893,1370,1
64893,61542,1
64893,59822,1
64893,62376,1
64893,61540,1
64959,11262,1
64959,1304,1
64959,1370,1
64959,61542,1
64959,59822,1
64959,62376,1
64959,34092,1
64959,56714,1
64959,61540,1
65049,11262,1
65049,1304,1
65049,1370,1
65049,61542,1
65049,59822,1
65049,62376,1
65049,61540,1
65052,11262,1
65052,1304,1
65052,1370,1
65052,61542,1
65052,59822,1
65052,62376,1
65052,61540,1
65058,1370,1
65058,62376,1
65067,1370,1
65067,62376,1
65313,11262,1
65313,1304,1
65313,1370,1
65313,61542,1
65313,59822,1
65313,62376,1
65313,61540,1
65328,11262,1
65328,1304,1
65328,1370,1
65328,61542,1
65328,59822,1
65328,62376,1
65328,61540,1
65577,11262,1
65577,1304,1
65577,1370,1
65577,61542,1
65577,59822,1
65577,62376,1
65577,61540,1
65598,34092,1
65598,56714,1
65598,60,1
65631,11262,1
65631,1304,1
65631,1370,1
65631,61542,1
65631,59822,1
65631,62376,1
65631,34092,1
65631,56714,1
65631,61540,1
65637,11262,1
65637,1304,1
65637,1370,1
65637,61542,1
65637,59822,1
65637,62376,1
65637,34092,1
65637,56714,1
65637,61540,1
65640,11262,1
65640,1304,1
65640,1370,1
65640,61542,1
65640,59822,1
65640,62376,1
65640,34092,1
65640,56714,1
65640,61540,1
66033,11262,1
66033,1304,1
66033,1370,1
66033,61542,1
66033,59822,1
66033,62376,1
66033,61540,1
66054,11262,1
66054,1304,1
66054,1370,1
66054,61542,1
66054,59822,1
66054,62376,1
66054,34092,1
66054,56714,1
66054,61540,1
66336,11262,1
66336,1304,1
66336,1370,1
66336,61542,1
66336,59822,1
66336,62376,1
66336,34092,1
66336,56714,1
66336,61540,1
66378,11262,1
66378,1304,1
66378,61542,1
66378,59822,1
66378,34092,1
66378,56714,1
66378,61540,1
66465,11262,1
66465,1304,1
66465,1370,1
66465,61542,1
66465,59822,1
66465,62376,1
66465,34092,1
66465,56714,1
66465,61540,1
66777,11262,1
66777,1304,1
66777,1370,1
66777,61542,1
66777,59822,1
66777,62376,1
66777,34092,1
66777,56714,1
66777,61540,1
66843,11262,1
66843,1304,1
66843,1370,1
66843,61542,1
66843,59822,1
66843,62376,1
66843,34092,1
66843,56714,1
66843,61540,1
66879,11262,1
66879,1304,1
66879,1370,1
66879,61542,1
66879,59822,1
66879,62376,1
66879,34092,1
66879,56714,1
66879,61540,1
66915,11262,1
66915,1304,1
66915,1370,1
66915,61542,1
66915,59822,1
66915,62376,1
66915,34092,1
66915,56714,1
66915,61540,1
66918,11262,1
66918,1304,1
66918,1370,1
66918,61542,1
66918,59822,1
66918,62376,1
66918,34092,1
66918,56714,1
66918,61540,1
66924,11262,1
66924,1304,1
66924,1370,1
66924,61542,1
66924,59822,1
66924,62376,1
66924,34092,1
66924,56714,1
66924,61540,1
67056,11262,1
67056,1304,1
67056,1370,1
67056,61542,1
67056,59822,1
67056,62376,1
67056,34092,1
67056,56714,1
67056,61540,1
67158,11262,1
67158,1304,1
67158,1370,1
67158,61542,1
67158,59822,1
67158,62376,1
67158,61540,1
67314,11262,1
67314,1370,1
67314,62376,1
67314,61540,1
67335,11262,1
67335,1304,1
67335,1370,1
67335,61542,1
67335,59822,1
67335,62376,1
67335,34092,1
67335,56714,1
67335,61540,1
67371,11262,1
67371,1304,1
67371,1370,1
67371,61542,1
67371,59822,1
67371,62376,1
67371,34092,1
67371,56714,1
67371,61540,1
67740,11262,1
67740,1304,1
67740,1370,1
67740,61542,1
67740,59822,1
67740,62376,1
67740,34092,1
67740,56714,1
67740,61540,1
67764,11262,1
67764,1304,1
67764,1370,1
67764,61542,1
67764,59822,1
67764,62376,1
67764,34092,1
67764,56714,1
67764,61540,1
67827,11262,1
67827,1304,1
67827,1370,1
67827,61542,1
67827,59822,1
67827,62376,1
67827,61540,1
68496,11262,1
68496,1304,1
68496,1370,1
68496,61542,1
68496,59822,1
68496,62376,1
68496,34092,1
68496,56714,1
68496,61540,1
68568,11262,1
68568,1304,1
68568,1370,1
68568,61542,1
68568,59822,1
68568,62376,1
68568,34092,1
68568,56714,1
68568,61540,1
68676,11262,1
68676,1304,1
68676,1370,1
68676,61542,1
68676,59822,1
68676,62376,1
68676,61540,1
69060,11262,1
69060,1304,1
69060,1370,1
69060,61542,1
69060,59822,1
69060,62376,1
69060,61540,1
69249,11262,1
69249,1304,1
69249,1370,1
69249,61542,1
69249,59822,1
69249,62376,1
69249,61540,1
70890,11262,1
70890,61540,1
71271,11262,1
71271,1304,1
71271,1370,1
71271,61542,1
71271,59822,1
71271,62376,1
71271,34092,1
71271,56714,1
71271,61540,1
71274,11262,1
71274,1304,1
71274,1370,1
71274,61542,1
71274,59822,1
71274,62376,1
71274,34092,1
71274,56714,1
71274,61540,1
71301,11262,1
71301,1304,1
71301,1370,1
71301,61542,1
71301,59822,1
71301,62376,1
71301,34092,1
71301,56714,1
71301,61540,1
71409,1304,1
71409,1370,1
71409,61542,1
71409,59822,1
71409,62376,1
71409,34092,1
71409,56714,1
71766,11262,1
71766,1304,1
71766,1370,1
71766,61542,1
71766,59822,1
71766,62376,1
71766,34092,1
71766,56714,1
71766,61540,1
72027,1370,1
72027,62376,1
72045,11262,1
72045,1304,1
72045,1370,1
72045,61542,1
72045,1372,1
72045,59822,1
72045,61364,1
72045,62376,1
72045,63188,1
72045,34092,1
72045,56714,1
72045,62170,1
72045,61540,1
72108,11262,1
72108,1304,1
72108,1370,1
72108,61542,1
72108,59822,1
72108,62376,1
72108,34092,1
72108,56714,1
72108,61540,1
72117,11262,1
72117,1370,1
72117,62376,1
72117,34092,1
72117,56714,1
72117,61540,1
72312,11262,1
72312,1304,1
72312,1370,1
72312,61542,1
72312,59822,1
72312,62376,1
72312,34092,1
72312,56714,1
72312,61540,1
72483,11262,1
72483,1304,1
72483,1370,1
72483,61542,1
72483,59822,1
72483,62376,1
72483,34092,1
72483,56714,1
72483,61540,1
72558,11262,1
72558,1304,1
72558,1370,1
72558,61542,1
72558,59822,1
72558,62376,1
72558,34092,1
72558,56714,1
72558,61540,1
72561,1304,1
72561,1370,1
72561,61542,1
72561,59822,1
72561,62376,1
72645,11262,1
72645,1304,1
72645,1370,1
72645,61542,1
72645,59822,1
72645,62376,1
72645,61540,1
72900,11262,1
72900,1304,1
72900,1370,1
72900,61542,1
72900,59822,1
72900,62376,1
72900,34092,1
72900,48574,1
72900,56714,1
72900,57414,1
72900,62378,1
72900,61540,1
72900,48694,1
72918,11262,1
72918,1304,1
72918,1370,1
72918,61542,1
72918,59822,1
72918,62376,1
72918,61540,1
72930,10652,1
72930,11262,1
72930,1304,1
72930,1370,1
72930,44302,1
72930,49888,1
72930,61542,1
72930,1372,1
72930,30500,1
72930,50718,1
72930,59822,1
72930,61364,1
72930,62376,1
72930,63188,1
72930,34092,1
72930,48574,1
72930,50716,1
72930,56714,1
72930,57414,1
72930,63510,1
72930,60978,1
72930,62944,1
72930,61672,1
72930,62170,1
72930,62378,1
72930,62860,1
72930,61540,1
72930,56484,1
72930,48694,1
75723,1304,1
75723,1370,1
75723,61542,1
75723,59822,1
75723,62376,1
77484,11262,1
77484,1304,1
77484,1370,1
77484,61542,1
77484,59822,1
77484,62376,1
77484,34092,1
77484,56714,1
77484,61540,1
88821,11262,1
88821,1304,1
88821,1370,1
88821,61542,1
88821,59822,1
88821,62376,1
88821,61540,1
88920,11262,1
88920,1304,1
88920,1370,1
88920,61542,1
88920,59822,1
88920,62376,1
88920,34092,1
88920,56714,1
88920,61540,1
89013,1304,1
89013,1370,1
89013,61542,1
89013,59822,1
89013,62376,1
95988,1304,1
95988,1370,1
95988,61542,1
95988,59822,1
95988,62376,1
95988,34092,1
95988,56714,1
96138,1370,1
96138,62376,1
96444,11262,1
96444,1370,1
96444,62376,1
96444,61540,1
