customer_id,product_id
123150,1304
123150,1370
123150,61542
123150,59822
123150,62376
128334,11262
128334,1370
128334,1372
128334,30500
128334,50718
128334,61364
128334,62376
128334,63188
128334,34092
128334,56714
128334,62170
128334,61540
128334,56484
128469,11262
128469,1304
128469,1370
128469,61542
128469,59822
128469,62376
128469,61540
128502,10652
128502,11262
128502,1304
128502,1370
128502,33886
128502,44302
128502,49888
128502,61542
128502,1372
128502,30500
128502,50718
128502,59822
128502,61364
128502,62376
128502,63188
128502,34092
128502,48574
128502,50716
128502,56714
128502,57414
128502,62074
128502,63510
128502,50274
128502,60978
128502,62944
128502,61672
128502,62170
128502,63218
128502,62378
128502,62860
128502,63538
128502,63220
128502,61540
128502,56484
128502,48694
128526,10652
128526,11262
128526,1370
128526,44302
128526,49888
128526,1372
128526,30500
128526,50718
128526,61364
128526,62376
128526,63188
128526,124
128526,34092
128526,48574
128526,50716
128526,56714
128526,57414
128526,63510
128526,60978
128526,62944
128526,16358
128526,61672
128526,62170
128526,62378
128526,62860
128526,61540
128526,56484
128526,48694
128538,10652
128538,11262
128538,1304
128538,1370
128538,44302
128538,49888
128538,61542
128538,1372
128538,59822
128538,61364
128538,62376
128538,63188
128538,34092
128538,48574
128538,50716
128538,56714
128538,57414
128538,63510
128538,60978
128538,62944
128538,61672
128538,62170
128538,62378
128538,62860
128538,61540
128538,48694
128604,11262
128604,1304
128604,1370
128604,61542
128604,1372
128604,59822
128604,61364
128604,62376
128604,63188
128604,34092
128604,56714
128604,62170
128604,61540
128685,1370
128685,62376
128763,1370
128763,62376
128901,11262
128901,1304
128901,1370
128901,61542
128901,30500
128901,50718
128901,59822
128901,62376
128901,34092
128901,48574
128901,56714
128901,57414
128901,62378
128901,61540
128901,56484
128901,48694
129081,10652
129081,11262
129081,1304
129081,1370
129081,61542
129081,59822
129081,62376
129081,124
129081,34092
129081,48574
129081,56714
129081,57414
129081,16358
129081,61672
129081,62378
129081,61540
129081,48694
129135,11262
129135,1370
129135,1372
129135,61364
129135,62376
129135,63188
129135,34092
129135,48574
129135,56714
129135,57414
129135,62074
129135,62170
129135,62378
129135,61540
129135,48694
129153,11262
129153,1304
129153,1370
129153,61542
129153,59822
129153,62376
129153,34092
129153,48574
129153,56714
129153,57414
129153,62378
129153,61540
129153,48694
129264,11262
129264,1370
129264,62376
129264,61540
139272,11262
139272,1304
139272,61542
139272,30500
139272,50718
139272,59822
139272,34092
139272,56714
139272,61540
139272,56484
140277,1370
140277,62376
148782,11262
148782,1304
148782,61542
148782,59822
148782,61540
149634,11262
149634,1304
149634,1370
149634,61542
149634,59822
149634,62376
149634,34092
149634,48574
149634,56714
149634,57414
149634,62378
149634,61540
149634,48694
153024,1304
153024,61542
153024,59822
153048,11262
153048,1304
153048,1370
153048,61542
153048,1372
153048,59822
153048,61364
153048,62376
153048,63188
153048,34092
153048,48574
153048,56714
153048,57414
153048,62170
153048,62378
153048,61540
153048,48694
153072,1370
153072,62376
153084,11262
153084,1304
153084,1370
153084,61542
153084,59822
153084,62376
153084,61540
153138,11262
153138,1304
153138,1370
153138,61542
153138,30500
153138,50718
153138,59822
153138,62376
153138,34092
153138,56714
153138,61540
153138,56484
153141,11262
153141,1304
153141,1370
153141,61542
153141,59822
153141,62376
153141,61540
153150,1370
153150,62376
153204,11262
153204,1304
153204,1370
153204,61542
153204,59822
153204,62376
153204,61540
153279,11262
153279,1304
153279,1370
153279,61542
153279,59822
153279,62376
153279,61540
153288,1370
153288,62376
153288,34092
153288,56714
153303,10652
153303,11262
153303,1304
153303,1370
153303,44302
153303,49888
153303,61542
153303,1372
153303,30500
153303,50718
153303,59822
153303,61364
153303,62376
153303,63188
153303,34092
153303,48574
153303,50716
153303,56714
153303,57414
153303,63510
153303,35846
153303,60978
153303,62944
153303,61672
153303,62170
153303,62378
153303,62860
153303,61552
153303,61540
153303,56484
153303,48694
153309,1304
153309,1370
153309,61542
153309,59822
153309,62376
153312,11262
153312,1304
153312,1370
153312,61542
153312,59822
153312,62376
153312,34092
153312,48574
153312,56714
153312,57414
153312,62378
153312,61540
153312,48694
153315,11262
153315,1370
153315,62376
153315,61540
153381,1304
153381,1370
153381,61542
153381,1372
153381,59822
153381,61364
153381,62376
153381,63188
153381,34092
153381,56714
153381,62170
153402,11262
153402,1370
153402,62376
153402,61540
153423,1370
153423,62376
153438,1304
153438,1370
153438,61542
153438,1372
153438,59822
153438,61364
153438,62376
153438,63188
153438,62170
153600,1370
153600,62376
153642,1370
153642,62376
153645,1370
153645,62376
153756,11262
153756,1370
153756,1372
153756,30500
153756,50718
153756,54096
153756,61364
153756,62376
153756,63188
153756,34092
153756,56714
153756,35846
153756,42132
153756,62170
153756,63186
153756,59816
153756,61552
153756,61540
153756,56484
153765,1370
153765,62376
153792,10652
153792,11262
153792,1370
153792,62376
153792,61672
153792,61540
153867,1304
153867,1370
153867,61542
153867,59822
153867,62376
153867,34092
153867,48574
153867,56714
153867,57414
153867,62378
153867,48694
153882,1370
153882,62376
153885,11262
153885,1304
153885,1370
153885,61542
153885,1372
153885,30500
153885,50718
153885,59822
153885,61364
153885,62376
153885,63188
153885,34092
153885,48574
153885,56714
153885,57414
153885,62074
153885,62170
153885,62378
153885,61540
153885,56484
153885,48694
153888,1304
153888,1370
153888,61542
153888,59822
153888,62376
153960,1304
153960,1370
153960,61542
153960,1372
153960,59822
153960,61364
153960,62376
153960,63188
153960,48574
153960,57414
153960,62170
153960,62378
153960,48694
153999,1370
153999,62376
154011,11262
154011,1304
154011,1370
154011,61542
154011,30500
154011,50718
154011,59822
154011,62376
154011,34092
154011,48574
154011,56714
154011,57414
154011,62378
154011,61540
154011,56484
154011,48694
154032,1304
154032,1370
154032,61542
154032,59822
154032,62376
154032,35846
154032,61552
154041,11262
154041,1304
154041,1370
154041,61542
154041,59822
154041,62376
154041,61540
154068,11262
154068,1304
154068,1370
154068,61542
154068,1372
154068,59822
154068,61364
154068,62376
154068,63188
154068,48574
154068,57414
154068,62170
154068,62378
154068,61540
154068,48694
154077,11262
154077,1304
154077,1370
154077,61542
154077,59822
154077,62376
154077,34092
154077,56714
154077,61540
154098,11262
154098,1304
154098,1370
154098,61542
154098,59822
154098,62376
154098,61540
154113,11262
154113,1304
154113,1370
154113,61542
154113,59822
154113,62376
154113,61540
154119,1370
154119,1372
154119,61364
154119,62376
154119,63188
154119,62170
154146,11262
154146,1304
154146,1370
154146,61542
154146,1372
154146,59822
154146,61364
154146,62376
154146,63188
154146,34092
154146,56714
154146,62170
154146,61540
154167,11262
154167,1304
154167,1370
154167,61542
154167,1372
154167,59822
154167,61364
154167,62376
154167,63188
154167,48574
154167,57414
154167,62074
154167,62170
154167,10808
154167,62378
154167,61540
154167,48694
154245,11262
154245,1370
154245,62376
154245,61540
154275,11262
154275,1304
154275,1370
154275,61542
154275,59822
154275,62376
154275,34092
154275,56714
154275,61540
154374,1370
154374,62376
154404,1370
154404,62376
154434,1370
154434,1372
154434,61364
154434,62376
154434,63188
154434,62170
154473,1304
154473,1370
154473,61542
154473,59822
154473,62376
154476,1370
154476,62376
154485,11262
154485,1370
154485,62376
154485,61540
154494,11262
154494,1304
154494,1370
154494,61542
154494,59822
154494,62376
154494,61540
154506,1370
154506,62376
154509,11262
154509,1370
154509,62376
154509,61540
154518,1370
154518,62376
154542,1304
154542,1370
154542,61542
154542,1372
154542,59822
154542,61364
154542,62376
154542,63188
154542,62170
154551,11262
154551,1304
154551,1370
154551,61542
154551,1372
154551,59822
154551,61364
154551,62376
154551,63188
154551,62170
154551,61540
154560,1304
154560,1370
154560,61542
154560,59822
154560,62376
154578,11262
154578,1304
154578,1370
154578,61542
154578,1372
154578,59822
154578,61364
154578,62376
154578,63188
154578,34092
154578,56714
154578,62170
154578,61540
154665,1370
154665,1372
154665,61364
154665,62376
154665,63188
154665,62170
154698,34092
154698,56714
154698,50274
154698,57804
154698,10808
154698,36720
154698,60
154698,36722
154698,36762
154707,11262
154707,1304
154707,1370
154707,61542
154707,1372
154707,30500
154707,50718
154707,59822
154707,61364
154707,62376
154707,63188
154707,124
154707,34092
154707,56714
154707,16358
154707,62170
154707,61540
154707,56484
154743,1304
154743,61542
154743,1372
154743,59822
154743,61364
154743,63188
154743,62170
154758,11262
154758,1370
154758,62376
154758,61540
154770,1304
154770,1370
154770,61542
154770,1372
154770,59822
154770,61364
154770,62376
154770,63188
154770,48574
154770,57414
154770,62170
154770,62378
154770,48694
154797,10652
154797,11262
154797,1304
154797,1370
154797,61542
154797,1372
154797,30500
154797,50718
154797,54096
154797,59822
154797,61364
154797,62376
154797,63188
154797,34092
154797,48574
154797,56714
154797,57414
154797,42132
154797,61672
154797,62170
154797,63186
154797,59816
154797,62378
154797,61540
154797,56484
154797,48694
154803,1304
154803,1370
154803,61542
154803,1372
154803,59822
154803,61364
154803,62376
154803,63188
154803,62170
154821,11262
154821,1370
154821,62376
154821,61540
154869,11262
154869,1304
154869,1370
154869,61542
154869,59822
154869,62376
154869,61540
154881,11262
154881,1304
154881,1370
154881,61542
154881,1372
154881,59822
154881,61364
154881,62376
154881,63188
154881,48574
154881,57414
154881,62170
154881,62378
154881,61540
154881,48694
154887,11262
154887,1304
154887,1370
154887,61542
154887,1372
154887,59822
154887,61364
154887,62376
154887,63188
154887,62170
154887,61540
154890,10652
154890,11262
154890,1304
154890,1370
154890,33886
154890,44302
154890,49888
154890,61542
154890,1372
154890,30500
154890,50718
154890,59822
154890,61364
154890,62376
154890,63188
154890,34092
154890,48574
154890,50716
154890,56714
154890,57414
154890,63510
154890,60978
154890,62944
154890,61672
154890,62170
154890,63218
154890,62378
154890,62860
154890,63538
154890,63220
154890,61540
154890,56484
154890,48694
154953,11262
154953,1370
154953,62376
154953,61540
154956,11262
154956,1304
154956,1370
154956,61542
154956,59822
154956,62376
154956,61540
155043,1370
155043,62376
155052,1370
155052,62376
155055,1370
155055,62376
155055,34092
155055,48574
155055,56714
155055,57414
155055,62378
155055,48694
155085,1304
155085,1370
155085,61542
155085,59822
155085,62376
155085,34092
155085,56714
155097,11262
155097,1304
155097,1370
155097,61542
155097,1372
155097,59822
155097,61364
155097,62376
155097,63188
155097,34092
155097,56714
155097,62170
155097,61540
155100,1370
155100,62376
155106,11262
155106,1370
155106,62376
155106,61540
155271,1370
155271,62376
155388,11262
155388,1370
155388,62376
155388,61540
155403,11262
155403,1304
155403,61542
155403,59822
155403,61540
155556,11262
155556,1304
155556,1370
155556,61542
155556,30500
155556,50718
155556,59822
155556,62376
155556,34092
155556,48574
155556,56714
155556,57414
155556,62378
155556,61540
155556,56484
155556,48694
156024,1370
156024,62376
156057,10652
156057,11262
156057,1304
156057,1370
156057,44302
156057,49888
156057,61542
156057,1372
156057,30500
156057,39186
156057,50718
156057,54096
156057,59822
156057,61364
156057,62376
156057,63188
156057,34092
156057,48574
156057,50716
156057,56714
156057,57414
156057,63510
156057,50270
156057,50274
156057,59396
156057,60978
156057,61028
156057,62274
156057,62618
156057,62944
156057,42132
156057,61672
156057,62170
156057,62400
156057,63186
156057,63418
156057,10808
156057,59816
156057,62378
156057,62860
156057,55798
156057,61540
156057,56484
156057,48694
156063,1304
156063,1370
156063,61542
156063,59822
156063,62376
156225,1370
156225,62376
156486,11262
156486,1304
156486,1370
156486,61542
156486,1372
156486,30500
156486,50718
156486,59822
156486,61364
156486,62376
156486,63188
156486,34092
156486,48574
156486,56714
156486,57414
156486,62074
156486,62170
156486,62378
156486,61540
156486,56484
156486,48694
157185,11262
157185,1304
157185,1370
157185,61542
157185,59822
157185,62376
157185,34092
157185,56714
157185,61540
157224,11262
157224,1304
157224,1370
157224,61542
157224,30500
157224,50718
157224,59822
157224,62376
157224,34092
157224,48574
157224,56714
157224,57414
157224,35846
157224,62378
157224,61552
157224,61540
157224,56484
157224,48694
157398,11262
157398,1304
157398,1370
157398,61542
157398,1372
157398,59822
157398,61364
157398,62376
157398,63188
157398,62170
157398,61540
157416,1370
157416,62376
157500,11262
157500,1304
157500,1370
157500,61542
157500,1372
157500,30500
157500,50718
157500,59822
157500,61364
157500,62376
157500,63188
157500,34092
157500,48574
157500,56714
157500,57414
157500,62170
157500,62378
157500,61540
157500,56484
157500,48694
157680,1304
157680,1370
157680,61542
157680,59822
157680,62376
157767,11262
157767,1304
157767,1370
157767,61542
157767,30500
157767,50718
157767,59822
157767,62376
157767,34092
157767,48574
157767,56714
157767,57414
157767,62378
157767,61540
157767,56484
157767,48694
157854,34092
157854,56714
157854,50274
157938,11262
157938,1304
157938,1370
157938,61542
157938,59822
157938,62376
157938,34092
157938,56714
157938,61540
158016,11262
158016,1304
158016,61542
158016,59822
158016,62074
158016,61540
158274,11262
158274,1370
158274,62376
158274,34092
158274,56714
158274,61540
158499,11262
158499,1304
158499,1370
158499,61542
158499,59822
158499,62376
158499,34092
158499,56714
158499,61540
158610,11262
158610,61540
158658,1370
158658,62376
158685,1370
158685,62376
158742,11262
158742,1304
158742,1370
158742,61542
158742,59822
158742,62376
158742,61540
158766,11262
158766,61540
159033,11262
159033,1370
159033,62376
159033,34092
159033,56714
159033,61540
159831,1370
159831,1372
159831,61364
159831,62376
159831,63188
159831,48574
159831,57414
159831,62170
159831,62378
159831,48694
160029,11262
160029,1304
160029,1370
160029,61542
160029,1372
160029,59822
160029,61364
160029,62376
160029,63188
160029,34092
160029,48574
160029,56714
160029,57414
160029,62170
160029,62378
160029,61540
160029,48694
160770,11262
160770,1304
160770,1370
160770,61542
160770,59822
160770,62376
160770,61540
161058,1370
161058,62376
161208,11262
161208,1304
161208,1370
161208,61542
161208,59822
161208,62376
161208,61540
161283,11262
161283,1304
161283,1370
161283,61542
161283,59822
161283,62376
161283,61540
161403,11262
161403,1304
161403,1370
161403,61542
161403,59822
161403,62376
161403,34092
161403,56714
161403,61540
161526,11262
161526,1370
161526,62376
161526,61540
161667,11262
161667,1304
161667,1370
161667,61542
161667,1372
161667,59822
161667,61364
161667,62376
161667,63188
161667,34092
161667,56714
161667,62170
161667,61540
161787,1304
161787,1370
161787,61542
161787,59822
161787,62376
162603,11262
162603,1304
162603,1370
162603,61542
162603,59822
162603,62376
162603,34092
162603,56714
162603,61540
162624,1304
162624,1370
162624,61542
162624,59822
162624,62376
162795,1304
162795,1370
162795,61542
162795,59822
162795,62376
162810,11262
162810,1370
162810,30500
162810,50718
162810,62376
162810,50274
162810,61540
162810,56484
162843,10652
162843,11262
162843,1304
162843,1370
162843,61542
162843,1372
162843,59822
162843,61364
162843,62376
162843,63188
162843,34092
162843,56714
162843,61672
162843,62170
162843,61540
162957,1304
162957,1370
162957,61542
162957,59822
162957,62376
162960,11262
162960,61540
162984,11262
162984,61540
163044,1370
163044,30500
163044,50718
163044,62376
163044,56484
163101,10652
163101,11262
163101,1304
163101,1370
163101,61542
163101,1372
163101,30500
163101,50718
163101,59822
163101,61364
163101,62376
163101,63188
163101,34092
163101,48574
163101,56714
163101,57414
163101,61672
163101,62170
163101,62378
163101,61540
163101,56484
163101,48694
163131,10652
163131,11262
163131,1304
163131,1370
163131,35732
163131,44302
163131,49888
163131,61542
163131,1372
163131,30500
163131,39186
163131,50718
163131,59822
163131,61364
163131,61558
163131,61560
163131,62376
163131,63188
163131,124
163131,34092
163131,48574
163131,50716
163131,56714
163131,57414
163131,63510
163131,56696
163131,60978
163131,61028
163131,62944
163131,16358
163131,61672
163131,62170
163131,62400
163131,63418
163131,62378
163131,62860
163131,50268
163131,61540
163131,56484
163131,48694
163251,1370
163251,62376
163251,34092
163251,56714
163377,11262
163377,1370
163377,62376
163377,61540
163578,11262
163578,1370
163578,62376
163578,61540
164007,11262
164007,1304
164007,1370
164007,61542
164007,59822
164007,62376
164007,61540
164064,11262
164064,1304
164064,1370
164064,61542
164064,1372
164064,59822
164064,61364
164064,62376
164064,63188
164064,48574
164064,57414
164064,62170
164064,62378
164064,61540
164064,48694
164337,11262
164337,1304
164337,1370
164337,61542
164337,59822
164337,62376
164337,34092
164337,48574
164337,56714
164337,57414
164337,62378
164337,61540
164337,48694
164457,1304
164457,1370
164457,61542
164457,1372
164457,59822
164457,61364
164457,62376
164457,63188
164457,34092
164457,48574
164457,56714
164457,57414
164457,62170
164457,62378
164457,48694
164541,1304
164541,1370
164541,61542
164541,59822
164541,62376
164631,1370
164631,62376
164640,1304
164640,1370
164640,61542
164640,59822
164640,62376
164661,11262
164661,1304
164661,1370
164661,61542
164661,59822
164661,62376
164661,34092
164661,56714
164661,61540
164871,1370
164871,62376
164970,11262
164970,1304
164970,1370
164970,61542
164970,59822
164970,62376
164970,61540
165045,11262
165045,1304
165045,1370
165045,61542
165045,1372
165045,59822
165045,61364
165045,62376
165045,63188
165045,34092
165045,56714
165045,62170
165045,61540
165126,11262
165126,1304
165126,1370
165126,61542
165126,59822
165126,62376
165126,34092
165126,56714
165126,61540
165132,11262
165132,1304
165132,1370
165132,61542
165132,59822
165132,62376
165132,61540
165183,1370
165183,62376
165312,1370
165312,62376
165684,1304
165684,1370
165684,61542
165684,59822
165684,62376
165687,11262
165687,1304
165687,1370
165687,61542
165687,59822
165687,62376
165687,124
165687,35846
165687,16358
165687,61552
165687,61540
165717,11262
165717,1304
165717,1370
165717,61542
165717,59822
165717,62376
165717,61540
165726,1372
165726,61364
165726,63188
165726,62170
165744,1304
165744,1370
165744,61542
165744,59822
165744,62376
165744,124
165744,34092
165744,56714
165744,16358
165750,11262
165750,1304
165750,1370
165750,61542
165750,1372
165750,30500
165750,50718
165750,59822
165750,61364
165750,62376
165750,63188
165750,62074
165750,35846
165750,33534
165750,62170
165750,61552
165750,61540
165750,56484
165762,11262
165762,1304
165762,1370
165762,61542
165762,59822
165762,62376
165762,124
165762,34092
165762,56714
165762,62074
165762,35846
165762,16358
165762,33534
165762,61552
165762,61540
165927,11262
165927,1304
165927,1370
165927,61542
165927,59822
165927,62376
165927,34092
165927,56714
165927,61540
166002,11262
166002,1304
166002,1370
166002,61542
166002,59822
166002,62376
166002,61540
166005,11262
166005,1304
166005,1370
166005,61542
166005,59822
166005,62376
166005,34092
166005,56714
166005,61540
166029,11262
166029,1304
166029,1370
166029,61542
166029,1372
166029,59822
166029,61364
166029,62376
166029,63188
166029,62170
166029,61540
166128,10652
166128,11262
166128,1304
166128,1370
166128,61542
166128,1372
166128,30500
166128,50718
166128,59822
166128,61364
166128,62376
166128,63188
166128,34092
166128,48574
166128,56714
166128,57414
166128,61672
166128,62170
166128,62378
166128,61540
166128,56484
166128,48694
166356,1304
166356,61542
166356,59822
166362,1370
166362,62376
166362,34092
166362,56714
166437,11262
166437,1370
166437,1372
166437,61364
166437,62376
166437,63188
166437,34092
166437,48574
166437,56714
166437,57414
166437,62170
166437,62378
166437,61540
166437,48694
166599,11262
166599,1370
166599,62376
166599,61540
166995,11262
166995,1304
166995,1370
166995,35732
166995,61542
166995,1372
166995,30500
166995,50718
166995,59822
166995,61364
166995,61558
166995,61560
166995,62376
166995,63188
166995,34092
166995,48574
166995,56714
166995,57414
166995,35846
166995,56696
166995,62170
166995,62378
166995,50268
166995,61552
166995,61540
166995,56484
166995,48694
167082,1370
167082,62376
167136,11262
167136,1370
167136,62376
167136,61540
167256,1370
167256,62376
167316,10652
167316,11262
167316,1304
167316,1370
167316,44302
167316,49888
167316,61542
167316,1372
167316,30500
167316,50718
167316,59822
167316,61364
167316,62376
167316,63188
167316,124
167316,34092
167316,48574
167316,50716
167316,56714
167316,57414
167316,63510
167316,60978
167316,62944
167316,16358
167316,61672
167316,62170
167316,62378
167316,62860
167316,61540
167316,56484
167316,48694
167364,11262
167364,61540
167451,11262
167451,1304
167451,1370
167451,61542
167451,59822
167451,62376
167451,61540
167571,11262
167571,1370
167571,62376
167571,34092
167571,56714
167571,61540
167652,1370
167652,62376
167676,11262
167676,61540
171372,11262
171372,1370
171372,1372
171372,61364
171372,62376
171372,63188
171372,62170
171372,61540
171684,1304
171684,1370
171684,61542
171684,59822
171684,62376
171702,11262
171702,1304
171702,1370
171702,61542
171702,59822
171702,62376
171702,61540
171939,11262
171939,1370
171939,62376
171939,34092
171939,56714
171939,61540
172008,34092
172008,56714
172008,60
172035,11262
172035,1304
172035,1370
172035,61542
172035,1372
172035,30500
172035,50718
172035,59822
172035,61364
172035,62376
172035,63188
172035,34092
172035,48574
172035,56714
172035,57414
172035,62170
172035,62378
172035,3382
172035,61540
172035,56484
172035,48694
172056,11262
172056,1304
172056,1370
172056,61542
172056,1372
172056,59822
172056,61364
172056,62376
172056,63188
172056,34092
172056,56714
172056,62170
172056,61540
172161,10652
172161,11262
172161,1304
172161,1370
172161,44302
172161,49888
172161,61542
172161,1372
172161,30500
172161,50718
172161,59822
172161,61364
172161,62376
172161,63188
172161,34092
172161,48574
172161,50716
172161,56714
172161,57414
172161,63510
172161,60978
172161,62944
172161,61672
172161,62170
172161,62378
172161,62860
172161,61540
172161,56484
172161,48694
172419,11262
172419,1370
172419,62376
172419,34092
172419,56714
172419,61540
172503,11262
172503,1304
172503,1370
172503,61542
172503,1372
172503,59822
172503,61364
172503,62376
172503,63188
172503,48574
172503,57414
172503,62170
172503,62378
172503,61540
172503,48694
172587,1304
172587,1370
172587,61542
172587,59822
172587,62376
172590,11262
172590,1304
172590,1370
172590,61542
172590,59822
172590,62376
172590,61540
172695,11262
172695,1304
172695,1370
172695,61542
172695,59822
172695,62376
172695,61540
172704,10652
172704,11262
172704,1370
172704,44302
172704,49888
172704,1372
172704,30500
172704,39186
172704,50718
172704,54096
172704,61364
172704,62376
172704,63188
172704,34092
172704,50716
172704,56714
172704,63510
172704,50270
172704,50274
172704,59396
172704,60978
172704,61028
172704,62274
172704,62618
172704,62944
172704,42132
172704,57804
172704,61672
172704,62170
172704,62400
172704,63186
172704,63418
172704,59816
172704,62860
172704,36720
172704,55798
172704,36722
172704,36762
172704,61540
172704,56484
172719,11262
172719,1370
172719,62376
172719,61540
173613,1370
173613,62376
173796,1370
173796,62376
173940,11262
173940,1304
173940,1370
173940,61542
173940,1372
173940,59822
173940,61364
173940,62376
173940,63188
173940,62170
173940,61540
174087,1370
174087,62376
174195,1370
174195,62376
174279,11262
174279,1370
174279,62376
174279,61540
174468,10652
174468,11262
174468,1304
174468,1370
174468,44302
174468,49888
174468,61542
174468,1372
174468,30500
174468,50718
174468,59822
174468,61364
174468,62376
174468,63188
174468,34092
174468,48574
174468,50716
174468,56714
174468,57414
174468,63510
174468,35846
174468,60978
174468,62944
174468,61672
174468,62170
174468,62378
174468,62860
174468,61552
174468,61540
174468,56484
174468,48694
174513,11262
174513,1304
174513,1370
174513,61542
174513,59822
174513,62376
174513,34092
174513,48574
174513,56714
174513,57414
174513,62378
174513,61540
174513,48694
175239,11262
175239,61540
175266,11262
175266,1304
175266,1370
175266,61542
175266,59822
175266,62376
175266,61540
175293,11262
175293,1304
175293,1370
175293,61542
175293,59822
175293,62376
175293,61540
175809,1370
175809,62376
175815,1370
175815,62376
175878,1304
175878,1370
175878,61542
175878,59822
175878,62376
175878,34092
175878,56714
175899,1370
175899,62376
176319,1370
176319,62376
176403,10652
176403,11262
176403,1304
176403,1370
176403,33886
176403,35732
176403,44302
176403,49888
176403,61542
176403,1372
176403,30500
176403,39186
176403,50718
176403,52918
176403,54096
176403,54290
176403,59822
176403,61364
176403,61558
176403,61560
176403,62376
176403,63188
176403,124
176403,34092
176403,48574
176403,50716
176403,56714
176403,57414
176403,63510
176403,35846
176403,46632
176403,50272
176403,50274
176403,51974
176403,56696
176403,59394
176403,60522
176403,60978
176403,61028
176403,62944
176403,16358
176403,32496
176403,42132
176403,48298
176403,48980
176403,57804
176403,61280
176403,61348
176403,61672
176403,62170
176403,62400
176403,63186
176403,63218
176403,63360
176403,63418
176403,10808
176403,59816
176403,62378
176403,62860
176403,36720
176403,3382
176403,50268
176403,53386
176403,62616
176403,61552
176403,62276
176403,63538
176403,62614
176403,36722
176403,36762
176403,63220
176403,61540
176403,56484
176403,48694
176403,10790
176472,10652
176472,11262
176472,1304
176472,1370
176472,35732
176472,61542
176472,1372
176472,30500
176472,50718
176472,59822
176472,61364
176472,61558
176472,61560
176472,62376
176472,63188
176472,34092
176472,48574
176472,56714
176472,57414
176472,56696
176472,61672
176472,62170
176472,62378
176472,50268
176472,61540
176472,56484
176472,48694
176577,1304
176577,1370
176577,61542
176577,59822
176577,62376
176577,34092
176577,56714
176607,1370
176607,62376
176643,1304
176643,1370
176643,61542
176643,59822
176643,62376
176643,34092
176643,56714
177474,1304
177474,1370
177474,61542
177474,59822
177474,62376
177672,11262
177672,1304
177672,1370
177672,61542
177672,1372
177672,59822
177672,61364
177672,62376
177672,63188
177672,34092
177672,48574
177672,56714
177672,57414
177672,50274
177672,62170
177672,62378
177672,61540
177672,48694
177873,1304
177873,1370
177873,61542
177873,59822
177873,62376
177873,34092
177873,56714
177903,11262
177903,1370
177903,62376
177903,61540
177951,1370
177951,62376
178068,11262
178068,1370
178068,62376
178068,61540
178230,11262
178230,1370
178230,62376
178230,34092
178230,56714
178230,61540
178257,11262
178257,1304
178257,1370
178257,61542
178257,59822
178257,62376
178257,34092
178257,48574
178257,56714
178257,57414
178257,62378
178257,61540
178257,48694
178458,10652
178458,11262
178458,1304
178458,1370
178458,44302
178458,49888
178458,61542
178458,1372
178458,30500
178458,39186
178458,50718
178458,54096
178458,59822
178458,61364
178458,62376
178458,63188
178458,34092
178458,48574
178458,50716
178458,56714
178458,57414
178458,63510
178458,50270
178458,50274
178458,59396
178458,60978
178458,61028
178458,62274
178458,62618
178458,62944
178458,42132
178458,61672
178458,62170
178458,62400
178458,63186
178458,63418
178458,59816
178458,62378
178458,62860
178458,55798
178458,61540
178458,56484
178458,48694
178761,11262
178761,1370
178761,62376
178761,61540
178830,10652
178830,11262
178830,1304
178830,1370
178830,44302
178830,49888
178830,61542
178830,1372
178830,30500
178830,39186
178830,50718
178830,54096
178830,59822
178830,61364
178830,62376
178830,63188
178830,124
178830,34092
178830,48574
178830,50716
178830,56714
178830,57414
178830,63510
178830,50274
178830,60978
178830,61028
178830,62944
178830,16358
178830,42132
178830,61672
178830,62170
178830,62400
178830,63186
178830,63418
178830,59816
178830,62378
178830,62860
178830,61540
178830,56484
178830,48694
178938,1370
178938,62376
179088,1304
179088,1370
179088,61542
179088,59822
179088,62376
179436,1304
179436,61542
179436,59822
179496,11262
179496,1304
179496,1370
179496,61542
179496,59822
179496,62376
179496,61540
179790,11262
179790,1304
179790,1370
179790,61542
179790,59822
179790,62376
179790,61540
179838,11262
179838,1304
179838,61542
179838,59822
179838,124
179838,35846
179838,16358
179838,61552
179838,61540
179853,11262
179853,44302
179853,49888
179853,50716
179853,63510
179853,50274
179853,60978
179853,62944
179853,10808
179853,62860
179853,61540
180195,1370
180195,62376
180495,11262
180495,1304
180495,1370
180495,61542
180495,59822
180495,62376
180495,61540
181101,11262
181101,1304
181101,1370
181101,44302
181101,49888
181101,61542
181101,1372
181101,30500
181101,50718
181101,59822
181101,61364
181101,62376
181101,63188
181101,34092
181101,48574
181101,50716
181101,56714
181101,57414
181101,63510
181101,50274
181101,60978
181101,62944
181101,62170
181101,62378
181101,62860
181101,61540
181101,56484
181101,48694
181110,34092
181110,56714
181110,50274
181149,11262
181149,1304
181149,1370
181149,61542
181149,59822
181149,62376
181149,34092
181149,48574
181149,56714
181149,57414
181149,62378
181149,61540
181149,48694
181371,11262
181371,1370
181371,1372
181371,61364
181371,62376
181371,63188
181371,34092
181371,56714
181371,62170
181371,61540
181593,11262
181593,34092
181593,56714
181593,61540
181662,11262
181662,1304
181662,1370
181662,61542
181662,1372
181662,59822
181662,61364
181662,62376
181662,63188
181662,62170
181662,61540
181704,1370
181704,62376
181746,1370
181746,62376
181860,11262
181860,1304
181860,1370
181860,61542
181860,59822
181860,62376
181860,61540
182292,10652
182292,11262
182292,1304
182292,1370
182292,61542
182292,1372
182292,59822
182292,61364
182292,62376
182292,63188
182292,124
182292,34092
182292,48574
182292,56714
182292,57414
182292,50274
182292,16358
182292,61672
182292,62170
182292,62378
182292,61540
182292,48694
182295,11262
182295,1304
182295,1370
182295,61542
182295,59822
182295,62376
182295,61540
182565,10652
182565,11262
182565,1304
182565,1370
182565,44302
182565,49888
182565,61542
182565,1372
182565,30500
182565,50718
182565,59822
182565,61364
182565,62376
182565,63188
182565,34092
182565,48574
182565,50716
182565,56714
182565,57414
182565,62074
182565,63510
182565,46632
182565,60978
182565,62944
182565,48980
182565,61672
182565,62170
182565,62378
182565,62860
182565,61540
182565,56484
182565,48694
183105,10652
183105,11262
183105,1304
183105,1370
183105,33886
183105,35732
183105,44302
183105,49888
183105,61542
183105,1372
183105,30500
183105,39186
183105,50718
183105,52918
183105,54096
183105,54290
183105,59822
183105,61364
183105,61558
183105,61560
183105,62376
183105,63188
183105,124
183105,34092
183105,48574
183105,50716
183105,56714
183105,57414
183105,63510
183105,35846
183105,50270
183105,50272
183105,50274
183105,51974
183105,56696
183105,59394
183105,59396
183105,60522
183105,60978
183105,61028
183105,62274
183105,62618
183105,62944
183105,16358
183105,32496
183105,42132
183105,48298
183105,57804
183105,61280
183105,61348
183105,61672
183105,62170
183105,62400
183105,63186
183105,63218
183105,63360
183105,63418
183105,10808
183105,59816
183105,62378
183105,62860
183105,36720
183105,3382
183105,50268
183105,53386
183105,62616
183105,61552
183105,55798
183105,62276
183105,63538
183105,62614
183105,36722
183105,36762
183105,63220
183105,61540
183105,56484
183105,48694
183105,10790
183195,10652
183195,11262
183195,1304
183195,1370
183195,61542
183195,1372
183195,30500
183195,50718
183195,59822
183195,61364
183195,62376
183195,63188
183195,34092
183195,48574
183195,56714
183195,57414
183195,62074
183195,50274
183195,61672
183195,62170
183195,62378
183195,61540
183195,56484
183195,48694
183213,10652
183213,11262
183213,1304
183213,1370
183213,44302
183213,49888
183213,61542
183213,1372
183213,30500
183213,39186
183213,50718
183213,54096
183213,59822
183213,61364
183213,62376
183213,63188
183213,124
183213,34092
183213,48574
183213,50716
183213,56714
183213,57414
183213,62074
183213,63510
183213,35846
183213,50274
183213,60978
183213,61028
183213,62944
183213,16358
183213,33534
183213,42132
183213,57804
183213,61672
183213,62170
183213,62400
183213,63186
183213,63418
183213,59816
183213,62378
183213,62860
183213,36720
183213,3382
183213,61552
183213,36722
183213,36762
183213,61540
183213,56484
183213,48694
183387,11262
183387,1304
183387,1370
183387,61542
183387,1372
183387,30500
183387,50718
183387,59822
183387,61364
183387,62376
183387,63188
183387,34092
183387,48574
183387,56714
183387,57414
183387,62170
183387,62378
183387,61540
183387,56484
183387,48694
183450,11262
183450,1370
183450,1372
183450,30500
183450,50718
183450,61364
183450,62376
183450,63188
183450,34092
183450,48574
183450,56714
183450,57414
183450,62170
183450,62378
183450,61540
183450,56484
183450,48694
183459,11262
183459,61540
183468,11262
183468,1304
183468,61542
183468,1372
183468,59822
183468,61364
183468,63188
183468,62170
183468,61540
183489,10652
183489,11262
183489,1304
183489,1370
183489,44302
183489,49888
183489,61542
183489,1372
183489,30500
183489,39186
183489,50718
183489,54096
183489,59822
183489,61364
183489,62376
183489,63188
183489,124
183489,34092
183489,48574
183489,50716
183489,56714
183489,57414
183489,63510
183489,50274
183489,60978
183489,61028
183489,62944
183489,16358
183489,42132
183489,61672
183489,62170
183489,62400
183489,63186
183489,63418
183489,59816
183489,62378
183489,62860
183489,61540
183489,56484
183489,48694
183492,10652
183492,11262
183492,1304
183492,1370
183492,44302
183492,49888
183492,61542
183492,1372
183492,30500
183492,39186
183492,50718
183492,50720
183492,59822
183492,61364
183492,62376
183492,63188
183492,34092
183492,48574
183492,50716
183492,56714
183492,57414
183492,63510
183492,60978
183492,61028
183492,62944
183492,61672
183492,62170
183492,62400
183492,63418
183492,62378
183492,62860
183492,61540
183492,56484
183492,48694
183573,11262
183573,1304
183573,1370
183573,61542
183573,1372
183573,30500
183573,50718
183573,59822
183573,61364
183573,62376
183573,63188
183573,34092
183573,48574
183573,56714
183573,57414
183573,62170
183573,62378
183573,61540
183573,56484
183573,48694
183576,11262
183576,1304
183576,1370
183576,61542
183576,59822
183576,62376
183576,61540
183645,11262
183645,1304
183645,1370
183645,61542
183645,59822
183645,62376
183645,61540
183666,11262
183666,1304
183666,1370
183666,61542
183666,59822
183666,62376
183666,61540
183672,11262
183672,1304
183672,1370
183672,61542
183672,59822
183672,62376
183672,61540
183675,11262
183675,1304
183675,1370
183675,61542
183675,59822
183675,62376
183675,124
183675,35846
183675,16358
183675,61552
183675,61540
183789,11262
183789,1304
183789,1370
183789,61542
183789,59822
183789,62376
183789,61540
183912,1304
183912,1370
183912,61542
183912,59822
183912,62376
183921,1304
183921,1370
183921,61542
183921,59822
183921,62376
184104,1370
184104,62376
184113,11262
184113,1304
184113,1370
184113,61542
184113,59822
184113,62376
184113,61540
184485,1370
184485,62376
184488,1304
184488,61542
184488,59822
184509,1370
184509,62376
184605,11262
184605,1370
184605,62376
184605,34092
184605,56714
184605,61540
184635,11262
184635,1304
184635,1370
184635,61542
184635,59822
184635,62376
184635,61540
184674,1370
184674,62376
184698,1304
184698,1370
184698,61542
184698,1372
184698,59822
184698,61364
184698,62376
184698,63188
184698,62170
184710,1304
184710,1370
184710,61542
184710,59822
184710,62376
184713,11262
184713,1304
184713,1370
184713,61542
184713,59822
184713,62376
184713,34092
184713,56714
184713,61540
184863,11262
184863,1370
184863,30500
184863,39186
184863,50718
184863,54096
184863,62376
184863,34092
184863,56714
184863,50274
184863,61028
184863,42132
184863,62400
184863,63186
184863,63418
184863,59816
184863,61540
184863,56484
184950,11262
184950,1304
184950,1370
184950,61542
184950,1372
184950,59822
184950,61364
184950,62376
184950,63188
184950,34092
184950,56714
184950,62170
184950,61540
185067,11262
185067,1304
185067,1370
185067,61542
185067,1372
185067,59822
185067,61364
185067,62376
185067,63188
185067,34092
185067,56714
185067,62170
185067,61540
185244,1304
185244,1370
185244,61542
185244,1372
185244,59822
185244,61364
185244,62376
185244,63188
185244,62170
185817,1370
185817,62376
186078,11262
186078,1304
186078,1370
186078,61542
186078,1372
186078,59822
186078,61364
186078,62376
186078,63188
186078,62170
186078,61540
186174,10652
186174,11262
186174,1304
186174,1370
186174,33886
186174,35732
186174,44302
186174,49888
186174,61542
186174,1372
186174,30500
186174,39186
186174,50718
186174,54096
186174,59822
186174,61364
186174,61558
186174,61560
186174,62376
186174,63188
186174,124
186174,34092
186174,48574
186174,50716
186174,56714
186174,57414
186174,63510
186174,35846
186174,50270
186174,50272
186174,50274
186174,56696
186174,59394
186174,59396
186174,60522
186174,60978
186174,61028
186174,62274
186174,62618
186174,62944
186174,16358
186174,33534
186174,42132
186174,57804
186174,61280
186174,61672
186174,62170
186174,62400
186174,63186
186174,63218
186174,63418
186174,10808
186174,59816
186174,62378
186174,62860
186174,36720
186174,3382
186174,50268
186174,62616
186174,61552
186174,55798
186174,63538
186174,36722
186174,36762
186174,63220
186174,61540
186174,56484
186174,48694
186174,10790
186177,11262
186177,1304
186177,1370
186177,61542
186177,59822
186177,62376
186177,34092
186177,48574
186177,56714
186177,57414
186177,62378
186177,61540
186177,48694
186216,11262
186216,1304
186216,1370
186216,61542
186216,1372
186216,59822
186216,61364
186216,62376
186216,63188
186216,34092
186216,48574
186216,56714
186216,57414
186216,62170
186216,62378
186216,61540
186216,48694
186327,1304
186327,1370
186327,61542
186327,59822
186327,62376
186378,11262
186378,1370
186378,62376
186378,124
186378,34092
186378,56714
186378,35846
186378,16358
186378,61552
186378,61540
186384,11262
186384,1304
186384,1370
186384,44302
186384,49888
186384,61542
186384,1372
186384,30500
186384,50718
186384,59822
186384,61364
186384,62376
186384,63188
186384,34092
186384,48574
186384,50716
186384,56714
186384,57414
186384,62074
186384,63510
186384,60978
186384,62944
186384,62170
186384,62378
186384,62860
186384,61540
186384,56484
186384,48694
186438,11262
186438,1304
186438,1370
186438,61542
186438,1372
186438,59822
186438,61364
186438,62376
186438,63188
186438,34092
186438,48574
186438,56714
186438,57414
186438,62170
186438,62378
186438,61540
186438,48694
186657,11262
186657,1304
186657,1370
186657,61542
186657,1372
186657,30500
186657,50718
186657,59822
186657,61364
186657,62376
186657,63188
186657,34092
186657,48574
186657,56714
186657,57414
186657,62170
186657,62378
186657,61540
186657,56484
186657,48694
186882,11262
186882,1304
186882,1370
186882,61542
186882,30500
186882,50718
186882,59822
186882,62376
186882,34092
186882,56714
186882,61540
186882,56484
186933,11262
186933,30500
186933,50718
186933,34092
186933,56714
186933,50274
186933,10808
186933,61540
186933,56484
186951,1304
186951,1370
186951,61542
186951,59822
186951,62376
186987,11262
186987,1304
186987,61542
186987,59822
186987,61540
186990,11262
186990,1304
186990,1370
186990,61542
186990,30500
186990,50718
186990,59822
186990,62376
186990,34092
186990,56714
186990,61540
186990,56484
187101,10652
187101,11262
187101,1304
187101,1370
187101,44302
187101,49888
187101,61542
187101,1372
187101,30500
187101,50718
187101,59822
187101,61364
187101,62376
187101,63188
187101,48574
187101,50716
187101,57414
187101,63510
187101,60978
187101,62944
187101,61672
187101,62170
187101,62378
187101,62860
187101,61540
187101,56484
187101,48694
187221,1304
187221,1370
187221,61542
187221,59822
187221,62376
187221,34092
187221,56714
187224,11262
187224,1304
187224,1370
187224,61542
187224,59822
187224,62376
187224,34092
187224,56714
187224,61540
187263,11262
187263,1304
187263,1370
187263,61542
187263,59822
187263,62376
187263,34092
187263,56714
187263,61540
187395,11262
187395,1304
187395,1370
187395,61542
187395,59822
187395,62376
187395,61540
187650,1304
187650,1370
187650,61542
187650,59822
187650,62376
187659,1304
187659,61542
187659,59822
187659,48574
187659,57414
187659,50274
187659,62378
187659,48694
187707,10652
187707,11262
187707,1304
187707,1370
187707,35732
187707,44302
187707,49888
187707,61542
187707,1372
187707,30500
187707,39186
187707,50718
187707,54096
187707,59822
187707,61364
187707,61558
187707,61560
187707,62376
187707,63188
187707,124
187707,34092
187707,48574
187707,50716
187707,56714
187707,57414
187707,62074
187707,63510
187707,35846
187707,50270
187707,50272
187707,50274
187707,56696
187707,59394
187707,59396
187707,60522
187707,60978
187707,61028
187707,62274
187707,62618
187707,62944
187707,16358
187707,42132
187707,57804
187707,61280
187707,61672
187707,62170
187707,62400
187707,63186
187707,63418
187707,59816
187707,62378
187707,62860
187707,36720
187707,50268
187707,62616
187707,61552
187707,55798
187707,36722
187707,36762
187707,61540
187707,56484
187707,48694
187707,10790
187734,11262
187734,1304
187734,1370
187734,61542
187734,30500
187734,50718
187734,59822
187734,62376
187734,34092
187734,48574
187734,56714
187734,57414
187734,62378
187734,61540
187734,56484
187734,48694
187743,1304
187743,1370
187743,61542
187743,59822
187743,62376
187743,34092
187743,56714
187797,11262
187797,1304
187797,1370
187797,61542
187797,1372
187797,30500
187797,50718
187797,59822
187797,61364
187797,62376
187797,63188
187797,34092
187797,48574
187797,56714
187797,57414
187797,62170
187797,62378
187797,61540
187797,56484
187797,48694
187806,10652
187806,11262
187806,1304
187806,1370
187806,35732
187806,44302
187806,49888
187806,61542
187806,1372
187806,30500
187806,39186
187806,50718
187806,50720
187806,54096
187806,54290
187806,59822
187806,61364
187806,61558
187806,61560
187806,62376
187806,63188
187806,124
187806,34092
187806,48574
187806,50716
187806,53394
187806,56714
187806,57414
187806,62074
187806,63510
187806,50270
187806,50272
187806,50274
187806,51974
187806,56696
187806,59394
187806,59396
187806,60522
187806,60978
187806,61028
187806,62274
187806,62618
187806,62944
187806,16358
187806,42132
187806,53160
187806,57804
187806,61280
187806,61348
187806,61672
187806,62170
187806,62400
187806,63136
187806,63186
187806,63418
187806,10808
187806,59816
187806,62378
187806,62860
187806,36720
187806,3382
187806,50268
187806,53386
187806,62616
187806,55798
187806,11490
187806,62276
187806,62614
187806,53406
187806,63540
187806,36722
187806,36762
187806,61540
187806,56484
187806,48694
187806,10790
187839,11262
187839,1304
187839,1370
187839,61542
187839,59822
187839,62376
187839,34092
187839,56714
187839,61540
187875,10652
187875,11262
187875,1370
187875,62376
187875,61672
187875,61540
187962,11262
187962,1370
187962,30500
187962,50718
187962,62376
187962,61540
187962,56484
187974,1304
187974,1370
187974,61542
187974,59822
187974,62376
188100,1304
188100,1370
188100,61542
188100,59822
188100,62376
188106,1370
188106,62376
188196,1370
188196,62376
188331,10652
188331,11262
188331,33886
188331,44302
188331,49888
188331,30500
188331,39186
188331,50718
188331,54096
188331,54290
188331,124
188331,34092
188331,50716
188331,53394
188331,56714
188331,63510
188331,50270
188331,50272
188331,50274
188331,51974
188331,59394
188331,59396
188331,60522
188331,60978
188331,61028
188331,62274
188331,62618
188331,62944
188331,16358
188331,42132
188331,53160
188331,57804
188331,61280
188331,61348
188331,61672
188331,62400
188331,63136
188331,63186
188331,63218
188331,63418
188331,10808
188331,59816
188331,62860
188331,36720
188331,53386
188331,62616
188331,55798
188331,11490
188331,62276
188331,63538
188331,62614
188331,53406
188331,63540
188331,36722
188331,36762
188331,63220
188331,61540
188331,56484
188331,10790
188343,1304
188343,1370
188343,61542
188343,59822
188343,62376
188604,1370
188604,62376
188637,10652
188637,11262
188637,1304
188637,1370
188637,61542
188637,59822
188637,62376
188637,34092
188637,56714
188637,61672
188637,61540
188685,11262
188685,1304
188685,1370
188685,61542
188685,59822
188685,62376
188685,61540
188700,11262
188700,1304
188700,1370
188700,61542
188700,59822
188700,62376
188700,124
188700,35846
188700,16358
188700,61552
188700,61540
188730,11262
188730,1304
188730,1370
188730,61542
188730,30500
188730,50718
188730,59822
188730,62376
188730,34092
188730,48574
188730,56714
188730,57414
188730,62378
188730,61540
188730,56484
188730,48694
188787,10652
188787,11262
188787,1370
188787,1372
188787,30500
188787,39186
188787,50718
188787,54096
188787,61364
188787,62376
188787,63188
188787,61028
188787,42132
188787,61672
188787,62170
188787,62400
188787,63186
188787,63418
188787,59816
188787,61540
188787,56484
188844,11262
188844,1304
188844,1370
188844,61542
188844,1372
188844,59822
188844,61364
188844,62376
188844,63188
188844,62170
188844,61540
188847,34092
188847,56714
188853,11262
188853,1304
188853,1370
188853,61542
188853,59822
188853,62376
188853,34092
188853,56714
188853,61540
188937,10652
188937,11262
188937,1304
188937,1370
188937,35732
188937,61542
188937,30500
188937,50718
188937,59822
188937,61558
188937,61560
188937,62376
188937,34092
188937,56714
188937,56696
188937,61672
188937,50268
188937,61540
188937,56484
188961,1370
188961,62376
189012,1304
189012,61542
189012,1372
189012,59822
189012,61364
189012,63188
189012,34092
189012,56714
189012,62170
189045,11262
189045,1304
189045,1370
189045,61542
189045,1372
189045,59822
189045,61364
189045,62376
189045,63188
189045,34092
189045,48574
189045,56714
189045,57414
189045,62170
189045,62378
189045,61540
189045,48694
190776,11262
190776,1370
190776,62376
190776,34092
190776,56714
190776,61540
191223,11262
191223,1304
191223,1370
191223,61542
191223,59822
191223,62376
191223,61540
191226,11262
191226,1304
191226,1370
191226,61542
191226,1372
191226,59822
191226,61364
191226,62376
191226,63188
191226,34092
191226,56714
191226,62170
191226,61540
191229,11262
191229,61540
191232,10652
191232,11262
191232,1304
191232,1370
191232,35732
191232,44302
191232,49888
191232,61542
191232,1372
191232,30500
191232,50718
191232,59822
191232,61364
191232,61558
191232,61560
191232,62376
191232,63188
191232,124
191232,34092
191232,48574
191232,50716
191232,56714
191232,57414
191232,63510
191232,35846
191232,50274
191232,56696
191232,60978
191232,62944
191232,16358
191232,61672
191232,62170
191232,62378
191232,62860
191232,50268
191232,61552
191232,61540
191232,56484
191232,48694
191238,1370
191238,62376
191247,10652
191247,11262
191247,1304
191247,1370
191247,61542
191247,1372
191247,59822
191247,61364
191247,62376
191247,63188
191247,34092
191247,56714
191247,35846
191247,33534
191247,61672
191247,62170
191247,61552
191247,61540
191250,11262
191250,1370
191250,62376
191250,61540
191451,11262
191451,1304
191451,1370
191451,61542
191451,59822
191451,62376
191451,61540
191553,1370
191553,62376
191556,1370
191556,62376
191892,34092
191892,56714
191892,60
192144,1370
192144,62376
192159,11262
192159,1304
192159,1370
192159,61542
192159,59822
192159,62376
192159,34092
192159,48574
192159,56714
192159,57414
192159,62378
192159,61540
192159,48694
192300,11262
192300,1370
192300,62376
192300,34092
192300,56714
192300,61540
192549,34092
192549,56714
192549,50274
192564,10652
192564,11262
192564,1304
192564,1370
192564,33886
192564,44302
192564,49888
192564,61542
192564,30500
192564,50718
192564,59822
192564,62376
192564,124
192564,34092
192564,48574
192564,50716
192564,56714
192564,57414
192564,62074
192564,63510
192564,50274
192564,60978
192564,62944
192564,16358
192564,33534
192564,61672
192564,63218
192564,62378
192564,62860
192564,63538
192564,63220
192564,61540
192564,56484
192564,48694
192618,1370
192618,62376
192627,11262
192627,1370
192627,62376
192627,61540
192714,11262
192714,1370
192714,62376
192714,34092
192714,56714
192714,61540
192735,1304
192735,1370
192735,61542
192735,59822
192735,62376
192756,11262
192756,1304
192756,61542
192756,59822
192756,61540
192768,11262
192768,1304
192768,61542
192768,59822
192768,34092
192768,48574
192768,56714
192768,57414
192768,62074
192768,62378
192768,61540
192768,48694
192771,11262
192771,1304
192771,61542
192771,59822
192771,34092
192771,48574
192771,56714
192771,57414
192771,62074
192771,62378
192771,61540
192771,48694
192942,11262
192942,1304
192942,1370
192942,33886
192942,44302
192942,49888
192942,61542
192942,59822
192942,62376
192942,34092
192942,48574
192942,50716
192942,56714
192942,57414
192942,63510
192942,60978
192942,62944
192942,63218
192942,62378
192942,62860
192942,63538
192942,63220
192942,61540
192942,48694
193323,11262
193323,1304
193323,1370
193323,33886
193323,44302
193323,49888
193323,61542
193323,30500
193323,50718
193323,59822
193323,62376
193323,34092
193323,48574
193323,50716
193323,56714
193323,57414
193323,62074
193323,63510
193323,60978
193323,62944
193323,63218
193323,62378
193323,62860
193323,63538
193323,63220
193323,61540
193323,56484
193323,48694
194082,11262
194082,1304
194082,1370
194082,61542
194082,1372
194082,30500
194082,50718
194082,59822
194082,61364
194082,62376
194082,63188
194082,34092
194082,48574
194082,56714
194082,57414
194082,62170
194082,62378
194082,61540
194082,56484
194082,48694
194208,11262
194208,1304
194208,61542
194208,59822
194208,34092
194208,56714
194208,61540
194229,10652
194229,11262
194229,1304
194229,1370
194229,44302
194229,49888
194229,61542
194229,1372
194229,30500
194229,39186
194229,50718
194229,54096
194229,59822
194229,61364
194229,62376
194229,63188
194229,124
194229,34092
194229,48574
194229,50716
194229,56714
194229,57414
194229,62074
194229,63510
194229,35846
194229,50270
194229,50274
194229,59396
194229,60978
194229,61028
194229,62274
194229,62618
194229,62944
194229,16358
194229,33534
194229,42132
194229,57804
194229,61672
194229,62170
194229,62400
194229,63186
194229,63418
194229,59816
194229,62378
194229,62860
194229,36720
194229,61552
194229,55798
194229,36722
194229,36762
194229,61540
194229,56484
194229,48694
194388,11262
194388,1370
194388,62376
194388,61540
194424,11262
194424,61540
194601,10652
194601,11262
194601,1370
194601,30500
194601,50718
194601,62376
194601,50274
194601,61672
194601,61540
194601,56484
194718,11262
194718,1304
194718,61542
194718,59822
194718,35846
194718,61552
194718,61540
194790,1304
194790,1370
194790,61542
194790,59822
194790,62376
194790,34092
194790,56714
194883,10652
194883,11262
194883,1304
194883,1370
194883,44302
194883,49888
194883,61542
194883,1372
194883,30500
194883,39186
194883,50718
194883,59822
194883,61364
194883,62376
194883,63188
194883,34092
194883,48574
194883,50716
194883,56714
194883,57414
194883,62074
194883,63510
194883,50274
194883,60978
194883,61028
194883,62944
194883,61672
194883,62170
194883,62400
194883,63418
194883,62378
194883,62860
194883,61540
194883,56484
194883,48694
194904,10652
194904,11262
194904,1304
194904,1370
194904,44302
194904,49888
194904,61542
194904,1372
194904,30500
194904,50718
194904,59822
194904,61364
194904,62376
194904,63188
194904,124
194904,34092
194904,48574
194904,50716
194904,56714
194904,57414
194904,63510
194904,50274
194904,60978
194904,62944
194904,16358
194904,61672
194904,62170
194904,62378
194904,62860
194904,61540
194904,56484
194904,48694
195063,11262
195063,1370
195063,62376
195063,34092
195063,56714
195063,61540
195249,1304
195249,1370
195249,61542
195249,59822
195249,62376
195372,11262
195372,1370
195372,62376
195372,61540
195378,11262
195378,1304
195378,61542
195378,59822
195378,61540
195447,11262
195447,61540
195507,11262
195507,1304
195507,61542
195507,59822
195507,34092
195507,56714
195507,61540
195582,1370
195582,62376
195723,11262
195723,1304
195723,1370
195723,61542
195723,30500
195723,50718
195723,59822
195723,62376
195723,34092
195723,56714
195723,61540
195723,56484
195771,11262
195771,1304
195771,1370
195771,61542
195771,59822
195771,62376
195771,61540
195894,11262
195894,1304
195894,1370
195894,61542
195894,59822
195894,62376
195894,61540
196302,11262
196302,1304
196302,61542
196302,59822
196302,34092
196302,56714
196302,61540
196311,11262
196311,1304
196311,33886
196311,61542
196311,59822
196311,63218
196311,63538
196311,63220
196311,61540
196455,48574
196455,57414
196455,62378
196455,48694
196722,11262
196722,1304
196722,1370
196722,61542
196722,59822
196722,62376
196722,61540
196845,10652
196845,11262
196845,1304
196845,1370
196845,33886
196845,35732
196845,44302
196845,49888
196845,61542
196845,1372
196845,30500
196845,39186
196845,50718
196845,59822
196845,61364
196845,61558
196845,61560
196845,62376
196845,63188
196845,124
196845,34092
196845,48574
196845,50716
196845,56714
196845,57414
196845,62074
196845,63510
196845,35846
196845,50270
196845,50272
196845,50274
196845,56696
196845,59394
196845,59396
196845,60522
196845,60978
196845,61028
196845,62274
196845,62618
196845,62944
196845,16358
196845,61280
196845,61672
196845,62170
196845,62400
196845,63218
196845,63418
196845,62378
196845,62860
196845,50268
196845,62616
196845,61552
196845,55798
196845,63538
196845,63220
196845,61540
196845,56484
196845,48694
196845,10790
197034,1370
197034,62376
197286,10652
197286,11262
197286,1304
197286,1370
197286,33886
197286,35732
197286,44302
197286,49888
197286,61542
197286,1372
197286,30500
197286,39186
197286,50718
197286,50720
197286,54096
197286,59822
197286,61364
197286,61558
197286,61560
197286,62376
197286,63188
197286,124
197286,34092
197286,48574
197286,50716
197286,56714
197286,57414
197286,62074
197286,63510
197286,35846
197286,50270
197286,50274
197286,56696
197286,59396
197286,60978
197286,61028
197286,62274
197286,62618
197286,62944
197286,16358
197286,42132
197286,61672
197286,62170
197286,62400
197286,63186
197286,63218
197286,63418
197286,59816
197286,62378
197286,62860
197286,50268
197286,61552
197286,55798
197286,63538
197286,63220
197286,61540
197286,56484
197286,48694
197529,11262
197529,1304
197529,1370
197529,61542
197529,59822
197529,62376
197529,34092
197529,48574
197529,56714
197529,57414
197529,62378
197529,61540
197529,48694
197595,11262
197595,1304
197595,1370
197595,61542
197595,59822
197595,62376
197595,34092
197595,56714
197595,61540
197673,11262
197673,1370
197673,62376
197673,34092
197673,56714
197673,61540
197676,11262
197676,1304
197676,1370
197676,61542
197676,59822
197676,62376
197676,61540
197799,11262
197799,1370
197799,62376
197799,61540
197802,11262
197802,30500
197802,50718
197802,34092
197802,56714
197802,50274
197802,61540
197802,56484
197835,11262
197835,1304
197835,1370
197835,61542
197835,1372
197835,59822
197835,61364
197835,62376
197835,63188
197835,34092
197835,48574
197835,56714
197835,57414
197835,62170
197835,62378
197835,61540
197835,48694
198210,11262
198210,1304
198210,1370
198210,61542
198210,59822
198210,62376
198210,34092
198210,56714
198210,61540
198279,11262
198279,1304
198279,1370
198279,61542
198279,59822
198279,62376
198279,34092
198279,56714
198279,61540
198522,11262
198522,61540
198534,1370
198534,62376
198552,11262
198552,1304
198552,1370
198552,61542
198552,59822
198552,62376
198552,61540
198573,10652
198573,11262
198573,1304
198573,1370
198573,61542
198573,1372
198573,39186
198573,59822
198573,61364
198573,62376
198573,63188
198573,34092
198573,56714
198573,61028
198573,61672
198573,62170
198573,62400
198573,63418
198573,61540
198792,1370
198792,62376
198801,11262
198801,1304
198801,1370
198801,61542
198801,1372
198801,30500
198801,50718
198801,59822
198801,61364
198801,62376
198801,63188
198801,34092
198801,56714
198801,62170
198801,61540
198801,56484
198855,1304
198855,1370
198855,61542
198855,59822
198855,62376
198855,34092
198855,56714
198867,10652
198867,11262
198867,1304
198867,1370
198867,61542
198867,30500
198867,50718
198867,59822
198867,62376
198867,34092
198867,56714
198867,61672
198867,61540
198867,56484
198873,1370
198873,62376
198882,10652
198882,11262
198882,1304
198882,1370
198882,33886
198882,35732
198882,44302
198882,49888
198882,61542
198882,1372
198882,30500
198882,39186
198882,50718
198882,59822
198882,61364
198882,61558
198882,61560
198882,62376
198882,63188
198882,34092
198882,48574
198882,50716
198882,56714
198882,57414
198882,62074
198882,63510
198882,35846
198882,50270
198882,50274
198882,56696
198882,59396
198882,60978
198882,61028
198882,62274
198882,62618
198882,62944
198882,61672
198882,62170
198882,62400
198882,63218
198882,63418
198882,62378
198882,62860
198882,50268
198882,61552
198882,55798
198882,63538
198882,63220
198882,61540
198882,56484
198882,48694
198945,1304
198945,1370
198945,61542
198945,59822
198945,62376
198981,11262
198981,1304
198981,1370
198981,44302
198981,49888
198981,61542
198981,1372
198981,30500
198981,50718
198981,59822
198981,61364
198981,62376
198981,63188
198981,34092
198981,48574
198981,50716
198981,56714
198981,57414
198981,63510
198981,60978
198981,62944
198981,62170
198981,62378
198981,62860
198981,61540
198981,56484
198981,48694
198990,11262
198990,1304
198990,61542
198990,59822
198990,61540
199242,11262
199242,1304
199242,1370
199242,61542
199242,1372
199242,30500
199242,50718
199242,59822
199242,61364
199242,62376
199242,63188
199242,34092
199242,56714
199242,62170
199242,61540
199242,56484
199479,11262
199479,1304
199479,1370
199479,61542
199479,59822
199479,62376
199479,34092
199479,56714
199479,61540
199854,10652
199854,11262
199854,1304
199854,1370
199854,35732
199854,44302
199854,49888
199854,61542
199854,1372
199854,30500
199854,50718
199854,59822
199854,61364
199854,61558
199854,61560
199854,62376
199854,63188
199854,124
199854,34092
199854,48574
199854,50716
199854,56714
199854,57414
199854,63510
199854,35846
199854,56696
199854,60978
199854,62944
199854,16358
199854,61672
199854,62170
199854,62378
199854,62860
199854,50268
199854,61552
199854,61540
199854,56484
199854,48694
199860,11262
199860,1304
199860,44302
199860,49888
199860,61542
199860,30500
199860,50718
199860,59822
199860,34092
199860,48574
199860,50716
199860,56714
199860,57414
199860,63510
199860,60978
199860,62944
199860,62378
199860,62860
199860,61540
199860,56484
199860,48694
200259,11262
200259,1304
200259,1370
200259,61542
200259,59822
200259,62376
200259,61540
200364,1370
200364,62376
200502,11262
200502,1304
200502,44302
200502,49888
200502,61542
200502,30500
200502,50718
200502,59822
200502,34092
200502,50716
200502,56714
200502,63510
200502,60978
200502,62944
200502,62860
200502,61540
200502,56484
200508,1304
200508,1370
200508,61542
200508,59822
200508,62376
200964,10652
200964,11262
200964,1304
200964,1370
200964,33886
200964,44302
200964,49888
200964,61542
200964,30500
200964,50718
200964,59822
200964,62376
200964,34092
200964,50716
200964,56714
200964,63510
200964,60978
200964,62944
200964,61672
200964,63218
200964,62860
200964,63538
200964,63220
200964,61540
200964,56484
201282,1304
201282,61542
201282,59822
201282,62074
201522,34092
201522,56714
201522,50274
201522,10808
201564,11262
201564,1304
201564,61542
201564,30500
201564,50718
201564,59822
201564,34092
201564,48574
201564,56714
201564,57414
201564,62378
201564,61540
201564,56484
201564,48694
201741,11262
201741,1304
201741,1370
201741,61542
201741,30500
201741,50718
201741,59822
201741,62376
201741,34092
201741,56714
201741,61540
201741,56484
201798,11262
201798,1304
201798,1370
201798,61542
201798,59822
201798,62376
201798,34092
201798,56714
201798,61540
201837,11262
201837,1304
201837,61542
201837,59822
201837,61540
201852,11262
201852,1304
201852,1370
201852,61542
201852,30500
201852,50718
201852,59822
201852,62376
201852,34092
201852,48574
201852,56714
201852,57414
201852,62378
201852,61540
201852,56484
201852,48694
202638,1370
202638,62376
202818,11262
202818,1304
202818,1370
202818,61542
202818,59822
202818,62376
202818,34092
202818,48574
202818,56714
202818,57414
202818,50274
202818,62378
202818,61540
202818,48694
202959,11262
202959,1304
202959,61542
202959,59822
202959,34092
202959,56714
202959,61540
203052,11262
203052,1304
203052,33886
203052,61542
203052,59822
203052,48574
203052,57414
203052,63218
203052,62378
203052,63538
203052,63220
203052,61540
203052,48694
203055,11262
203055,1370
203055,62376
203055,61540
203058,11262
203058,1304
203058,1370
203058,61542
203058,59822
203058,62376
203058,34092
203058,48574
203058,56714
203058,57414
203058,62378
203058,61540
203058,48694
203073,11262
203073,1370
203073,62376
203073,61540
203082,11262
203082,1370
203082,62376
203082,34092
203082,56714
203082,61540
203088,1370
203088,62376
203088,34092
203088,56714
203094,1370
203094,62376
203100,11262
203100,1304
203100,61542
203100,59822
203100,34092
203100,56714
203100,61540
203106,11262
203106,1304
203106,61542
203106,59822
203106,48574
203106,57414
203106,62378
203106,61540
203106,48694
203133,11262
203133,1304
203133,1370
203133,61542
203133,30500
203133,50718
203133,59822
203133,62376
203133,34092
203133,48574
203133,56714
203133,57414
203133,62378
203133,61540
203133,56484
203133,48694
203142,11262
203142,1370
203142,62376
203142,34092
203142,56714
203142,61540
203145,11262
203145,1370
203145,62376
203145,61540
203166,10652
203166,11262
203166,1370
203166,44302
203166,49888
203166,62376
203166,48574
203166,50716
203166,57414
203166,63510
203166,60978
203166,62944
203166,61672
203166,62378
203166,62860
203166,61540
203166,48694
203175,11262
203175,1370
203175,62376
203175,61540
203178,11262
203178,1304
203178,1370
203178,61542
203178,59822
203178,62376
203178,124
203178,16358
203178,61540
203181,1370
203181,62376
203199,1304
203199,1370
203199,61542
203199,1372
203199,59822
203199,61364
203199,62376
203199,63188
203199,62170
203214,1370
203214,62376
203232,11262
203232,1304
203232,1370
203232,61542
203232,59822
203232,62376
203232,34092
203232,48574
203232,56714
203232,57414
203232,62378
203232,61540
203232,48694
203241,1370
203241,62376
203247,1370
203247,62376
203256,10652
203256,11262
203256,1304
203256,1370
203256,44302
203256,49888
203256,61542
203256,30500
203256,50718
203256,59822
203256,62376
203256,124
203256,34092
203256,48574
203256,50716
203256,56714
203256,57414
203256,62074
203256,63510
203256,35846
203256,60978
203256,62944
203256,16358
203256,61672
203256,62378
203256,62860
203256,61552
203256,61540
203256,56484
203256,48694
203259,10652
203259,11262
203259,1304
203259,1370
203259,44302
203259,49888
203259,61542
203259,30500
203259,50718
203259,59822
203259,62376
203259,124
203259,34092
203259,48574
203259,50716
203259,56714
203259,57414
203259,62074
203259,63510
203259,35846
203259,60978
203259,62944
203259,16358
203259,61672
203259,62378
203259,62860
203259,61552
203259,61540
203259,56484
203259,48694
203268,11262
203268,1370
203268,62376
203268,61540
203271,11262
203271,1370
203271,62376
203271,124
203271,16358
203271,33534
203271,61540
203274,11262
203274,1370
203274,62376
203274,124
203274,16358
203274,33534
203274,61540
203277,1370
203277,62376
203280,1370
203280,62376
203295,11262
203295,1304
203295,61542
203295,59822
203295,34092
203295,48574
203295,56714
203295,57414
203295,62378
203295,61540
203295,48694
203301,11262
203301,1304
203301,61542
203301,59822
203301,34092
203301,48574
203301,56714
203301,57414
203301,62378
203301,61540
203301,48694
203310,11262
203310,1304
203310,61542
203310,59822
203310,34092
203310,56714
203310,61540
203316,11262
203316,1304
203316,61542
203316,59822
203316,34092
203316,56714
203316,61540
203322,11262
203322,1304
203322,61542
203322,59822
203322,34092
203322,56714
203322,61540
203328,11262
203328,1304
203328,1370
203328,61542
203328,59822
203328,62376
203328,61540
203388,1304
203388,61542
203388,59822
203439,10652
203439,11262
203439,1304
203439,1370
203439,61542
203439,59822
203439,62376
203439,124
203439,48574
203439,57414
203439,62074
203439,35846
203439,16358
203439,61672
203439,62378
203439,61552
203439,61540
203439,48694
203445,1370
203445,62376
203445,124
203445,62074
203445,16358
203451,1370
203451,62376
203454,1370
203454,62376
203460,10652
203460,11262
203460,1304
203460,1370
203460,61542
203460,30500
203460,50718
203460,59822
203460,62376
203460,34092
203460,56714
203460,61672
203460,61540
203460,56484
203502,11262
203502,1304
203502,61542
203502,59822
203502,34092
203502,56714
203502,61540
203511,1370
203511,62376
203517,11262
203517,1304
203517,1370
203517,61542
203517,59822
203517,62376
203517,61540
203532,11262
203532,1304
203532,61542
203532,59822
203532,34092
203532,56714
203532,61540
203574,11262
203574,1304
203574,61542
203574,59822
203574,61540
203646,1370
203646,62376
203661,11262
203661,1370
203661,62376
203661,61540
203670,11262
203670,1370
203670,62376
203670,61540
203673,10652
203673,11262
203673,1370
203673,33886
203673,44302
203673,49888
203673,30500
203673,50718
203673,54096
203673,62376
203673,124
203673,34092
203673,48574
203673,50716
203673,56714
203673,57414
203673,63510
203673,35846
203673,50274
203673,60978
203673,62944
203673,16358
203673,33534
203673,42132
203673,61672
203673,63186
203673,63218
203673,59816
203673,62378
203673,62860
203673,3382
203673,61552
203673,63538
203673,63220
203673,61540
203673,56484
203673,48694
203700,10652
203700,11262
203700,1370
203700,33886
203700,44302
203700,49888
203700,39186
203700,62376
203700,48574
203700,50716
203700,57414
203700,63510
203700,60978
203700,61028
203700,62944
203700,61672
203700,62400
203700,63218
203700,63418
203700,62378
203700,62860
203700,63538
203700,63220
203700,61540
203700,48694
203706,1304
203706,61542
203706,59822
203709,1304
203709,61542
203709,59822
203724,11262
203724,1304
203724,1370
203724,44302
203724,49888
203724,61542
203724,1372
203724,30500
203724,50718
203724,59822
203724,61364
203724,62376
203724,63188
203724,34092
203724,48574
203724,50716
203724,56714
203724,57414
203724,63510
203724,50270
203724,50274
203724,59396
203724,60978
203724,62274
203724,62618
203724,62944
203724,62170
203724,62378
203724,62860
203724,55798
203724,61540
203724,56484
203724,48694
203727,11262
203727,1304
203727,61542
203727,59822
203727,61540
203733,11262
203733,1304
203733,1370
203733,61542
203733,59822
203733,62376
203733,61540
203736,1304
203736,1370
203736,61542
203736,59822
203736,62376
203775,1370
203775,62376
203784,11262
203784,61540
203790,1304
203790,1370
203790,61542
203790,59822
203790,62376
203790,124
203790,48574
203790,57414
203790,16358
203790,62378
203790,48694
203796,10652
203796,11262
203796,1304
203796,1370
203796,61542
203796,30500
203796,50718
203796,59822
203796,62376
203796,34092
203796,48574
203796,56714
203796,57414
203796,61672
203796,62378
203796,61540
203796,56484
203796,48694
203811,11262
203811,1304
203811,1370
203811,61542
203811,59822
203811,62376
203811,62074
203811,61540
203820,11262
203820,1304
203820,1370
203820,61542
203820,59822
203820,62376
203820,61540
203829,11262
203829,1304
203829,1370
203829,61542
203829,59822
203829,62376
203829,61540
203868,11262
203868,1370
203868,62376
203868,48574
203868,57414
203868,62074
203868,62378
203868,61540
203868,48694
203871,1370
203871,62376
203889,11262
203889,1304
203889,61542
203889,59822
203889,61540
204057,11262
204057,1304
204057,1370
204057,61542
204057,59822
204057,62376
204057,34092
204057,56714
204057,61540
204093,11262
204093,1304
204093,1370
204093,61542
204093,30500
204093,50718
204093,59822
204093,62376
204093,34092
204093,56714
204093,61540
204093,56484
204141,1304
204141,1370
204141,61542
204141,59822
204141,62376
204144,11262
204144,1304
204144,1370
204144,61542
204144,30500
204144,50718
204144,59822
204144,62376
204144,34092
204144,48574
204144,56714
204144,57414
204144,62378
204144,61540
204144,56484
204144,48694
204189,10652
204189,11262
204189,1370
204189,44302
204189,49888
204189,30500
204189,39186
204189,50718
204189,54096
204189,62376
204189,124
204189,50716
204189,63510
204189,35846
204189,50274
204189,60978
204189,61028
204189,62944
204189,16358
204189,42132
204189,57804
204189,61672
204189,62400
204189,63186
204189,63418
204189,10808
204189,59816
204189,62860
204189,36720
204189,61552
204189,36722
204189,36762
204189,61540
204189,56484
204222,11262
204222,1304
204222,1370
204222,61542
204222,59822
204222,62376
204222,61540
204228,11262
204228,1304
204228,1370
204228,61542
204228,59822
204228,62376
204228,61540
204243,11262
204243,1304
204243,1370
204243,61542
204243,59822
204243,62376
204243,61540
204276,1370
204276,62376
204375,11262
204375,1304
204375,1370
204375,61542
204375,59822
204375,62376
204375,124
204375,16358
204375,61540
204411,11262
204411,54096
204411,42132
204411,63186
204411,59816
204411,61540
204480,1370
204480,62376
204483,11262
204483,1304
204483,1370
204483,61542
204483,59822
204483,62376
204483,61540
204519,11262
204519,1370
204519,1372
204519,61364
204519,62376
204519,63188
204519,62170
204519,61540
204522,1370
204522,62376
204657,11262
204657,1304
204657,1370
204657,61542
204657,1372
204657,59822
204657,61364
204657,62376
204657,63188
204657,34092
204657,48574
204657,56714
204657,57414
204657,62170
204657,62378
204657,61540
204657,48694
204759,1370
204759,62376
204762,11262
204762,1370
204762,62376
204762,34092
204762,56714
204762,62074
204762,33534
204762,61540
204768,1304
204768,1370
204768,61542
204768,59822
204768,62376
204771,11262
204771,124
204771,35846
204771,16358
204771,33534
204771,61552
204771,61540
204774,11262
204774,61540
204780,10652
204780,11262
204780,1304
204780,1370
204780,61542
204780,59822
204780,62376
204780,124
204780,34092
204780,48574
204780,56714
204780,57414
204780,16358
204780,61672
204780,62378
204780,61540
204780,48694
204795,11262
204795,1304
204795,61542
204795,30500
204795,50718
204795,59822
204795,34092
204795,48574
204795,56714
204795,57414
204795,62378
204795,61540
204795,56484
204795,48694
205107,11262
205107,1304
205107,1370
205107,33886
205107,61542
205107,59822
205107,62376
205107,34092
205107,56714
205107,63218
205107,63538
205107,63220
205107,61540
205122,11262
205122,1304
205122,61542
205122,59822
205122,34092
205122,56714
205122,61540
205191,11262
205191,1304
205191,1370
205191,61542
205191,1372
205191,30500
205191,50718
205191,59822
205191,61364
205191,62376
205191,63188
205191,34092
205191,56714
205191,62170
205191,61540
205191,56484
205332,1304
205332,1370
205332,61542
205332,59822
205332,62376
205353,11262
205353,1370
205353,62376
205353,61540
205659,11262
205659,1304
205659,1370
205659,61542
205659,59822
205659,62376
205659,124
205659,34092
205659,48574
205659,56714
205659,57414
205659,62074
205659,16358
205659,62378
205659,61540
205659,48694
205662,11262
205662,1304
205662,1370
205662,61542
205662,30500
205662,50718
205662,59822
205662,62376
205662,34092
205662,56714
205662,61540
205662,56484
205665,11262
205665,1304
205665,61542
205665,59822
205665,61540
205722,1370
205722,62376
205728,1370
205728,62376
205731,11262
205731,1304
205731,61542
205731,59822
205731,61540
205740,1304
205740,1370
205740,61542
205740,59822
205740,62376
205812,1304
205812,1370
205812,61542
205812,59822
205812,62376
205812,34092
205812,56714
205815,1304
205815,1370
205815,61542
205815,59822
205815,62376
205821,1370
205821,62376
205905,11262
205905,1370
205905,62376
205905,61540
205947,1370
205947,62376
205959,11262
205959,1304
205959,1370
205959,61542
205959,59822
205959,62376
205959,34092
205959,48574
205959,56714
205959,57414
205959,62378
205959,61540
205959,48694
205995,1370
205995,62376
206076,11262
206076,1370
206076,62376
206076,34092
206076,56714
206076,61540
2061063,11262
2061063,1304
2061063,1370
2061063,61542
2061063,59822
2061063,62376
2061063,61540
206304,1304
206304,1370
206304,61542
206304,1372
206304,59822
206304,61364
206304,62376
206304,63188
206304,62170
206343,11262
206343,34092
206343,56714
206343,61540
206346,10652
206346,11262
206346,1304
206346,1370
206346,33886
206346,35732
206346,44302
206346,49888
206346,61542
206346,1372
206346,30500
206346,39186
206346,50718
206346,59822
206346,61364
206346,61558
206346,61560
206346,62376
206346,63188
206346,34092
206346,48574
206346,50716
206346,56714
206346,57414
206346,63510
206346,50270
206346,50274
206346,56696
206346,59396
206346,60978
206346,61028
206346,62274
206346,62618
206346,62944
206346,61672
206346,62170
206346,62400
206346,63218
206346,63418
206346,62378
206346,62860
206346,50268
206346,55798
206346,63538
206346,63220
206346,61540
206346,56484
206346,48694
206349,11262
206349,1304
206349,61542
206349,59822
206349,34092
206349,56714
206349,61540
206355,11262
206355,1304
206355,1370
206355,33886
206355,61542
206355,59822
206355,62376
206355,63218
206355,63538
206355,63220
206355,61540
206358,11262
206358,1304
206358,1370
206358,33886
206358,61542
206358,59822
206358,62376
206358,63218
206358,63538
206358,63220
206358,61540
206361,11262
206361,61540
206364,11262
206364,1304
206364,1370
206364,33886
206364,44302
206364,49888
206364,61542
206364,1372
206364,30500
206364,50718
206364,59822
206364,61364
206364,62376
206364,63188
206364,34092
206364,48574
206364,50716
206364,56714
206364,57414
206364,63510
206364,50274
206364,60978
206364,62944
206364,62170
206364,63218
206364,62378
206364,62860
206364,63538
206364,60
206364,51316
206364,63220
206364,61540
206364,56484
206364,48694
206367,11262
206367,1304
206367,1370
206367,33886
206367,61542
206367,59822
206367,62376
206367,34092
206367,48574
206367,56714
206367,57414
206367,63218
206367,62378
206367,63538
206367,63220
206367,61540
206367,48694
206376,10652
206376,11262
206376,1304
206376,1370
206376,33886
206376,44302
206376,49888
206376,61542
206376,1372
206376,30500
206376,39186
206376,50718
206376,50720
206376,59822
206376,61364
206376,62376
206376,63188
206376,34092
206376,48574
206376,50716
206376,56714
206376,57414
206376,63510
206376,46632
206376,50270
206376,59396
206376,60978
206376,61028
206376,62274
206376,62618
206376,62944
206376,48980
206376,61672
206376,62170
206376,62400
206376,63218
206376,63418
206376,62378
206376,62860
206376,55798
206376,63538
206376,63220
206376,61540
206376,56484
206376,48694
206406,11262
206406,1304
206406,1370
206406,33886
206406,44302
206406,49888
206406,61542
206406,59822
206406,62376
206406,34092
206406,48574
206406,50716
206406,56714
206406,57414
206406,62074
206406,63510
206406,60978
206406,62944
206406,63218
206406,62378
206406,62860
206406,63538
206406,63220
206406,61540
206406,48694
206412,11262
206412,1304
206412,1370
206412,61542
206412,30500
206412,50718
206412,59822
206412,62376
206412,34092
206412,56714
206412,33534
206412,61540
206412,56484
206415,11262
206415,1304
206415,1370
206415,61542
206415,59822
206415,62376
206415,61540
206418,11262
206418,1304
206418,1370
206418,44302
206418,49888
206418,61542
206418,1372
206418,30500
206418,50718
206418,54096
206418,59822
206418,61364
206418,62376
206418,63188
206418,34092
206418,48574
206418,50716
206418,56714
206418,57414
206418,62074
206418,63510
206418,35846
206418,60978
206418,62944
206418,42132
206418,62170
206418,63186
206418,10808
206418,59816
206418,62378
206418,62860
206418,61552
206418,61540
206418,56484
206418,48694
206421,11262
206421,1370
206421,62376
206421,61540
206427,11262
206427,1304
206427,1370
206427,33886
206427,61542
206427,30500
206427,50718
206427,59822
206427,62376
206427,34092
206427,48574
206427,56714
206427,57414
206427,63218
206427,62378
206427,63538
206427,63220
206427,61540
206427,56484
206427,48694
206433,11262
206433,1304
206433,1370
206433,33886
206433,61542
206433,30500
206433,50718
206433,59822
206433,62376
206433,34092
206433,56714
206433,63218
206433,63538
206433,63220
206433,61540
206433,56484
206439,11262
206439,1304
206439,1370
206439,61542
206439,59822
206439,62376
206439,61540
206442,11262
206442,1304
206442,1370
206442,33886
206442,61542
206442,30500
206442,50718
206442,59822
206442,62376
206442,34092
206442,56714
206442,63218
206442,63538
206442,63220
206442,61540
206442,56484
206448,11262
206448,1304
206448,1370
206448,61542
206448,59822
206448,62376
206448,34092
206448,56714
206448,61540
206451,11262
206451,1304
206451,1370
206451,61542
206451,59822
206451,62376
206451,34092
206451,56714
206451,61540
206457,11262
206457,1304
206457,1370
206457,61542
206457,59822
206457,62376
206457,34092
206457,56714
206457,61540
206460,11262
206460,1304
206460,1370
206460,61542
206460,59822
206460,62376
206460,34092
206460,56714
206460,61540
206475,57804
206475,36720
206475,60
206475,36722
206475,36762
206478,11262
206478,61540
206481,11262
206481,61540
206484,11262
206484,1304
206484,61542
206484,1372
206484,59822
206484,61364
206484,63188
206484,62170
206484,61540
206496,11262
206496,34092
206496,56714
206496,61540
206514,11262
206514,1304
206514,61542
206514,59822
206514,34092
206514,56714
206514,61540
206607,1372
206607,61364
206607,63188
206607,62170
206613,11262
206613,61540
206625,11262
206625,1304
206625,61542
206625,59822
206625,61540
206634,11262
206634,1304
206634,61542
206634,59822
206634,61540
206637,11262
206637,1304
206637,61542
206637,59822
206637,61540
206646,11262
206646,1304
206646,61542
206646,59822
206646,34092
206646,56714
206646,62074
206646,61540
206664,11262
206664,1304
206664,61542
206664,59822
206664,62074
206664,35846
206664,61552
206664,61540
206667,11262
206667,1304
206667,61542
206667,1372
206667,30500
206667,50718
206667,54096
206667,59822
206667,61364
206667,63188
206667,34092
206667,48574
206667,56714
206667,57414
206667,35846
206667,42132
206667,62170
206667,63186
206667,59816
206667,62378
206667,61552
206667,61540
206667,56484
206667,48694
206670,11262
206670,1304
206670,61542
206670,59822
206670,62074
206670,35846
206670,61552
206670,61540
206673,11262
206673,1304
206673,61542
206673,1372
206673,59822
206673,61364
206673,63188
206673,48574
206673,57414
206673,62074
206673,62170
206673,62378
206673,61540
206673,48694
206697,50274
206697,10808
206745,11262
206745,1304
206745,61542
206745,30500
206745,50718
206745,59822
206745,34092
206745,56714
206745,61540
206745,56484
206748,10652
206748,11262
206748,1304
206748,33886
206748,44302
206748,49888
206748,61542
206748,1372
206748,30500
206748,39186
206748,50718
206748,50720
206748,54096
206748,59822
206748,61364
206748,63188
206748,124
206748,34092
206748,48574
206748,50716
206748,56714
206748,57414
206748,62074
206748,63510
206748,50270
206748,50274
206748,59396
206748,60978
206748,61028
206748,62274
206748,62618
206748,62944
206748,16358
206748,42132
206748,57804
206748,61672
206748,62170
206748,62400
206748,63186
206748,63218
206748,63418
206748,59816
206748,62378
206748,62860
206748,36720
206748,55798
206748,63538
206748,36722
206748,36762
206748,63220
206748,61540
206748,56484
206748,48694
206760,10652
206760,11262
206760,1304
206760,33886
206760,44302
206760,49888
206760,61542
206760,1372
206760,30500
206760,39186
206760,50718
206760,54096
206760,59822
206760,61364
206760,63188
206760,124
206760,34092
206760,48574
206760,50716
206760,56714
206760,57414
206760,63510
206760,50270
206760,50272
206760,50274
206760,59394
206760,59396
206760,60522
206760,60978
206760,61028
206760,62274
206760,62618
206760,62944
206760,16358
206760,33534
206760,42132
206760,57804
206760,61280
206760,61672
206760,62170
206760,62400
206760,63186
206760,63218
206760,63418
206760,59816
206760,62378
206760,62860
206760,36720
206760,3382
206760,62616
206760,55798
206760,63538
206760,36722
206760,36762
206760,63220
206760,61540
206760,56484
206760,48694
206760,10790
206763,11262
206763,1372
206763,61364
206763,63188
206763,62170
206763,61540
206772,11262
206772,1304
206772,61542
206772,1372
206772,30500
206772,50718
206772,59822
206772,61364
206772,63188
206772,34092
206772,56714
206772,62170
206772,61540
206772,56484
206784,11262
206784,1304
206784,61542
206784,1372
206784,59822
206784,61364
206784,63188
206784,62170
206784,61540
206787,11262
206787,1304
206787,61542
206787,59822
206787,61540
206811,11262
206811,1304
206811,61542
206811,59822
206811,34092
206811,56714
206811,62074
206811,61540
206823,11262
206823,1304
206823,1370
206823,61542
206823,59822
206823,62376
206823,34092
206823,56714
206823,61540
206838,11262
206838,1304
206838,1370
206838,61542
206838,59822
206838,62376
206838,61540
206847,11262
206847,1304
206847,1370
206847,61542
206847,59822
206847,62376
206847,124
206847,34092
206847,56714
206847,16358
206847,61540
206850,11262
206850,1304
206850,61542
206850,59822
206850,61540
206856,11262
206856,1304
206856,61542
206856,59822
206856,61540
206868,11262
206868,1304
206868,1370
206868,44302
206868,49888
206868,61542
206868,1372
206868,30500
206868,50718
206868,54096
206868,59822
206868,61364
206868,62376
206868,63188
206868,34092
206868,48574
206868,50716
206868,56714
206868,57414
206868,63510
206868,60978
206868,62944
206868,42132
206868,62170
206868,63186
206868,59816
206868,62378
206868,62860
206868,61540
206868,56484
206868,48694
206928,11262
206928,1304
206928,61542
206928,59822
206928,62074
206928,35846
206928,61552
206928,61540
206937,11262
206937,61540
206940,10652
206940,11262
206940,1304
206940,33886
206940,44302
206940,49888
206940,61542
206940,1372
206940,30500
206940,39186
206940,50718
206940,50720
206940,54096
206940,59822
206940,61364
206940,63188
206940,124
206940,34092
206940,48574
206940,50716
206940,56714
206940,57414
206940,62074
206940,63510
206940,50270
206940,50274
206940,59396
206940,60978
206940,61028
206940,62274
206940,62618
206940,62944
206940,16358
206940,42132
206940,57804
206940,61672
206940,62170
206940,62400
206940,63186
206940,63218
206940,63418
206940,59816
206940,62378
206940,62860
206940,36720
206940,55798
206940,63538
206940,36722
206940,36762
206940,63220
206940,61540
206940,56484
206940,48694
206943,11262
206943,1304
206943,61542
206943,59822
206943,61540
206952,11262
206952,1304
206952,61542
206952,1372
206952,30500
206952,39186
206952,50718
206952,54096
206952,59822
206952,61364
206952,63188
206952,124
206952,35846
206952,50274
206952,61028
206952,16358
206952,42132
206952,57804
206952,62170
206952,62400
206952,63186
206952,63418
206952,10808
206952,59816
206952,36720
206952,61552
206952,36722
206952,36762
206952,61540
206952,56484
206955,11262
206955,1304
206955,61542
206955,59822
206955,34092
206955,56714
206955,62074
206955,35846
206955,33534
206955,61552
206955,61540
206958,11262
206958,1304
206958,61542
206958,59822
206958,61540
206979,11262
206979,1304
206979,1370
206979,33886
206979,44302
206979,49888
206979,61542
206979,1372
206979,30500
206979,39186
206979,50718
206979,59822
206979,61364
206979,62376
206979,63188
206979,34092
206979,48574
206979,50716
206979,56714
206979,57414
206979,63510
206979,35846
206979,60978
206979,61028
206979,62944
206979,62170
206979,62400
206979,63218
206979,63418
206979,10808
206979,62378
206979,62860
206979,61552
206979,63538
206979,63220
206979,61540
206979,56484
206979,48694
206988,11262
206988,1304
206988,61542
206988,1372
206988,59822
206988,61364
206988,63188
206988,34092
206988,56714
206988,62170
206988,61540
207078,11262
207078,1304
207078,61542
207078,59822
207078,34092
207078,56714
207078,62074
207078,61540
207084,11262
207084,1304
207084,61542
207084,59822
207084,61540
207087,34092
207087,56714
207087,50274
207087,60
207087,51316
207096,11262
207096,1304
207096,61542
207096,59822
207096,34092
207096,48574
207096,56714
207096,57414
207096,62378
207096,61540
207096,48694
207102,11262
207102,1370
207102,33886
207102,62376
207102,63218
207102,63538
207102,63220
207102,61540
207105,11262
207105,33886
207105,34092
207105,56714
207105,63218
207105,63538
207105,63220
207105,61540
207114,11262
207114,1304
207114,1370
207114,61542
207114,59822
207114,62376
207114,61540
207123,11262
207123,61540
207129,11262
207129,1304
207129,61542
207129,1372
207129,59822
207129,61364
207129,63188
207129,34092
207129,56714
207129,62170
207129,61540
207144,11262
207144,1304
207144,1370
207144,61542
207144,59822
207144,62376
207144,34092
207144,56714
207144,61540
207147,34092
207147,56714
207150,11262
207150,1304
207150,1370
207150,33886
207150,61542
207150,59822
207150,62376
207150,34092
207150,56714
207150,63218
207150,63538
207150,63220
207150,61540
207156,11262
207156,1304
207156,61542
207156,59822
207156,34092
207156,56714
207156,61540
207216,11262
207216,1304
207216,1370
207216,61542
207216,59822
207216,62376
207216,34092
207216,56714
207216,61540
207219,11262
207219,1304
207219,1370
207219,61542
207219,30500
207219,50718
207219,59822
207219,62376
207219,34092
207219,56714
207219,61540
207219,56484
207222,10652
207222,11262
207222,1304
207222,1370
207222,44302
207222,49888
207222,61542
207222,1372
207222,30500
207222,50718
207222,59822
207222,61364
207222,62376
207222,63188
207222,34092
207222,48574
207222,50716
207222,56714
207222,57414
207222,63510
207222,60978
207222,62944
207222,61672
207222,62170
207222,62378
207222,62860
207222,61540
207222,56484
207222,48694
207240,1370
207240,62376
207243,1370
207243,62376
207264,10808
207330,1370
207330,1372
207330,61364
207330,62376
207330,63188
207330,124
207330,35846
207330,16358
207330,33534
207330,62170
207330,61552
207339,11262
207339,1304
207339,44302
207339,49888
207339,61542
207339,1372
207339,30500
207339,39186
207339,50718
207339,54096
207339,59822
207339,61364
207339,63188
207339,34092
207339,50716
207339,56714
207339,63510
207339,50274
207339,60978
207339,61028
207339,62944
207339,42132
207339,57804
207339,62170
207339,62400
207339,63186
207339,63418
207339,59816
207339,62860
207339,36720
207339,36722
207339,36762
207339,61540
207339,56484
207345,11262
207345,1304
207345,61542
207345,59822
207345,34092
207345,56714
207345,61540
207366,11262
207366,1304
207366,61542
207366,59822
207366,34092
207366,56714
207366,61540
207387,1304
207387,1370
207387,61542
207387,59822
207387,62376
207390,11262
207390,1304
207390,61542
207390,59822
207390,61540
207396,1370
207396,62376
207465,34092
207465,56714
207597,1370
207597,62376
207600,11262
207600,1304
207600,1370
207600,61542
207600,1372
207600,59822
207600,61364
207600,62376
207600,63188
207600,124
207600,48574
207600,57414
207600,35846
207600,16358
207600,62170
207600,62378
207600,61552
207600,61540
207600,48694
207618,11262
207618,1304
207618,1370
207618,61542
207618,1372
207618,30500
207618,50718
207618,59822
207618,61364
207618,62376
207618,63188
207618,62170
207618,61540
207618,56484
207822,1370
207822,62376
207828,11262
207828,1304
207828,1370
207828,33886
207828,35732
207828,61542
207828,30500
207828,50718
207828,59822
207828,61558
207828,61560
207828,62376
207828,124
207828,56696
207828,16358
207828,33534
207828,63218
207828,50268
207828,63538
207828,63220
207828,61540
207828,56484
207927,1370
207927,62376
207993,11262
207993,1304
207993,1370
207993,61542
207993,59822
207993,62376
207993,61540
207996,11262
207996,1304
207996,1370
207996,61542
207996,59822
207996,62376
207996,34092
207996,56714
207996,33534
207996,61540
207999,10652
207999,11262
207999,1304
207999,1370
207999,61542
207999,30500
207999,50718
207999,59822
207999,62376
207999,34092
207999,56714
207999,61672
207999,61540
207999,56484
208053,11262
208053,1370
208053,62376
208053,61540
208068,1370
208068,62376
208080,11262
208080,1304
208080,1370
208080,61542
208080,59822
208080,62376
208080,34092
208080,56714
208080,61540
208116,11262
208116,1370
208116,62376
208116,61540
208206,1370
208206,62376
208209,1370
208209,62376
208341,10652
208341,11262
208341,1370
208341,33886
208341,44302
208341,49888
208341,30500
208341,39186
208341,50718
208341,62376
208341,34092
208341,50716
208341,56714
208341,63510
208341,60978
208341,61028
208341,62944
208341,61672
208341,62400
208341,63218
208341,63418
208341,62860
208341,63538
208341,63220
208341,61540
208341,56484
208347,11262
208347,1370
208347,62376
208347,34092
208347,56714
208347,61540
208350,1304
208350,1370
208350,61542
208350,59822
208350,62376
208350,35846
208350,61552
208449,1370
208449,62376
208473,11262
208473,1370
208473,62376
208473,61540
208476,11262
208476,1304
208476,1370
208476,44302
208476,49888
208476,61542
208476,30500
208476,50718
208476,59822
208476,62376
208476,34092
208476,48574
208476,50716
208476,56714
208476,57414
208476,63510
208476,60978
208476,62944
208476,62378
208476,62860
208476,61540
208476,56484
208476,48694
208482,11262
208482,1304
208482,61542
208482,59822
208482,34092
208482,56714
208482,61540
208485,11262
208485,1304
208485,61542
208485,59822
208485,34092
208485,48574
208485,56714
208485,57414
208485,62378
208485,61540
208485,48694
208488,11262
208488,1304
208488,1370
208488,61542
208488,59822
208488,62376
208488,34092
208488,48574
208488,56714
208488,57414
208488,35846
208488,62378
208488,61552
208488,61540
208488,48694
208491,11262
208491,1304
208491,1370
208491,61542
208491,30500
208491,50718
208491,59822
208491,62376
208491,34092
208491,48574
208491,56714
208491,57414
208491,62378
208491,61540
208491,56484
208491,48694
208500,11262
208500,1304
208500,61542
208500,59822
208500,61540
208503,11262
208503,61540
208506,1304
208506,61542
208506,59822
208509,1304
208509,1370
208509,61542
208509,59822
208509,62376
208515,11262
208515,61540
208518,11262
208518,61540
208521,34092
208521,56714
208524,10652
208524,11262
208524,1304
208524,1370
208524,44302
208524,49888
208524,61542
208524,1372
208524,30500
208524,50718
208524,59822
208524,61364
208524,62376
208524,63188
208524,34092
208524,48574
208524,50716
208524,56714
208524,57414
208524,63510
208524,50274
208524,60978
208524,62944
208524,61672
208524,62170
208524,62378
208524,62860
208524,61540
208524,56484
208524,48694
208533,34092
208533,56714
208536,11262
208536,1304
208536,61542
208536,59822
208536,34092
208536,56714
208536,61540
208539,11262
208539,34092
208539,48574
208539,56714
208539,57414
208539,62378
208539,61540
208539,48694
208545,11262
208545,1304
208545,61542
208545,30500
208545,50718
208545,59822
208545,34092
208545,56714
208545,61540
208545,56484
208554,11262
208554,1304
208554,33886
208554,61542
208554,59822
208554,34092
208554,56714
208554,62074
208554,63218
208554,63538
208554,63220
208554,61540
208566,11262
208566,1304
208566,61542
208566,59822
208566,61540
208572,11262
208572,1304
208572,1370
208572,61542
208572,59822
208572,62376
208572,34092
208572,56714
208572,61540
208575,11262
208575,1304
208575,61542
208575,59822
208575,61540
208584,1304
208584,61542
208584,59822
208599,11262
208599,1304
208599,1370
208599,61542
208599,1372
208599,30500
208599,50718
208599,59822
208599,61364
208599,62376
208599,63188
208599,34092
208599,48574
208599,56714
208599,57414
208599,35846
208599,62170
208599,62378
208599,61552
208599,61540
208599,56484
208599,48694
208617,11262
208617,34092
208617,56714
208617,61540
208626,11262
208626,61540
208692,11262
208692,1304
208692,1370
208692,61542
208692,59822
208692,62376
208692,34092
208692,56714
208692,61540
208722,11262
208722,1304
208722,1370
208722,44302
208722,49888
208722,61542
208722,30500
208722,50718
208722,59822
208722,62376
208722,34092
208722,48574
208722,50716
208722,56714
208722,57414
208722,63510
208722,60978
208722,62944
208722,62378
208722,62860
208722,61540
208722,56484
208722,48694
208740,11262
208740,48574
208740,57414
208740,62378
208740,61540
208740,48694
208758,11262
208758,1304
208758,1370
208758,61542
208758,59822
208758,62376
208758,124
208758,34092
208758,56714
208758,16358
208758,61540
208761,11262
208761,1304
208761,44302
208761,49888
208761,61542
208761,30500
208761,50718
208761,59822
208761,34092
208761,50716
208761,56714
208761,63510
208761,60978
208761,62944
208761,62860
208761,61540
208761,56484
208788,11262
208788,1304
208788,1370
208788,44302
208788,49888
208788,61542
208788,1372
208788,30500
208788,50718
208788,59822
208788,61364
208788,62376
208788,63188
208788,34092
208788,48574
208788,50716
208788,56714
208788,57414
208788,63510
208788,60978
208788,62944
208788,62170
208788,62378
208788,62860
208788,61540
208788,56484
208788,48694
208794,1304
208794,1370
208794,61542
208794,59822
208794,62376
208794,124
208794,35846
208794,16358
208794,61552
208797,1304
208797,1370
208797,61542
208797,59822
208797,62376
208806,11262
208806,1304
208806,61542
208806,59822
208806,61540
208812,11262
208812,1304
208812,1370
208812,61542
208812,59822
208812,62376
208812,34092
208812,56714
208812,61540
208821,11262
208821,1304
208821,61542
208821,59822
208821,61540
208872,11262
208872,1304
208872,1370
208872,61542
208872,30500
208872,50718
208872,59822
208872,62376
208872,34092
208872,56714
208872,35846
208872,61552
208872,61540
208872,56484
208893,11262
208893,61540
208899,11262
208899,1304
208899,1370
208899,61542
208899,59822
208899,62376
208899,34092
208899,56714
208899,61540
209073,11262
209073,1304
209073,1370
209073,61542
209073,59822
209073,62376
209073,34092
209073,56714
209073,61540
209094,1370
209094,62376
209154,1304
209154,1370
209154,61542
209154,59822
209154,62376
209184,11262
209184,1370
209184,62376
209184,61540
209622,11262
209622,1304
209622,1370
209622,61542
209622,1372
209622,59822
209622,61364
209622,62376
209622,63188
209622,34092
209622,48574
209622,56714
209622,57414
209622,62170
209622,62378
209622,61540
209622,48694
209637,1304
209637,1370
209637,61542
209637,59822
209637,62376
209637,34092
209637,56714
209697,11262
209697,1304
209697,1370
209697,61542
209697,59822
209697,62376
209697,34092
209697,56714
209697,61540
209793,1304
209793,61542
209793,1372
209793,59822
209793,61364
209793,63188
209793,34092
209793,56714
209793,62170
209793,51316
209796,1370
209796,62376
209799,11262
209799,1370
209799,62376
209799,34092
209799,56714
209799,61540
209829,1304
209829,1370
209829,61542
209829,59822
209829,62376
209880,1370
209880,1372
209880,61364
209880,62376
209880,63188
209880,62170
209976,11262
209976,1304
209976,1370
209976,61542
209976,59822
209976,62376
209976,34092
209976,56714
209976,61540
209994,11262
209994,1304
209994,1370
209994,61542
209994,50720
209994,59822
209994,62376
209994,61540
210000,1370
210000,62376
210045,1370
210045,62376
210051,1370
210051,62376
210051,48574
210051,57414
210051,62378
210051,48694
210114,11262
210114,1304
210114,1370
210114,61542
210114,30500
210114,50718
210114,59822
210114,62376
210114,34092
210114,56714
210114,61540
210114,56484
210120,1370
210120,62376
210129,11262
210129,1304
210129,1370
210129,61542
210129,59822
210129,62376
210129,34092
210129,56714
210129,61540
210141,11262
210141,1304
210141,1370
210141,61542
210141,30500
210141,50718
210141,59822
210141,62376
210141,34092
210141,48574
210141,56714
210141,57414
210141,62378
210141,61540
210141,56484
210141,48694
210168,10652
210168,11262
210168,1370
210168,1372
210168,61364
210168,62376
210168,63188
210168,124
210168,34092
210168,48574
210168,56714
210168,57414
210168,16358
210168,61672
210168,62170
210168,10808
210168,62378
210168,61540
210168,48694
210171,11262
210171,1304
210171,1370
210171,61542
210171,59822
210171,62376
210171,61540
210186,11262
210186,1304
210186,33886
210186,61542
210186,1372
210186,30500
210186,50718
210186,59822
210186,61364
210186,63188
210186,34092
210186,56714
210186,62170
210186,63218
210186,63538
210186,63220
210186,61540
210186,56484
210234,10652
210234,11262
210234,1304
210234,1370
210234,35732
210234,44302
210234,49888
210234,61542
210234,1372
210234,30500
210234,50718
210234,59822
210234,61364
210234,61558
210234,61560
210234,62376
210234,63188
210234,124
210234,34092
210234,48574
210234,50716
210234,56714
210234,57414
210234,62074
210234,63510
210234,56696
210234,60978
210234,62944
210234,16358
210234,61672
210234,62170
210234,62378
210234,62860
210234,50268
210234,61540
210234,56484
210234,48694
210342,11262
210342,1304
210342,1370
210342,61542
210342,59822
210342,62376
210342,34092
210342,56714
210342,61540
210393,11262
210393,1304
210393,33886
210393,61542
210393,59822
210393,34092
210393,48574
210393,56714
210393,57414
210393,62074
210393,63218
210393,62378
210393,63538
210393,63220
210393,61540
210393,48694
210585,11262
210585,1304
210585,61542
210585,59822
210585,61540
210615,10652
210615,11262
210615,1370
210615,30500
210615,50718
210615,54096
210615,62376
210615,124
210615,34092
210615,56714
210615,50274
210615,16358
210615,42132
210615,57804
210615,61672
210615,63186
210615,10808
210615,59816
210615,36720
210615,36722
210615,36762
210615,61540
210615,56484
210627,11262
210627,1304
210627,1370
210627,61542
210627,59822
210627,62376
210627,61540
210633,11262
210633,1370
210633,62376
210633,61540
210678,11262
210678,1304
210678,1370
210678,61542
210678,59822
210678,62376
210678,61540
210690,11262
210690,1304
210690,61542
210690,59822
210690,34092
210690,56714
210690,61540
210795,1370
210795,62376
210813,1370
210813,62376
210813,34092
210813,56714
210825,1370
210825,62376
210834,11262
210834,1370
210834,62376
210834,34092
210834,56714
210834,61540
210840,1304
210840,61542
210840,59822
210840,62074
210843,11262
210843,1304
210843,1370
210843,61542
210843,59822
210843,62376
210843,34092
210843,56714
210843,61540
210846,11262
210846,1304
210846,61542
210846,30500
210846,50718
210846,59822
210846,34092
210846,48574
210846,56714
210846,57414
210846,62378
210846,61540
210846,56484
210846,48694
210876,10652
210876,11262
210876,1304
210876,1370
210876,61542
210876,30500
210876,50718
210876,59822
210876,62376
210876,124
210876,34092
210876,48574
210876,56714
210876,57414
210876,62074
210876,35846
210876,16358
210876,33534
210876,61672
210876,62378
210876,61552
210876,61540
210876,56484
210876,48694
210882,11262
210882,1370
210882,62376
210882,48574
210882,57414
210882,62378
210882,61540
210882,48694
210897,11262
210897,61540
210933,60
210954,11262
210954,1304
210954,1370
210954,61542
210954,1372
210954,59822
210954,61364
210954,62376
210954,63188
210954,34092
210954,56714
210954,62170
210954,61540
210978,11262
210978,1370
210978,62376
210978,34092
210978,56714
210978,61540
210981,10652
210981,11262
210981,1304
210981,1370
210981,61542
210981,1372
210981,30500
210981,50718
210981,59822
210981,61364
210981,62376
210981,63188
210981,34092
210981,48574
210981,56714
210981,57414
210981,61672
210981,62170
210981,62378
210981,61540
210981,56484
210981,48694
211047,11262
211047,1370
211047,62376
211047,61540
211125,11262
211125,61540
211140,34092
211140,56714
211140,50274
211140,57804
211140,10808
211140,36720
211140,60
211140,51316
211140,36722
211140,36762
211236,1304
211236,1370
211236,61542
211236,59822
211236,62376
211344,34092
211344,56714
211383,11262
211383,1304
211383,61542
211383,59822
211383,48574
211383,57414
211383,62378
211383,61540
211383,48694
211386,11262
211386,1370
211386,62376
211386,48574
211386,57414
211386,62378
211386,61540
211386,48694
211407,11262
211407,1304
211407,1370
211407,61542
211407,59822
211407,62376
211407,34092
211407,56714
211407,61540
211413,1304
211413,1370
211413,61542
211413,59822
211413,62376
211413,34092
211413,56714
211473,11262
211473,1304
211473,1370
211473,61542
211473,30500
211473,50718
211473,59822
211473,62376
211473,34092
211473,48574
211473,56714
211473,57414
211473,62378
211473,61540
211473,56484
211473,48694
211476,11262
211476,1304
211476,1370
211476,61542
211476,59822
211476,62376
211476,34092
211476,56714
211476,61540
211524,11262
211524,1304
211524,1370
211524,33886
211524,61542
211524,30500
211524,50718
211524,59822
211524,62376
211524,34092
211524,48574
211524,56714
211524,57414
211524,62074
211524,46632
211524,48980
211524,63218
211524,62378
211524,63538
211524,63220
211524,61540
211524,56484
211524,48694
211527,10652
211527,11262
211527,1304
211527,33886
211527,44302
211527,49888
211527,61542
211527,1372
211527,30500
211527,39186
211527,50718
211527,54096
211527,59822
211527,61364
211527,63188
211527,124
211527,34092
211527,50716
211527,56714
211527,63510
211527,35846
211527,46632
211527,50270
211527,50272
211527,50274
211527,59394
211527,59396
211527,60522
211527,60978
211527,61028
211527,62274
211527,62618
211527,62944
211527,16358
211527,42132
211527,48980
211527,57804
211527,61280
211527,61672
211527,62170
211527,62400
211527,63186
211527,63218
211527,63418
211527,59816
211527,62860
211527,36720
211527,62616
211527,61552
211527,55798
211527,63538
211527,36722
211527,36762
211527,63220
211527,61540
211527,56484
211527,10790
211533,10652
211533,11262
211533,1304
211533,1370
211533,61542
211533,1372
211533,30500
211533,50718
211533,59822
211533,61364
211533,62376
211533,63188
211533,124
211533,34092
211533,48574
211533,56714
211533,57414
211533,62074
211533,35846
211533,16358
211533,33534
211533,61672
211533,62170
211533,62378
211533,61552
211533,60
211533,61540
211533,56484
211533,48694
211542,11262
211542,1304
211542,1370
211542,61542
211542,59822
211542,62376
211542,34092
211542,56714
211542,61540
211548,11262
211548,1304
211548,61542
211548,59822
211548,34092
211548,56714
211548,61540
211632,1370
211632,62376
211638,11262
211638,62074
211638,33534
211638,61540
211641,11262
211641,34092
211641,56714
211641,61540
211683,11262
211683,1370
211683,62376
211683,61540
211749,44302
211749,49888
211749,54096
211749,34092
211749,50716
211749,56714
211749,63510
211749,60978
211749,62944
211749,42132
211749,63186
211749,59816
211749,62860
211761,11262
211761,1370
211761,62376
211761,61540
211767,11262
211767,1370
211767,62376
211767,61540
211806,1370
211806,62376
211815,11262
211815,1304
211815,1370
211815,61542
211815,59822
211815,62376
211815,34092
211815,56714
211815,61540
211950,11262
211950,1304
211950,1370
211950,44302
211950,49888
211950,61542
211950,1372
211950,59822
211950,61364
211950,62376
211950,63188
211950,48574
211950,50716
211950,57414
211950,62074
211950,63510
211950,35846
211950,60978
211950,62944
211950,62170
211950,62378
211950,62860
211950,61552
211950,61540
211950,48694
211965,11262
211965,1304
211965,61542
211965,30500
211965,50718
211965,59822
211965,124
211965,34092
211965,48574
211965,56714
211965,57414
211965,35846
211965,16358
211965,33534
211965,62378
211965,61552
211965,61540
211965,56484
211965,48694
211989,1304
211989,61542
211989,59822
212112,11262
212112,1370
212112,62376
212112,61540
212181,1370
212181,62376
212211,10652
212211,11262
212211,1304
212211,1370
212211,61542
212211,1372
212211,30500
212211,50718
212211,59822
212211,61364
212211,62376
212211,63188
212211,34092
212211,48574
212211,56714
212211,57414
212211,61672
212211,62170
212211,62378
212211,61540
212211,56484
212211,48694
212220,10652
212220,11262
212220,1304
212220,1370
212220,35732
212220,44302
212220,49888
212220,61542
212220,1372
212220,30500
212220,39186
212220,50718
212220,54096
212220,59822
212220,61364
212220,61558
212220,61560
212220,62376
212220,63188
212220,124
212220,34092
212220,48574
212220,50716
212220,56714
212220,57414
212220,63510
212220,35846
212220,50272
212220,50274
212220,56696
212220,59394
212220,60522
212220,60978
212220,61028
212220,62944
212220,16358
212220,42132
212220,57804
212220,61280
212220,61672
212220,62170
212220,62400
212220,63186
212220,63418
212220,10808
212220,59816
212220,62378
212220,62860
212220,36720
212220,3382
212220,50268
212220,62616
212220,61552
212220,36722
212220,36762
212220,61540
212220,56484
212220,48694
212220,10790
212232,34092
212232,56714
212256,1304
212256,1370
212256,61542
212256,30500
212256,50718
212256,59822
212256,62376
212256,124
212256,34092
212256,56714
212256,16358
212256,56484
212283,1304
212283,1370
212283,61542
212283,59822
212283,62376
212301,11262
212301,1304
212301,44302
212301,49888
212301,61542
212301,1372
212301,30500
212301,50718
212301,54096
212301,59822
212301,61364
212301,63188
212301,34092
212301,48574
212301,50716
212301,56714
212301,57414
212301,63510
212301,60978
212301,62944
212301,42132
212301,62170
212301,63186
212301,59816
212301,62378
212301,62860
212301,61540
212301,56484
212301,48694
212337,11262
212337,1304
212337,61542
212337,59822
212337,61540
212379,11262
212379,61540
212397,1370
212397,62376
212430,11262
212430,1304
212430,1370
212430,61542
212430,1372
212430,30500
212430,50718
212430,59822
212430,61364
212430,62376
212430,63188
212430,124
212430,34092
212430,48574
212430,56714
212430,57414
212430,62074
212430,16358
212430,62170
212430,62378
212430,61540
212430,56484
212430,48694
212442,11262
212442,1304
212442,61542
212442,1372
212442,30500
212442,50718
212442,59822
212442,61364
212442,63188
212442,34092
212442,48574
212442,56714
212442,57414
212442,62074
212442,62170
212442,62378
212442,61540
212442,56484
212442,48694
212445,34092
212445,56714
212445,50274
212445,57804
212445,36720
212445,36722
212445,36762
212448,11262
212448,1304
212448,44302
212448,49888
212448,61542
212448,30500
212448,50718
212448,59822
212448,34092
212448,50716
212448,56714
212448,63510
212448,60978
212448,62944
212448,62860
212448,61540
212448,56484
212469,11262
212469,1304
212469,1370
212469,61542
212469,59822
212469,62376
212469,34092
212469,48574
212469,56714
212469,57414
212469,62378
212469,61540
212469,48694
212475,11262
212475,1370
212475,62376
212475,61540
212526,10652
212526,11262
212526,1304
212526,1370
212526,61542
212526,59822
212526,62376
212526,34092
212526,56714
212526,61672
212526,61540
212550,1304
212550,61542
212550,1372
212550,59822
212550,61364
212550,63188
212550,62170
212571,11262
212571,1370
212571,62376
212571,61540
212586,1370
212586,62376
212592,11262
212592,1370
212592,62376
212592,61540
212595,11262
212595,1304
212595,1370
212595,61542
212595,59822
212595,62376
212595,34092
212595,56714
212595,61540
212637,11262
212637,1304
212637,61542
212637,59822
212637,34092
212637,56714
212637,62074
212637,35846
212637,33534
212637,61552
212637,61540
212640,11262
212640,34092
212640,56714
212640,61540
212721,10652
212721,11262
212721,1304
212721,1370
212721,44302
212721,49888
212721,61542
212721,1372
212721,30500
212721,39186
212721,50718
212721,59822
212721,61364
212721,62376
212721,63188
212721,34092
212721,48574
212721,50716
212721,56714
212721,57414
212721,63510
212721,50274
212721,60978
212721,61028
212721,62944
212721,61672
212721,62170
212721,62400
212721,63418
212721,62378
212721,62860
212721,61540
212721,56484
212721,48694
212745,11262
212745,1304
212745,1370
212745,61542
212745,59822
212745,62376
212745,124
212745,16358
212745,61540
212748,11262
212748,1304
212748,33886
212748,44302
212748,49888
212748,61542
212748,1372
212748,30500
212748,50718
212748,59822
212748,61364
212748,63188
212748,34092
212748,50716
212748,56714
212748,63510
212748,60978
212748,62944
212748,62170
212748,63218
212748,62860
212748,63538
212748,63220
212748,61540
212748,56484
212775,1304
212775,1370
212775,61542
212775,59822
212775,62376
212775,48574
212775,57414
212775,62378
212775,48694
212892,11262
212892,1370
212892,62376
212892,34092
212892,48574
212892,56714
212892,57414
212892,62378
212892,61540
212892,48694
213102,11262
213102,1304
213102,1370
213102,44302
213102,49888
213102,61542
213102,1372
213102,30500
213102,50718
213102,59822
213102,61364
213102,62376
213102,63188
213102,34092
213102,48574
213102,50716
213102,56714
213102,57414
213102,63510
213102,60978
213102,62944
213102,62170
213102,62378
213102,62860
213102,61540
213102,56484
213102,48694
213114,11262
213114,1304
213114,1370
213114,61542
213114,1372
213114,30500
213114,50718
213114,59822
213114,61364
213114,62376
213114,63188
213114,124
213114,34092
213114,48574
213114,56714
213114,57414
213114,62074
213114,35846
213114,16358
213114,62170
213114,62378
213114,61552
213114,61540
213114,56484
213114,48694
213513,11262
213513,1304
213513,1370
213513,61542
213513,59822
213513,62376
213513,61540
213885,11262
213885,44302
213885,49888
213885,30500
213885,50718
213885,34092
213885,50716
213885,56714
213885,63510
213885,50274
213885,60978
213885,62944
213885,62860
213885,61540
213885,56484
213978,34092
213978,56714
213978,50274
213978,57804
213978,36720
213978,60
213978,51316
213978,36722
213978,36762
213987,1370
213987,62376
214506,11262
214506,1370
214506,62376
214506,61540
214968,11262
214968,1370
214968,62376
214968,34092
214968,56714
214968,61540
214998,34092
214998,56714
214998,50274
215112,11262
215112,30500
215112,50718
215112,34092
215112,56714
215112,61540
215112,56484
215298,1372
215298,61364
215298,63188
215298,34092
215298,48574
215298,56714
215298,57414
215298,62170
215298,62378
215298,48694
215457,34092
215457,56714
215517,1304
215517,61542
215517,59822
215985,11262
215985,61540
216033,11262
216033,1370
216033,1372
216033,61364
216033,62376
216033,63188
216033,62170
216033,61540
216108,10652
216108,11262
216108,1304
216108,1370
216108,35732
216108,61542
216108,1372
216108,30500
216108,50718
216108,59822
216108,61364
216108,61558
216108,61560
216108,62376
216108,63188
216108,34092
216108,48574
216108,56714
216108,57414
216108,56696
216108,61672
216108,62170
216108,62378
216108,50268
216108,61540
216108,56484
216108,48694
216123,1370
216123,62376
216123,34092
216123,56714
216309,1370
216309,62376
216309,34092
216309,56714
216309,50274
216366,11262
216366,61540
216498,10652
216498,11262
216498,1304
216498,1370
216498,61542
216498,1372
216498,59822
216498,61364
216498,62376
216498,63188
216498,124
216498,34092
216498,56714
216498,16358
216498,61672
216498,62170
216498,61540
216564,34092
216564,56714
216564,50274
216564,57804
216564,10808
216564,36720
216564,36722
216564,36762
216648,11262
216648,1304
216648,61542
216648,30500
216648,50718
216648,59822
216648,34092
216648,48574
216648,56714
216648,57414
216648,62378
216648,61540
216648,56484
216648,48694
216948,1370
216948,62376
216981,1304
216981,1370
216981,61542
216981,1372
216981,59822
216981,61364
216981,62376
216981,63188
216981,62170
217002,11262
217002,1304
217002,1370
217002,61542
217002,59822
217002,62376
217002,34092
217002,56714
217002,61540
217293,11262
217293,1370
217293,62376
217293,61540
217380,1370
217380,62376
217380,34092
217380,56714
217494,11262
217494,1304
217494,1370
217494,61542
217494,59822
217494,62376
217494,61540
217620,1304
217620,1370
217620,61542
217620,1372
217620,59822
217620,61364
217620,62376
217620,63188
217620,62170
217752,11262
217752,1304
217752,1370
217752,61542
217752,1372
217752,59822
217752,61364
217752,62376
217752,63188
217752,62170
217752,61540
217782,10652
217782,11262
217782,1370
217782,44302
217782,49888
217782,1372
217782,30500
217782,39186
217782,50718
217782,54096
217782,61364
217782,62376
217782,63188
217782,124
217782,34092
217782,48574
217782,50716
217782,56714
217782,57414
217782,63510
217782,46632
217782,50272
217782,50274
217782,59394
217782,60522
217782,60978
217782,61028
217782,62944
217782,16358
217782,42132
217782,48980
217782,57804
217782,61280
217782,61672
217782,62170
217782,62400
217782,63186
217782,63418
217782,10808
217782,59816
217782,62378
217782,62860
217782,36720
217782,3382
217782,62616
217782,55632
217782,36722
217782,36762
217782,54864
217782,57522
217782,61540
217782,55638
217782,56484
217782,48694
217782,10790
217848,11262
217848,1304
217848,1370
217848,33886
217848,44302
217848,49888
217848,61542
217848,1372
217848,30500
217848,50718
217848,59822
217848,61364
217848,62376
217848,63188
217848,34092
217848,48574
217848,50716
217848,56714
217848,57414
217848,62074
217848,63510
217848,60978
217848,62944
217848,62170
217848,63218
217848,62378
217848,62860
217848,63538
217848,63220
217848,61540
217848,56484
217848,48694
218061,1304
218061,1370
218061,61542
218061,59822
218061,62376
218121,11262
218121,1370
218121,62376
218121,61540
218265,11262
218265,1304
218265,1370
218265,61542
218265,59822
218265,62376
218265,34092
218265,56714
218265,61540
218673,11262
218673,1304
218673,1370
218673,61542
218673,59822
218673,62376
218673,61540
219021,10652
219021,11262
219021,1304
219021,1370
219021,61542
219021,59822
219021,62376
219021,34092
219021,56714
219021,61672
219021,61540
219030,1370
219030,62376
219048,11262
219048,1304
219048,1370
219048,61542
219048,1372
219048,59822
219048,61364
219048,62376
219048,63188
219048,48574
219048,57414
219048,62170
219048,62378
219048,61540
219048,48694
219132,11262
219132,1304
219132,1370
219132,61542
219132,59822
219132,62376
219132,61540
219231,11262
219231,61540
219381,11262
219381,1370
219381,62376
219381,61540
219420,11262
219420,1304
219420,1370
219420,61542
219420,59822
219420,62376
219420,61540
219450,11262
219450,1304
219450,1370
219450,61542
219450,59822
219450,62376
219450,124
219450,16358
219450,61540
219456,1304
219456,61542
219456,59822
219522,1370
219522,62376
219522,34092
219522,56714
220011,11262
220011,1304
220011,1370
220011,61542
220011,59822
220011,62376
220011,34092
220011,56714
220011,61540
220047,1370
220047,62376
220170,11262
220170,1304
220170,61542
220170,59822
220170,61540
220179,11262
220179,61540
220218,1370
220218,62376
220269,10652
220269,11262
220269,1304
220269,1370
220269,61542
220269,1372
220269,54096
220269,59822
220269,61364
220269,62376
220269,63188
220269,124
220269,34092
220269,48574
220269,56714
220269,57414
220269,62074
220269,35846
220269,46632
220269,50274
220269,16358
220269,42132
220269,48980
220269,57804
220269,61672
220269,62170
220269,63186
220269,10808
220269,59816
220269,62378
220269,36720
220269,3382
220269,61552
220269,36722
220269,36762
220269,61540
220269,48694
220302,11262
220302,1304
220302,61542
220302,59822
220302,61540
220632,11262
220632,1304
220632,1370
220632,61542
220632,59822
220632,62376
220632,124
220632,62074
220632,35846
220632,16358
220632,33534
220632,61552
220632,61540
220713,10652
220713,11262
220713,1304
220713,1370
220713,35732
220713,61542
220713,30500
220713,50718
220713,59822
220713,61558
220713,61560
220713,62376
220713,56696
220713,61672
220713,50268
220713,61540
220713,56484
220728,11262
220728,1304
220728,1370
220728,61542
220728,30500
220728,50718
220728,59822
220728,62376
220728,34092
220728,56714
220728,62074
220728,61540
220728,56484
221115,11262
221115,1304
221115,1370
221115,61542
221115,59822
221115,62376
221115,34092
221115,48574
221115,56714
221115,57414
221115,62378
221115,61540
221115,48694
221151,11262
221151,1304
221151,61542
221151,59822
221151,61540
221331,10652
221331,11262
221331,1370
221331,44302
221331,49888
221331,1372
221331,30500
221331,39186
221331,50718
221331,54096
221331,61364
221331,62376
221331,63188
221331,124
221331,34092
221331,48574
221331,50716
221331,56714
221331,57414
221331,63510
221331,50274
221331,60978
221331,61028
221331,62944
221331,16358
221331,42132
221331,61672
221331,62170
221331,62400
221331,63186
221331,63418
221331,59816
221331,62378
221331,62860
221331,3382
221331,61540
221331,56484
221331,48694
221409,1304
221409,61542
221409,1372
221409,59822
221409,61364
221409,63188
221409,34092
221409,56714
221409,62170
221526,11262
221526,1304
221526,1370
221526,61542
221526,59822
221526,62376
221526,34092
221526,56714
221526,61540
221610,1304
221610,1370
221610,61542
221610,59822
221610,62376
221610,34092
221610,56714
221751,11262
221751,61540
222159,11262
222159,61540
222204,10652
222204,11262
222204,1304
222204,1370
222204,61542
222204,30500
222204,50718
222204,59822
222204,62376
222204,34092
222204,56714
222204,61672
222204,61540
222204,56484
222306,11262
222306,1304
222306,61542
222306,59822
222306,61540
222438,10652
222438,11262
222438,1304
222438,1370
222438,61542
222438,30500
222438,50718
222438,59822
222438,62376
222438,34092
222438,56714
222438,61672
222438,61540
222438,56484
222621,1304
222621,1370
222621,61542
222621,59822
222621,62376
222669,11262
222669,1304
222669,33886
222669,61542
222669,59822
222669,34092
222669,56714
222669,50270
222669,59396
222669,62274
222669,62618
222669,63218
222669,10808
222669,55798
222669,63538
222669,63220
222669,61540
222711,11262
222711,1370
222711,62376
222711,61540
222750,11262
222750,1304
222750,1370
222750,61542
222750,59822
222750,62376
222750,61540
222759,11262
222759,61540
222843,11262
222843,62074
222843,61540
222894,11262
222894,1304
222894,1370
222894,61542
222894,59822
222894,62376
222894,61540
222906,10652
222906,11262
222906,1304
222906,1370
222906,44302
222906,49888
222906,61542
222906,1372
222906,30500
222906,39186
222906,50718
222906,59822
222906,61364
222906,62376
222906,63188
222906,34092
222906,48574
222906,50716
222906,56714
222906,57414
222906,63510
222906,50270
222906,50274
222906,59396
222906,60978
222906,61028
222906,62274
222906,62618
222906,62944
222906,61672
222906,62170
222906,62400
222906,63418
222906,62378
222906,62860
222906,55798
222906,61540
222906,56484
222906,48694
223071,1370
223071,62376
223071,34092
223071,56714
223089,50274
223089,57804
223089,10808
223089,36720
223089,60
223089,36722
223089,36762
223104,11262
223104,1370
223104,62376
223104,61540
223389,34092
223389,56714
223518,11262
223518,1370
223518,62376
223518,61540
223554,11262
223554,1304
223554,61542
223554,30500
223554,50718
223554,59822
223554,34092
223554,48574
223554,56714
223554,57414
223554,62378
223554,61540
223554,56484
223554,48694
223728,11262
223728,1304
223728,1370
223728,61542
223728,30500
223728,50718
223728,59822
223728,62376
223728,34092
223728,56714
223728,61540
223728,56484
223776,11262
223776,1304
223776,1370
223776,61542
223776,59822
223776,62376
223776,34092
223776,56714
223776,61540
223782,11262
223782,1304
223782,1370
223782,61542
223782,59822
223782,62376
223782,61540
223968,11262
223968,1304
223968,1370
223968,61542
223968,1372
223968,30500
223968,50718
223968,59822
223968,61364
223968,62376
223968,63188
223968,34092
223968,48574
223968,56714
223968,57414
223968,62170
223968,62378
223968,61540
223968,56484
223968,48694
224145,11262
224145,1304
224145,61542
224145,59822
224145,34092
224145,48574
224145,56714
224145,57414
224145,62378
224145,61540
224145,48694
224169,10652
224169,11262
224169,1304
224169,1370
224169,44302
224169,49888
224169,61542
224169,1372
224169,30500
224169,50718
224169,59822
224169,61364
224169,62376
224169,63188
224169,34092
224169,48574
224169,50716
224169,56714
224169,57414
224169,63510
224169,60978
224169,62944
224169,61672
224169,62170
224169,62378
224169,62860
224169,61540
224169,56484
224169,48694
224208,1370
224208,62376
224208,34092
224208,56714
224280,11262
224280,1370
224280,62376
224280,61540
224526,11262
224526,1304
224526,1370
224526,61542
224526,59822
224526,62376
224526,61540
224631,11262
224631,1304
224631,1370
224631,61542
224631,1372
224631,59822
224631,61364
224631,62376
224631,63188
224631,62170
224631,61540
224787,11262
224787,1304
224787,61542
224787,59822
224787,34092
224787,56714
224787,61540
224841,11262
224841,1370
224841,62376
224841,61540
224874,1370
224874,62376
224874,34092
224874,56714
224925,1370
224925,62376
224931,1304
224931,1370
224931,61542
224931,59822
224931,62376
225012,1370
225012,62376
225276,11262
225276,1304
225276,1370
225276,61542
225276,59822
225276,62376
225276,34092
225276,56714
225276,61540
225351,11262
225351,1304
225351,1370
225351,61542
225351,59822
225351,62376
225351,48574
225351,57414
225351,62378
225351,61540
225351,48694
225390,11262
225390,1304
225390,1370
225390,61542
225390,59822
225390,62376
225390,61540
225393,10652
225393,11262
225393,1304
225393,1370
225393,33886
225393,44302
225393,49888
225393,61542
225393,1372
225393,30500
225393,39186
225393,50718
225393,54096
225393,59822
225393,61364
225393,62376
225393,63188
225393,124
225393,34092
225393,48574
225393,50716
225393,56714
225393,57414
225393,63510
225393,35846
225393,46632
225393,50270
225393,50274
225393,59396
225393,60978
225393,61028
225393,62274
225393,62618
225393,62944
225393,16358
225393,33534
225393,42132
225393,48980
225393,57804
225393,61672
225393,62170
225393,62400
225393,63186
225393,63218
225393,63418
225393,59816
225393,62378
225393,62860
225393,36720
225393,61552
225393,55798
225393,63538
225393,36722
225393,36762
225393,63220
225393,61540
225393,56484
225393,48694
225480,1370
225480,62376
225501,10652
225501,11262
225501,1304
225501,1370
225501,44302
225501,49888
225501,61542
225501,1372
225501,30500
225501,50718
225501,59822
225501,61364
225501,62376
225501,63188
225501,124
225501,34092
225501,48574
225501,50716
225501,56714
225501,57414
225501,62074
225501,63510
225501,60978
225501,62944
225501,16358
225501,61672
225501,62170
225501,62378
225501,62860
225501,61540
225501,56484
225501,48694
225654,1370
225654,62376
225669,11262
225669,1304
225669,1370
225669,33886
225669,35732
225669,61542
225669,59822
225669,61558
225669,61560
225669,62376
225669,56696
225669,63218
225669,50268
225669,63538
225669,63220
225669,61540
225672,1370
225672,62376
225672,34092
225672,56714
225699,11262
225699,1304
225699,1370
225699,61542
225699,59822
225699,62376
225699,61540
225747,11262
225747,1370
225747,62376
225747,48574
225747,57414
225747,62378
225747,61540
225747,48694
225972,1370
225972,62376
226623,11262
226623,1304
226623,1370
226623,61542
226623,59822
226623,62376
226623,34092
226623,56714
226623,61540
226662,11262
226662,1304
226662,1370
226662,61542
226662,59822
226662,62376
226662,34092
226662,48574
226662,56714
226662,57414
226662,62378
226662,61540
226662,48694
226827,11262
226827,1370
226827,62376
226827,34092
226827,56714
226827,61540
226848,11262
226848,1304
226848,1370
226848,61542
226848,59822
226848,62376
226848,61540
227115,11262
227115,1304
227115,1370
227115,61542
227115,59822
227115,62376
227115,61540
227223,11262
227223,1304
227223,1370
227223,61542
227223,59822
227223,62376
227223,61540
227238,1370
227238,62376
227292,10652
227292,11262
227292,1304
227292,1370
227292,35732
227292,44302
227292,49888
227292,61542
227292,1372
227292,30500
227292,50718
227292,59822
227292,61364
227292,61558
227292,61560
227292,62376
227292,63188
227292,34092
227292,48574
227292,50716
227292,56714
227292,57414
227292,63510
227292,56696
227292,60978
227292,62944
227292,61672
227292,62170
227292,62378
227292,62860
227292,50268
227292,61540
227292,56484
227292,48694
227295,10652
227295,11262
227295,1370
227295,35732
227295,61558
227295,61560
227295,62376
227295,34092
227295,56714
227295,62074
227295,56696
227295,61672
227295,50268
227295,61540
227310,11262
227310,1304
227310,1370
227310,61542
227310,30500
227310,50718
227310,59822
227310,62376
227310,34092
227310,48574
227310,56714
227310,57414
227310,50274
227310,62378
227310,61540
227310,56484
227310,48694
227343,11262
227343,1304
227343,1370
227343,61542
227343,1372
227343,30500
227343,50718
227343,59822
227343,61364
227343,62376
227343,63188
227343,124
227343,48574
227343,57414
227343,16358
227343,62170
227343,62378
227343,61540
227343,56484
227343,48694
227469,11262
227469,1304
227469,1370
227469,61542
227469,1372
227469,59822
227469,61364
227469,62376
227469,63188
227469,62170
227469,61540
227616,11262
227616,1304
227616,61542
227616,1372
227616,59822
227616,61364
227616,63188
227616,35846
227616,62170
227616,61552
227616,61540
227664,1370
227664,1372
227664,61364
227664,62376
227664,63188
227664,34092
227664,48574
227664,56714
227664,57414
227664,62170
227664,62378
227664,48694
227670,11262
227670,1370
227670,62376
227670,34092
227670,56714
227670,61540
227829,11262
227829,1304
227829,61542
227829,59822
227829,61540
227973,11262
227973,1370
227973,62376
227973,34092
227973,56714
227973,61540
227988,11262
227988,1304
227988,1370
227988,61542
227988,59822
227988,62376
227988,61540
228024,11262
228024,1370
228024,62376
228024,61540
228060,11262
228060,1304
228060,1370
228060,61542
228060,1372
228060,59822
228060,61364
228060,62376
228060,63188
228060,34092
228060,48574
228060,56714
228060,57414
228060,62074
228060,62170
228060,62378
228060,61540
228060,48694
228315,1370
228315,62376
228438,1370
228438,62376
228564,11262
228564,1304
228564,1370
228564,61542
228564,59822
228564,62376
228564,61540
228729,10652
228729,11262
228729,1304
228729,1370
228729,61542
228729,30500
228729,50718
228729,59822
228729,62376
228729,34092
228729,48574
228729,56714
228729,57414
228729,61672
228729,62378
228729,61540
228729,56484
228729,48694
228741,11262
228741,1304
228741,1370
228741,61542
228741,59822
228741,62376
228741,61540
228753,1304
228753,1370
228753,61542
228753,59822
228753,62376
228948,1304
228948,61542
228948,1372
228948,54096
228948,59822
228948,61364
228948,63188
228948,42132
228948,62170
228948,63186
228948,59816
229341,11262
229341,1304
229341,61542
229341,59822
229341,61540
229473,11262
229473,1304
229473,1370
229473,61542
229473,59822
229473,62376
229473,34092
229473,56714
229473,61540
229521,11262
229521,1304
229521,61542
229521,30500
229521,50718
229521,59822
229521,34092
229521,48574
229521,56714
229521,57414
229521,62378
229521,61540
229521,56484
229521,48694
229527,11262
229527,1370
229527,1372
229527,39186
229527,54096
229527,61364
229527,62376
229527,63188
229527,34092
229527,56714
229527,61028
229527,42132
229527,62170
229527,62400
229527,63186
229527,63418
229527,59816
229527,61540
229539,30500
229539,39186
229539,50718
229539,34092
229539,56714
229539,50274
229539,61028
229539,62400
229539,63418
229539,56484
229620,11262
229620,1304
229620,61542
229620,59822
229620,61540
229737,1304
229737,1370
229737,61542
229737,59822
229737,62376
229812,1304
229812,1370
229812,61542
229812,59822
229812,62376
229977,11262
229977,1370
229977,62376
229977,34092
229977,56714
229977,61540
230010,11262
230010,1370
230010,62376
230010,124
230010,34092
230010,56714
230010,16358
230010,61540
230028,11262
230028,1304
230028,1370
230028,61542
230028,30500
230028,50718
230028,59822
230028,62376
230028,34092
230028,56714
230028,61540
230028,56484
230073,11262
230073,1304
230073,1370
230073,61542
230073,1372
230073,30500
230073,50718
230073,59822
230073,61364
230073,62376
230073,63188
230073,34092
230073,56714
230073,62170
230073,61540
230073,56484
230091,10652
230091,11262
230091,1370
230091,44302
230091,49888
230091,1372
230091,30500
230091,39186
230091,50718
230091,54096
230091,61364
230091,62376
230091,63188
230091,34092
230091,48574
230091,50716
230091,56714
230091,57414
230091,63510
230091,60978
230091,61028
230091,62944
230091,42132
230091,61672
230091,62170
230091,62400
230091,63186
230091,63418
230091,59816
230091,62378
230091,62860
230091,61540
230091,56484
230091,48694
230178,11262
230178,1304
230178,1370
230178,61542
230178,59822
230178,62376
230178,61540
230286,11262
230286,1304
230286,1370
230286,61542
230286,1372
230286,59822
230286,61364
230286,62376
230286,63188
230286,34092
230286,48574
230286,56714
230286,57414
230286,62170
230286,62378
230286,61540
230286,48694
230331,11262
230331,1370
230331,62376
230331,34092
230331,56714
230331,61540
230604,11262
230604,1304
230604,1370
230604,61542
230604,59822
230604,62376
230604,61540
231057,11262
231057,1304
231057,33886
231057,44302
231057,49888
231057,61542
231057,1372
231057,30500
231057,50718
231057,59822
231057,61364
231057,63188
231057,34092
231057,48574
231057,50716
231057,56714
231057,57414
231057,62074
231057,63510
231057,60978
231057,62944
231057,62170
231057,63218
231057,62378
231057,62860
231057,63538
231057,63220
231057,61540
231057,56484
231057,48694
231096,1370
231096,62376
231102,1304
231102,1370
231102,61542
231102,1372
231102,59822
231102,61364
231102,62376
231102,63188
231102,34092
231102,56714
231102,62170
231144,11262
231144,34092
231144,56714
231144,61540
231162,11262
231162,1370
231162,62376
231162,34092
231162,56714
231162,61540
231225,11262
231225,1370
231225,1372
231225,61364
231225,62376
231225,63188
231225,62170
231225,61540
231459,1370
231459,62376
231663,10652
231663,11262
231663,1370
231663,33886
231663,62376
231663,34092
231663,56714
231663,61672
231663,63218
231663,63538
231663,63220
231663,61540
231708,11262
231708,1370
231708,62376
231708,61540
231876,11262
231876,1304
231876,1370
231876,33886
231876,61542
231876,59822
231876,62376
231876,34092
231876,56714
231876,63218
231876,63538
231876,63220
231876,61540
231900,11262
231900,1370
231900,62376
231900,61540
231909,1370
231909,62376
232029,11262
232029,1370
232029,1372
232029,61364
232029,62376
232029,63188
232029,34092
232029,48574
232029,56714
232029,57414
232029,62170
232029,62378
232029,61540
232029,48694
232035,11262
232035,1304
232035,1370
232035,44302
232035,49888
232035,61542
232035,1372
232035,30500
232035,50718
232035,59822
232035,61364
232035,62376
232035,63188
232035,34092
232035,48574
232035,50716
232035,56714
232035,57414
232035,63510
232035,60978
232035,62944
232035,62170
232035,62378
232035,62860
232035,61540
232035,56484
232035,48694
232065,10652
232065,11262
232065,1370
232065,44302
232065,49888
232065,1372
232065,30500
232065,39186
232065,50718
232065,54096
232065,61364
232065,62376
232065,63188
232065,124
232065,34092
232065,50716
232065,56714
232065,63510
232065,50274
232065,60978
232065,61028
232065,62944
232065,16358
232065,42132
232065,57804
232065,61672
232065,62170
232065,62400
232065,63186
232065,63418
232065,10808
232065,59816
232065,62860
232065,36720
232065,36722
232065,36762
232065,61540
232065,56484
232068,11262
232068,1304
232068,1370
232068,61542
232068,1372
232068,59822
232068,61364
232068,62376
232068,63188
232068,34092
232068,56714
232068,62170
232068,61540
232266,60
232269,11262
232269,1304
232269,1370
232269,61542
232269,30500
232269,50718
232269,59822
232269,62376
232269,34092
232269,48574
232269,56714
232269,57414
232269,62074
232269,62378
232269,61540
232269,56484
232269,48694
232404,11262
232404,1304
232404,1370
232404,61542
232404,59822
232404,62376
232404,34092
232404,56714
232404,61540
232410,11262
232410,1304
232410,1370
232410,61542
232410,59822
232410,62376
232410,34092
232410,56714
232410,61540
232452,1370
232452,62376
232455,11262
232455,1370
232455,30500
232455,50718
232455,62376
232455,124
232455,34092
232455,56714
232455,62074
232455,16358
232455,33534
232455,61540
232455,56484
232614,1370
232614,62376
232656,1304
232656,1370
232656,61542
232656,59822
232656,62376
232665,1370
232665,62376
232788,11262
232788,1304
232788,1370
232788,61542
232788,59822
232788,62376
232788,61540
232827,11262
232827,1304
232827,1370
232827,61542
232827,59822
232827,62376
232827,34092
232827,56714
232827,61540
233091,1304
233091,1370
233091,61542
233091,59822
233091,62376
233091,34092
233091,56714
233427,1370
233427,62376
233559,1304
233559,1370
233559,61542
233559,59822
233559,62376
233961,1370
233961,62376
233970,11262
233970,1304
233970,1370
233970,61542
233970,59822
233970,62376
233970,34092
233970,56714
233970,61540
234018,11262
234018,1304
234018,1370
234018,61542
234018,59822
234018,62376
234018,61540
234021,11262
234021,1304
234021,1370
234021,33886
234021,61542
234021,59822
234021,62376
234021,34092
234021,56714
234021,62074
234021,63218
234021,63538
234021,63220
234021,61540
234030,1304
234030,61542
234030,59822
234030,48574
234030,57414
234030,62378
234030,48694
234093,11262
234093,1304
234093,44302
234093,49888
234093,61542
234093,30500
234093,50718
234093,59822
234093,34092
234093,48574
234093,50716
234093,56714
234093,57414
234093,62074
234093,63510
234093,60978
234093,62944
234093,62378
234093,62860
234093,61540
234093,56484
234093,48694
234120,11262
234120,1304
234120,1370
234120,61542
234120,59822
234120,62376
234120,34092
234120,56714
234120,61540
234156,11262
234156,1304
234156,1370
234156,61542
234156,59822
234156,62376
234156,34092
234156,56714
234156,62074
234156,61540
234297,11262
234297,1304
234297,1370
234297,61542
234297,59822
234297,62376
234297,34092
234297,48574
234297,56714
234297,57414
234297,62378
234297,61540
234297,48694
234555,11262
234555,61540
234864,11262
234864,1370
234864,62376
234864,34092
234864,56714
234864,61540
234972,11262
234972,1304
234972,1370
234972,61542
234972,1372
234972,59822
234972,61364
234972,62376
234972,63188
234972,62074
234972,62170
234972,61540
235191,11262
235191,1304
235191,1370
235191,61542
235191,59822
235191,62376
235191,61540
235299,11262
235299,1304
235299,1370
235299,61542
235299,59822
235299,62376
235299,34092
235299,56714
235299,61540
235335,11262
235335,61540
235458,1370
235458,62376
235932,11262
235932,1304
235932,1370
235932,61542
235932,59822
235932,62376
235932,34092
235932,56714
235932,61540
236115,11262
236115,1304
236115,1370
236115,61542
236115,59822
236115,62376
236115,34092
236115,56714
236115,61540
236226,10652
236226,11262
236226,1370
236226,44302
236226,49888
236226,1372
236226,30500
236226,50718
236226,61364
236226,62376
236226,63188
236226,34092
236226,48574
236226,50716
236226,56714
236226,57414
236226,63510
236226,60978
236226,62944
236226,61672
236226,62170
236226,62378
236226,62860
236226,61540
236226,56484
236226,48694
236490,1304
236490,1370
236490,61542
236490,59822
236490,62376
236520,34092
236520,56714
236520,50274
236520,57804
236520,10808
236520,36720
236520,36722
236520,36762
236655,11262
236655,1304
236655,1370
236655,61542
236655,1372
236655,59822
236655,61364
236655,62376
236655,63188
236655,62170
236655,61540
236766,11262
236766,1304
236766,1370
236766,61542
236766,59822
236766,62376
236766,34092
236766,56714
236766,61540
236775,1370
236775,62376
236775,34092
236775,56714
236973,11262
236973,61540
237057,11262
237057,1370
237057,62376
237057,61540
237195,11262
237195,1304
237195,1370
237195,61542
237195,1372
237195,59822
237195,61364
237195,62376
237195,63188
237195,62170
237195,61540
237252,1304
237252,1370
237252,61542
237252,59822
237252,62376
237252,34092
237252,56714
237300,11262
237300,1304
237300,1370
237300,61542
237300,59822
237300,62376
237300,61540
237765,1304
237765,61542
237765,59822
237804,1304
237804,1370
237804,61542
237804,59822
237804,62376
238032,11262
238032,1370
238032,33886
238032,30500
238032,50718
238032,62376
238032,34092
238032,56714
238032,63218
238032,63538
238032,63220
238032,61540
238032,56484
238068,11262
238068,1304
238068,1370
238068,61542
238068,59822
238068,62376
238068,34092
238068,56714
238068,61540
238218,1370
238218,62376
238263,11262
238263,1304
238263,1370
238263,61542
238263,59822
238263,62376
238263,48574
238263,57414
238263,62378
238263,61540
238263,48694
238293,10652
238293,11262
238293,1304
238293,1370
238293,35732
238293,44302
238293,49888
238293,61542
238293,1372
238293,30500
238293,39186
238293,50718
238293,54096
238293,59822
238293,61364
238293,61558
238293,61560
238293,62376
238293,63188
238293,34092
238293,48574
238293,50716
238293,56714
238293,57414
238293,63510
238293,56696
238293,60978
238293,61028
238293,62944
238293,42132
238293,61672
238293,62170
238293,62400
238293,63186
238293,63418
238293,59816
238293,62378
238293,62860
238293,50268
238293,61540
238293,56484
238293,48694
238377,11262
238377,1304
238377,61542
238377,30500
238377,50718
238377,59822
238377,34092
238377,48574
238377,56714
238377,57414
238377,62074
238377,62378
238377,61540
238377,56484
238377,48694
238536,1370
238536,1372
238536,61364
238536,62376
238536,63188
238536,62170
238572,11262
238572,1304
238572,61542
238572,59822
238572,34092
238572,56714
238572,61540
238608,11262
238608,1304
238608,1370
238608,61542
238608,50720
238608,59822
238608,62376
238608,34092
238608,56714
238608,62074
238608,61540
238611,1370
238611,62376
238689,1304
238689,61542
238689,59822
238689,34092
238689,48574
238689,56714
238689,57414
238689,62378
238689,48694
238827,11262
238827,1304
238827,61542
238827,59822
238827,61540
238875,1304
238875,1370
238875,61542
238875,59822
238875,62376
238878,1370
238878,1372
238878,61364
238878,62376
238878,63188
238878,62170
238887,1304
238887,1370
238887,61542
238887,59822
238887,62376
239115,1370
239115,62376
239247,11262
239247,1370
239247,62376
239247,34092
239247,56714
239247,61540
239508,11262
239508,61540
239556,11262
239556,1304
239556,1370
239556,61542
239556,59822
239556,62376
239556,34092
239556,48574
239556,56714
239556,57414
239556,62378
239556,61540
239556,48694
239577,11262
239577,1304
239577,1370
239577,61542
239577,59822
239577,62376
239577,34092
239577,56714
239577,61540
240852,11262
240852,1370
240852,62376
240852,124
240852,16358
240852,61540
240912,1370
240912,62376
240918,1304
240918,1370
240918,61542
240918,59822
240918,62376
240918,34092
240918,56714
240939,1304
240939,33886
240939,61542
240939,59822
240939,34092
240939,48574
240939,56714
240939,57414
240939,63218
240939,62378
240939,63538
240939,63220
240939,48694
240990,11262
240990,1370
240990,62376
240990,61540
241026,11262
241026,61540
241203,1304
241203,61542
241203,59822
241263,11262
241263,1370
241263,62376
241263,61540
241305,11262
241305,1304
241305,1370
241305,61542
241305,59822
241305,62376
241305,34092
241305,56714
241305,50274
241305,61540
241329,11262
241329,1370
241329,62376
241329,61540
241389,11262
241389,1304
241389,1370
241389,61542
241389,59822
241389,62376
241389,34092
241389,56714
241389,61540
241824,11262
241824,1304
241824,1370
241824,61542
241824,59822
241824,62376
241824,34092
241824,56714
241824,62074
241824,61540
242130,34092
242130,56714
242130,50274
242130,10808
242130,60
242151,11262
242151,1304
242151,1370
242151,61542
242151,30500
242151,50718
242151,59822
242151,62376
242151,34092
242151,48574
242151,56714
242151,57414
242151,62378
242151,61540
242151,56484
242151,48694
242232,11262
242232,1304
242232,61542
242232,30500
242232,50718
242232,59822
242232,34092
242232,48574
242232,56714
242232,57414
242232,62378
242232,61540
242232,56484
242232,48694
242388,10652
242388,11262
242388,33886
242388,44302
242388,49888
242388,30500
242388,50718
242388,34092
242388,50716
242388,56714
242388,63510
242388,60978
242388,62944
242388,61672
242388,63218
242388,62860
242388,63538
242388,63220
242388,61540
242388,56484
242409,11262
242409,1304
242409,1370
242409,61542
242409,59822
242409,62376
242409,61540
242412,11262
242412,1304
242412,61542
242412,59822
242412,34092
242412,56714
242412,61540
242430,1370
242430,62376
242439,11262
242439,1304
242439,1370
242439,61542
242439,59822
242439,62376
242439,34092
242439,56714
242439,61540
242442,11262
242442,1304
242442,33886
242442,44302
242442,49888
242442,61542
242442,1372
242442,30500
242442,50718
242442,59822
242442,61364
242442,63188
242442,34092
242442,50716
242442,56714
242442,63510
242442,60978
242442,62944
242442,62170
242442,63218
242442,62860
242442,63538
242442,63220
242442,61540
242442,56484
242505,1304
242505,1370
242505,61542
242505,59822
242505,62376
242556,11262
242556,1304
242556,1370
242556,61542
242556,30500
242556,50718
242556,59822
242556,62376
242556,34092
242556,48574
242556,56714
242556,57414
242556,62378
242556,61540
242556,56484
242556,48694
242571,11262
242571,61540
242610,60
242619,1370
242619,62376
242619,34092
242619,56714
242856,11262
242856,1370
242856,62376
242856,61540
243408,11262
243408,1304
243408,1370
243408,61542
243408,59822
243408,62376
243408,61540
243477,1370
243477,62376
243546,11262
243546,34092
243546,56714
243546,61540
243789,34092
243789,56714
243927,11262
243927,1370
243927,1372
243927,61364
243927,62376
243927,63188
243927,34092
243927,56714
243927,62170
243927,61540
243981,1370
243981,62376
244005,11262
244005,1370
244005,62376
244005,61540
244041,1304
244041,1370
244041,61542
244041,59822
244041,62376
244065,11262
244065,1370
244065,62376
244065,61540
244158,1370
244158,62376
244158,34092
244158,56714
244278,11262
244278,1304
244278,1370
244278,61542
244278,59822
244278,62376
244278,34092
244278,56714
244278,61540
244287,1370
244287,62376
244287,34092
244287,56714
244380,11262
244380,1304
244380,61542
244380,59822
244380,34092
244380,56714
244380,61540
244404,1370
244404,62376
244446,1370
244446,62376
244680,11262
244680,1304
244680,1370
244680,61542
244680,59822
244680,62376
244680,34092
244680,56714
244680,61540
244731,11262
244731,1370
244731,62376
244731,34092
244731,56714
244731,50274
244731,61540
244866,11262
244866,1370
244866,62376
244866,61540
244878,1304
244878,61542
244878,59822
244878,34092
244878,56714
244971,34092
244971,56714
244971,50274
245154,1370
245154,62376
245631,1370
245631,62376
246054,1370
246054,62376
246150,11262
246150,1370
246150,62376
246150,61540
246627,1304
246627,61542
246627,59822
246720,1370
246720,62376
246720,34092
246720,56714
246804,1370
246804,62376
246915,1370
246915,62376
246963,11262
246963,1370
246963,62376
246963,61540
247029,1370
247029,62376
247134,1370
247134,62376
247239,1370
247239,62376
247374,1370
247374,62376
247878,1370
247878,62376
248250,1370
248250,62376
249216,11262
249216,34092
249216,56714
249216,61540
250629,11262
250629,1304
250629,61542
250629,59822
250629,61540
251610,11262
251610,1370
251610,62376
251610,61540
252618,11262
252618,1304
252618,1370
252618,61542
252618,59822
252618,62376
252618,124
252618,34092
252618,56714
252618,62074
252618,35846
252618,16358
252618,33534
252618,61552
252618,61540
25734,11262
25734,1370
25734,62376
25734,61540
25743,11262
25743,1304
25743,1370
25743,33886
25743,61542
25743,1372
25743,30500
25743,50718
25743,59822
25743,61364
25743,62376
25743,63188
25743,34092
25743,48574
25743,56714
25743,57414
25743,35846
25743,62170
25743,63218
25743,62378
25743,61552
25743,63538
25743,63220
25743,61540
25743,56484
25743,48694
25749,10652
25749,11262
25749,1304
25749,1370
25749,33886
25749,35732
25749,44302
25749,49888
25749,61542
25749,1372
25749,30500
25749,39186
25749,50718
25749,54096
25749,59822
25749,61364
25749,61558
25749,61560
25749,62376
25749,63188
25749,124
25749,34092
25749,48574
25749,50716
25749,56714
25749,57414
25749,62074
25749,63510
25749,35846
25749,50274
25749,56696
25749,60978
25749,61028
25749,62944
25749,16358
25749,42132
25749,61672
25749,62170
25749,62400
25749,63186
25749,63218
25749,63418
25749,59816
25749,62378
25749,62860
25749,3382
25749,50268
25749,61552
25749,63538
25749,63220
25749,61540
25749,56484
25749,48694
56868,1370
56868,62376
56871,11262
56871,1370
56871,62376
56871,61540
59691,11262
59691,1370
59691,62376
59691,61540
59700,11262
59700,1370
59700,62376
59700,34092
59700,56714
59700,61540
59703,11262
59703,1304
59703,1370
59703,61542
59703,59822
59703,62376
59703,34092
59703,48574
59703,56714
59703,57414
59703,62378
59703,61540
59703,48694
60762,50274
60864,11262
60864,1304
60864,1370
60864,61542
60864,59822
60864,62376
60864,124
60864,34092
60864,56714
60864,35846
60864,16358
60864,61552
60864,61540
60870,11262
60870,61540
60882,11262
60882,1304
60882,1370
60882,61542
60882,1372
60882,30500
60882,50718
60882,59822
60882,61364
60882,62376
60882,63188
60882,34092
60882,48574
60882,56714
60882,57414
60882,62170
60882,62378
60882,61540
60882,56484
60882,48694
60888,10652
60888,11262
60888,1304
60888,1370
60888,44302
60888,49888
60888,61542
60888,1372
60888,30500
60888,39186
60888,50718
60888,59822
60888,61364
60888,62376
60888,63188
60888,124
60888,34092
60888,48574
60888,50716
60888,56714
60888,57414
60888,63510
60888,50274
60888,60978
60888,61028
60888,62944
60888,16358
60888,61672
60888,62170
60888,62400
60888,63418
60888,62378
60888,62860
60888,61540
60888,56484
60888,48694
61305,1370
61305,62376
61344,11262
61344,1304
61344,1370
61344,61542
61344,59822
61344,62376
61344,34092
61344,56714
61344,61540
61353,11262
61353,1304
61353,1370
61353,61542
61353,59822
61353,62376
61353,34092
61353,56714
61353,61540
61482,11262
61482,34092
61482,56714
61482,50274
61482,61540
61692,10652
61692,11262
61692,1304
61692,1370
61692,61542
61692,1372
61692,59822
61692,61364
61692,62376
61692,63188
61692,124
61692,34092
61692,48574
61692,56714
61692,57414
61692,50274
61692,16358
61692,61672
61692,62170
61692,62378
61692,61540
61692,48694
61824,11262
61824,1304
61824,1370
61824,61542
61824,59822
61824,62376
61824,48574
61824,57414
61824,62378
61824,61540
61824,48694
61899,11262
61899,1370
61899,62376
61899,34092
61899,56714
61899,61540
61902,1370
61902,62376
61908,11262
61908,1304
61908,1370
61908,61542
61908,59822
61908,62376
61908,124
61908,34092
61908,48574
61908,56714
61908,57414
61908,16358
61908,62378
61908,61540
61908,48694
61935,1370
61935,62376
61977,11262
61977,1304
61977,61542
61977,59822
61977,34092
61977,56714
61977,61540
62337,11262
62337,34092
62337,56714
62337,50274
62337,57804
62337,10808
62337,36720
62337,60
62337,36722
62337,36762
62337,61540
62811,30500
62811,50718
62811,56484
62817,10652
62817,11262
62817,1304
62817,1370
62817,44302
62817,49888
62817,61542
62817,1372
62817,30500
62817,50718
62817,59822
62817,61364
62817,62376
62817,63188
62817,34092
62817,48574
62817,50716
62817,56714
62817,57414
62817,63510
62817,50274
62817,60978
62817,62944
62817,61672
62817,62170
62817,62378
62817,62860
62817,61540
62817,56484
62817,48694
63690,11262
63690,1304
63690,1370
63690,33886
63690,61542
63690,59822
63690,62376
63690,34092
63690,56714
63690,63218
63690,63538
63690,63220
63690,61540
63867,11262
63867,1304
63867,1370
63867,61542
63867,59822
63867,62376
63867,61540
64218,1370
64218,62376
64272,11262
64272,1304
64272,1370
64272,61542
64272,59822
64272,62376
64272,61540
64299,11262
64299,1304
64299,1370
64299,61542
64299,30500
64299,50718
64299,59822
64299,62376
64299,34092
64299,56714
64299,61540
64299,56484
64353,11262
64353,1304
64353,1370
64353,61542
64353,59822
64353,62376
64353,61540
64365,1304
64365,1370
64365,61542
64365,59822
64365,62376
64365,34092
64365,56714
64734,11262
64734,1304
64734,1370
64734,61542
64734,59822
64734,62376
64734,61540
64845,1370
64845,62376
64860,11262
64860,1304
64860,1370
64860,61542
64860,59822
64860,62376
64860,61540
64893,11262
64893,1370
64893,62376
64893,61540
64959,1370
64959,62376
65049,1370
65049,62376
65052,1370
65052,62376
65058,1370
65058,62376
65067,1370
65067,62376
65313,1370
65313,62376
65328,1370
65328,62376
65631,11262
65631,1304
65631,1370
65631,61542
65631,59822
65631,62376
65631,61540
65637,11262
65637,1304
65637,1370
65637,61542
65637,59822
65637,62376
65637,61540
65640,11262
65640,1304
65640,1370
65640,61542
65640,1372
65640,59822
65640,61364
65640,62376
65640,63188
65640,34092
65640,48574
65640,56714
65640,57414
65640,62170
65640,62378
65640,61540
65640,48694
66033,1370
66033,62376
66054,11262
66054,1370
66054,62376
66054,61540
66336,1304
66336,1370
66336,61542
66336,59822
66336,62376
66336,34092
66336,56714
66378,11262
66378,1304
66378,33886
66378,44302
66378,49888
66378,61542
66378,30500
66378,50718
66378,59822
66378,34092
66378,48574
66378,50716
66378,56714
66378,57414
66378,63510
66378,50270
66378,59396
66378,60978
66378,62274
66378,62618
66378,62944
66378,63218
66378,62378
66378,62860
66378,55798
66378,63538
66378,63220
66378,61540
66378,56484
66378,48694
66465,11262
66465,1304
66465,1370
66465,61542
66465,30500
66465,50718
66465,59822
66465,62376
66465,34092
66465,56714
66465,61540
66465,56484
66777,11262
66777,1304
66777,1370
66777,61542
66777,30500
66777,50718
66777,59822
66777,62376
66777,34092
66777,48574
66777,56714
66777,57414
66777,62378
66777,61540
66777,56484
66777,48694
66843,11262
66843,1370
66843,30500
66843,50718
66843,62376
66843,34092
66843,56714
66843,61540
66843,56484
66879,1304
66879,1370
66879,61542
66879,1372
66879,59822
66879,61364
66879,62376
66879,63188
66879,34092
66879,56714
66879,62170
66915,11262
66915,1370
66915,62376
66915,61540
66918,1304
66918,1370
66918,61542
66918,59822
66918,62376
66924,1304
66924,1370
66924,61542
66924,59822
66924,62376
67056,1370
67056,62376
67158,11262
67158,1370
67158,62376
67158,34092
67158,56714
67158,61540
67314,11262
67314,1370
67314,62376
67314,61540
67371,1304
67371,61542
67371,59822
67740,11262
67740,61540
67764,1370
67764,62376
67827,1304
67827,1370
67827,61542
67827,59822
67827,62376
68496,11262
68496,1304
68496,1370
68496,61542
68496,59822
68496,62376
68496,48574
68496,57414
68496,62378
68496,61540
68496,48694
68568,1370
68568,62376
68676,11262
68676,1304
68676,61542
68676,59822
68676,61540
69060,1370
69060,62376
69060,34092
69060,56714
69249,1370
69249,62376
70890,34092
70890,56714
71271,10652
71271,11262
71271,1304
71271,1370
71271,44302
71271,49888
71271,61542
71271,1372
71271,30500
71271,39186
71271,50718
71271,50720
71271,54096
71271,59822
71271,61364
71271,62376
71271,63188
71271,124
71271,34092
71271,48574
71271,50716
71271,56714
71271,57414
71271,63510
71271,50274
71271,60978
71271,61028
71271,62944
71271,16358
71271,42132
71271,57804
71271,61672
71271,62170
71271,62400
71271,63186
71271,63418
71271,10808
71271,59816
71271,62378
71271,62860
71271,36720
71271,36722
71271,36762
71271,61540
71271,56484
71271,48694
71274,10652
71274,11262
71274,1304
71274,1370
71274,44302
71274,49888
71274,61542
71274,1372
71274,30500
71274,50718
71274,50720
71274,54096
71274,59822
71274,61364
71274,62376
71274,63188
71274,124
71274,34092
71274,48574
71274,50716
71274,53394
71274,56714
71274,57414
71274,63510
71274,50274
71274,60978
71274,62944
71274,16358
71274,42132
71274,53160
71274,57804
71274,61672
71274,62170
71274,63136
71274,63186
71274,10808
71274,59816
71274,62378
71274,62860
71274,36720
71274,11490
71274,53406
71274,63540
71274,36722
71274,36762
71274,61540
71274,56484
71274,48694
71301,1370
71301,62376
71409,1304
71409,1370
71409,61542
71409,59822
71409,62376
71766,10652
71766,11262
71766,1304
71766,1370
71766,35732
71766,61542
71766,1372
71766,30500
71766,50718
71766,59822
71766,61364
71766,61558
71766,61560
71766,62376
71766,63188
71766,34092
71766,48574
71766,56714
71766,57414
71766,56696
71766,61672
71766,62170
71766,62378
71766,50268
71766,61540
71766,56484
71766,48694
72045,10652
72045,11262
72045,1304
72045,1370
72045,44302
72045,49888
72045,61542
72045,1372
72045,30500
72045,39186
72045,50718
72045,59822
72045,61364
72045,62376
72045,63188
72045,34092
72045,48574
72045,50716
72045,56714
72045,57414
72045,63510
72045,60978
72045,61028
72045,62944
72045,61672
72045,62170
72045,62400
72045,63418
72045,62378
72045,62860
72045,61540
72045,56484
72045,48694
72108,11262
72108,1304
72108,1370
72108,61542
72108,59822
72108,62376
72108,61540
72117,11262
72117,1370
72117,44302
72117,49888
72117,30500
72117,50718
72117,62376
72117,34092
72117,48574
72117,50716
72117,56714
72117,57414
72117,63510
72117,60978
72117,62944
72117,62378
72117,62860
72117,61540
72117,56484
72117,48694
72312,11262
72312,1370
72312,62376
72312,34092
72312,56714
72312,61540
72483,10652
72483,11262
72483,1370
72483,33886
72483,44302
72483,49888
72483,30500
72483,39186
72483,50718
72483,62376
72483,34092
72483,50716
72483,56714
72483,63510
72483,60978
72483,61028
72483,62944
72483,61672
72483,62400
72483,63218
72483,63418
72483,62860
72483,63538
72483,63220
72483,61540
72483,56484
72558,11262
72558,1304
72558,1370
72558,61542
72558,59822
72558,62376
72558,34092
72558,56714
72558,61540
72561,1370
72561,62376
72645,1304
72645,1370
72645,61542
72645,59822
72645,62376
72645,48574
72645,57414
72645,62378
72645,48694
72900,11262
72900,1304
72900,1370
72900,33886
72900,44302
72900,49888
72900,61542
72900,30500
72900,50718
72900,59822
72900,62376
72900,34092
72900,48574
72900,50716
72900,56714
72900,57414
72900,63510
72900,60978
72900,62944
72900,63218
72900,62378
72900,62860
72900,63538
72900,63220
72900,61540
72900,56484
72900,48694
72918,11262
72918,1304
72918,1370
72918,61542
72918,1372
72918,59822
72918,61364
72918,62376
72918,63188
72918,34092
72918,56714
72918,62170
72918,61540
72930,10652
72930,11262
72930,1304
72930,1370
72930,35732
72930,44302
72930,49888
72930,61542
72930,1372
72930,30500
72930,39186
72930,50718
72930,54096
72930,59822
72930,61364
72930,61558
72930,61560
72930,62376
72930,63188
72930,124
72930,34092
72930,48574
72930,50716
72930,56714
72930,57414
72930,62074
72930,63510
72930,35846
72930,50274
72930,56696
72930,60978
72930,61028
72930,62944
72930,16358
72930,42132
72930,61672
72930,62170
72930,62400
72930,63186
72930,63418
72930,59816
72930,62378
72930,62860
72930,50268
72930,61552
72930,61540
72930,56484
72930,48694
75723,1304
75723,61542
75723,59822
77484,10652
77484,11262
77484,1304
77484,1370
77484,35732
77484,44302
77484,49888
77484,61542
77484,1372
77484,30500
77484,50718
77484,59822
77484,61364
77484,61558
77484,61560
77484,62376
77484,63188
77484,124
77484,34092
77484,48574
77484,50716
77484,56714
77484,57414
77484,63510
77484,35846
77484,56696
77484,60978
77484,62944
77484,16358
77484,61672
77484,62170
77484,62378
77484,62860
77484,50268
77484,61552
77484,61540
77484,56484
77484,48694
88821,11262
88821,1304
88821,1370
88821,61542
88821,1372
88821,30500
88821,50718
88821,59822
88821,61364
88821,62376
88821,63188
88821,62074
88821,35846
88821,33534
88821,62170
88821,61552
88821,61540
88821,56484
88920,10652
88920,11262
88920,1304
88920,1370
88920,33886
88920,35732
88920,44302
88920,49888
88920,61542
88920,1372
88920,30500
88920,50718
88920,59822
88920,61364
88920,61558
88920,61560
88920,62376
88920,63188
88920,34092
88920,48574
88920,50716
88920,56714
88920,57414
88920,63510
88920,50274
88920,56696
88920,60978
88920,62944
88920,61672
88920,62170
88920,63218
88920,10808
88920,62378
88920,62860
88920,50268
88920,63538
88920,63220
88920,61540
88920,56484
88920,48694
89013,11262
89013,1370
89013,62376
89013,61540
96138,1370
96138,62376
96444,10652
96444,11262
96444,1304
96444,1370
96444,61542
96444,59822
96444,62376
96444,34092
96444,56714
96444,61672
96444,61540
96444,61672
96444,61540
