customer_id,product_id
123150,1304
123150,1370
123150,61542
123150,59822
123150,62376
128334,11262
128334,1304
128334,1370
128334,61542
128334,1372
128334,59822
128334,61364
128334,62376
128334,63188
128334,62170
128334,61540
128469,11262
128469,1304
128469,1370
128469,61542
128469,59822
128469,62376
128469,61540
128502,11262
128502,1304
128502,1370
128502,44302
128502,49888
128502,61542
128502,1372
128502,30500
128502,50718
128502,50720
128502,52918
128502,59822
128502,61364
128502,62376
128502,63188
128502,34092
128502,48574
128502,50716
128502,56714
128502,57414
128502,62074
128502,63510
128502,50274
128502,60978
128502,62944
128502,32496
128502,48298
128502,57804
128502,62170
128502,63360
128502,62378
128502,62860
128502,36720
128502,36722
128502,36762
128502,61540
128502,56484
128502,48694
128526,11262
128526,1304
128526,1370
128526,61542
128526,1372
128526,30500
128526,50718
128526,59822
128526,61364
128526,62376
128526,63188
128526,124
128526,34092
128526,56714
128526,35846
128526,50274
128526,16358
128526,57804
128526,62170
128526,36720
128526,61552
128526,36722
128526,36762
128526,61540
128526,56484
128538,11262
128538,1304
128538,1370
128538,61542
128538,1372
128538,50720
128538,59822
128538,61364
128538,62376
128538,63188
128538,34092
128538,48574
128538,56714
128538,57414
128538,50274
128538,57804
128538,62170
128538,62378
128538,36720
128538,36722
128538,36762
128538,61540
128538,48694
128604,11262
128604,1304
128604,1370
128604,61542
128604,1372
128604,59822
128604,61364
128604,62376
128604,63188
128604,62170
128604,61540
128901,11262
128901,1304
128901,1370
128901,61542
128901,50720
128901,59822
128901,62376
128901,34092
128901,48574
128901,56714
128901,57414
128901,50274
128901,57804
128901,62378
128901,36720
128901,36722
128901,36762
128901,61540
128901,48694
129081,11262
129081,1304
129081,1370
129081,61542
129081,50720
129081,59822
129081,62376
129081,124
129081,34092
129081,48574
129081,56714
129081,57414
129081,62074
129081,35846
129081,50274
129081,16358
129081,57804
129081,62378
129081,36720
129081,61552
129081,36722
129081,36762
129081,61540
129081,48694
129135,11262
129135,1304
129135,1370
129135,61542
129135,1372
129135,39186
129135,50720
129135,59822
129135,61364
129135,62376
129135,63188
129135,48574
129135,57414
129135,61028
129135,62170
129135,62400
129135,63418
129135,62378
129135,61540
129135,48694
129153,11262
129153,1304
129153,1370
129153,61542
129153,50720
129153,59822
129153,62376
129153,48574
129153,57414
129153,62378
129153,61540
129153,48694
129264,1304
129264,1370
129264,61542
129264,59822
129264,62376
139272,11262
139272,1304
139272,1370
139272,61542
139272,30500
139272,50718
139272,59822
139272,62376
139272,61540
139272,56484
140277,1304
140277,1370
140277,61542
140277,59822
140277,62376
149634,11262
149634,1304
149634,1370
149634,61542
149634,30500
149634,50718
149634,59822
149634,62376
149634,61540
149634,56484
153048,11262
153048,1304
153048,1370
153048,61542
153048,1372
153048,59822
153048,61364
153048,62376
153048,63188
153048,62170
153048,61540
153084,11262
153084,1304
153084,1370
153084,61542
153084,59822
153084,62376
153084,61540
153138,11262
153138,1304
153138,1370
153138,61542
153138,30500
153138,50718
153138,59822
153138,62376
153138,61540
153138,56484
153141,1304
153141,1370
153141,61542
153141,59822
153141,62376
153150,1304
153150,1370
153150,61542
153150,59822
153150,62376
153204,11262
153204,1304
153204,1370
153204,61542
153204,1372
153204,59822
153204,61364
153204,62376
153204,63188
153204,62170
153204,61540
153279,1304
153279,1370
153279,61542
153279,59822
153279,62376
153288,1304
153288,1370
153288,61542
153288,59822
153288,62376
153303,10652
153303,11262
153303,1304
153303,1370
153303,35732
153303,61542
153303,1372
153303,30500
153303,50718
153303,50720
153303,59822
153303,61364
153303,61558
153303,61560
153303,62376
153303,63188
153303,124
153303,34092
153303,48574
153303,56714
153303,57414
153303,35846
153303,50274
153303,56696
153303,16358
153303,57804
153303,61672
153303,62170
153303,62378
153303,36720
153303,50268
153303,61552
153303,36722
153303,36762
153303,61540
153303,56484
153303,48694
153309,1304
153309,1370
153309,61542
153309,59822
153309,62376
153312,11262
153312,1304
153312,1370
153312,61542
153312,50720
153312,59822
153312,62376
153312,48574
153312,57414
153312,62378
153312,61540
153312,48694
153315,11262
153315,1304
153315,1370
153315,61542
153315,59822
153315,62376
153315,61540
153381,1304
153381,1370
153381,61542
153381,1372
153381,50720
153381,59822
153381,61364
153381,62376
153381,63188
153381,48574
153381,57414
153381,62170
153381,62378
153381,48694
153402,11262
153402,1304
153402,1370
153402,61542
153402,59822
153402,62376
153402,61540
153438,1304
153438,1370
153438,61542
153438,1372
153438,59822
153438,61364
153438,62376
153438,63188
153438,62170
153642,1304
153642,1370
153642,61542
153642,59822
153642,62376
153645,1304
153645,1370
153645,61542
153645,59822
153645,62376
153756,11262
153756,1304
153756,1370
153756,61542
153756,1372
153756,30500
153756,50718
153756,54096
153756,59822
153756,61364
153756,62376
153756,63188
153756,42132
153756,62170
153756,63186
153756,59816
153756,61540
153756,56484
153765,1304
153765,1370
153765,61542
153765,59822
153765,62376
153792,11262
153792,1304
153792,1370
153792,61542
153792,59822
153792,62376
153792,61540
153867,1304
153867,1370
153867,61542
153867,50720
153867,59822
153867,62376
153867,48574
153867,57414
153867,62378
153867,48694
153885,11262
153885,1304
153885,1370
153885,61542
153885,1372
153885,30500
153885,50718
153885,50720
153885,59822
153885,61364
153885,62376
153885,63188
153885,34092
153885,48574
153885,56714
153885,57414
153885,62074
153885,50274
153885,57804
153885,62170
153885,62378
153885,36720
153885,36722
153885,36762
153885,61540
153885,56484
153885,48694
153888,11262
153888,1304
153888,1370
153888,61542
153888,59822
153888,62376
153888,61540
153960,1304
153960,1370
153960,61542
153960,1372
153960,59822
153960,61364
153960,62376
153960,63188
153960,62170
153999,1304
153999,1370
153999,61542
153999,59822
153999,62376
154011,11262
154011,1304
154011,1370
154011,61542
154011,30500
154011,50718
154011,59822
154011,62376
154011,34092
154011,56714
154011,50274
154011,57804
154011,36720
154011,36722
154011,36762
154011,61540
154011,56484
154032,1304
154032,1370
154032,61542
154032,59822
154032,62376
154032,124
154032,35846
154032,16358
154032,61552
154041,11262
154041,1304
154041,1370
154041,61542
154041,59822
154041,62376
154041,61540
154068,11262
154068,1304
154068,1370
154068,61542
154068,1372
154068,59822
154068,61364
154068,62376
154068,63188
154068,62170
154068,61540
154077,11262
154077,1304
154077,1370
154077,61542
154077,59822
154077,62376
154077,61540
154098,11262
154098,1304
154098,1370
154098,61542
154098,59822
154098,62376
154098,61540
154113,11262
154113,1304
154113,1370
154113,61542
154113,59822
154113,62376
154113,61540
154119,1304
154119,1370
154119,61542
154119,1372
154119,59822
154119,61364
154119,62376
154119,63188
154119,62170
154146,11262
154146,1304
154146,1370
154146,61542
154146,1372
154146,59822
154146,61364
154146,62376
154146,63188
154146,62170
154146,61540
154167,11262
154167,1304
154167,1370
154167,61542
154167,1372
154167,30500
154167,50718
154167,50720
154167,59822
154167,61364
154167,62376
154167,63188
154167,48574
154167,57414
154167,62074
154167,62170
154167,10808
154167,62378
154167,61540
154167,56484
154167,48694
154245,11262
154245,61540
154275,11262
154275,1304
154275,1370
154275,61542
154275,59822
154275,62376
154275,61540
154404,1304
154404,1370
154404,61542
154404,59822
154404,62376
154434,1304
154434,1370
154434,61542
154434,1372
154434,59822
154434,61364
154434,62376
154434,63188
154434,62170
154473,1304
154473,1370
154473,61542
154473,59822
154473,62376
154476,1304
154476,1370
154476,61542
154476,59822
154476,62376
154485,11262
154485,1304
154485,1370
154485,61542
154485,59822
154485,62376
154485,61540
154494,11262
154494,1304
154494,1370
154494,61542
154494,59822
154494,62376
154494,61540
154506,1304
154506,1370
154506,61542
154506,59822
154506,62376
154509,11262
154509,1304
154509,1370
154509,61542
154509,59822
154509,62376
154509,61540
154518,1304
154518,1370
154518,61542
154518,59822
154518,62376
154542,1304
154542,1370
154542,61542
154542,1372
154542,59822
154542,61364
154542,62376
154542,63188
154542,62170
154551,11262
154551,1304
154551,1370
154551,61542
154551,1372
154551,59822
154551,61364
154551,62376
154551,63188
154551,62170
154551,61540
154560,1304
154560,1370
154560,61542
154560,59822
154560,62376
154578,11262
154578,1304
154578,1370
154578,61542
154578,1372
154578,59822
154578,61364
154578,62376
154578,63188
154578,62170
154578,61540
154665,1304
154665,1370
154665,61542
154665,1372
154665,59822
154665,61364
154665,62376
154665,63188
154665,62170
154698,34092
154698,56714
154698,50274
154698,57804
154698,10808
154698,36720
154698,60
154698,36722
154698,36762
154707,11262
154707,1304
154707,1370
154707,61542
154707,1372
154707,30500
154707,50718
154707,54096
154707,59822
154707,61364
154707,62376
154707,63188
154707,124
154707,34092
154707,56714
154707,35846
154707,50274
154707,16358
154707,42132
154707,57804
154707,62170
154707,63186
154707,59816
154707,36720
154707,61552
154707,36722
154707,36762
154707,61540
154707,56484
154743,1304
154743,1370
154743,61542
154743,1372
154743,59822
154743,61364
154743,62376
154743,63188
154743,62170
154758,11262
154758,1304
154758,1370
154758,61542
154758,59822
154758,62376
154758,61540
154770,1304
154770,1370
154770,61542
154770,1372
154770,50720
154770,59822
154770,61364
154770,62376
154770,63188
154770,48574
154770,57414
154770,62170
154770,62378
154770,48694
154797,10652
154797,11262
154797,1304
154797,1370
154797,35732
154797,61542
154797,1372
154797,30500
154797,50718
154797,50720
154797,54096
154797,59822
154797,61364
154797,61558
154797,61560
154797,62376
154797,63188
154797,48574
154797,57414
154797,56696
154797,42132
154797,61672
154797,62170
154797,63186
154797,59816
154797,62378
154797,50268
154797,61540
154797,56484
154797,48694
154803,1304
154803,1370
154803,61542
154803,1372
154803,59822
154803,61364
154803,62376
154803,63188
154803,62170
154821,11262
154821,1304
154821,1370
154821,61542
154821,59822
154821,62376
154821,61540
154869,11262
154869,1304
154869,1370
154869,61542
154869,1372
154869,59822
154869,61364
154869,62376
154869,63188
154869,62170
154869,61540
154881,11262
154881,1304
154881,1370
154881,61542
154881,1372
154881,50720
154881,59822
154881,61364
154881,62376
154881,63188
154881,48574
154881,57414
154881,62170
154881,62378
154881,61540
154881,48694
154887,11262
154887,1304
154887,1370
154887,61542
154887,1372
154887,59822
154887,61364
154887,62376
154887,63188
154887,62170
154887,61540
154890,11262
154890,1304
154890,1370
154890,44302
154890,49888
154890,61542
154890,1372
154890,30500
154890,50718
154890,50720
154890,52918
154890,59822
154890,61364
154890,62376
154890,63188
154890,48574
154890,50716
154890,57414
154890,63510
154890,60978
154890,62944
154890,32496
154890,48298
154890,62170
154890,63360
154890,62378
154890,62860
154890,61540
154890,56484
154890,48694
154953,11262
154953,61540
154956,11262
154956,1304
154956,1370
154956,61542
154956,59822
154956,62376
154956,61540
155052,1304
155052,1370
155052,61542
155052,59822
155052,62376
155055,1304
155055,1370
155055,61542
155055,50720
155055,59822
155055,62376
155055,34092
155055,48574
155055,56714
155055,57414
155055,50274
155055,57804
155055,62378
155055,36720
155055,36722
155055,36762
155055,48694
155085,1304
155085,1370
155085,61542
155085,30500
155085,50718
155085,59822
155085,62376
155085,56484
155097,11262
155097,1304
155097,1370
155097,61542
155097,1372
155097,59822
155097,61364
155097,62376
155097,63188
155097,62170
155097,61540
155106,11262
155106,1304
155106,1370
155106,61542
155106,59822
155106,62376
155106,61540
155388,11262
155388,1304
155388,1370
155388,61542
155388,59822
155388,62376
155388,61540
155403,11262
155403,1304
155403,1370
155403,61542
155403,59822
155403,62376
155403,61540
155556,11262
155556,1304
155556,1370
155556,61542
155556,30500
155556,50718
155556,59822
155556,62376
155556,61540
155556,56484
156057,11262
156057,1304
156057,1370
156057,44302
156057,49888
156057,61542
156057,1372
156057,30500
156057,39186
156057,50718
156057,50720
156057,52918
156057,54096
156057,59822
156057,61364
156057,62376
156057,63188
156057,34092
156057,48574
156057,50716
156057,56714
156057,57414
156057,63510
156057,50274
156057,60978
156057,61028
156057,62944
156057,32496
156057,42132
156057,48298
156057,57804
156057,62170
156057,62400
156057,63186
156057,63360
156057,63418
156057,59816
156057,62378
156057,62860
156057,36720
156057,36722
156057,36762
156057,61540
156057,56484
156057,48694
156063,1304
156063,1370
156063,61542
156063,59822
156063,62376
156225,1304
156225,1370
156225,61542
156225,59822
156225,62376
156486,11262
156486,1304
156486,1370
156486,61542
156486,30500
156486,50718
156486,50720
156486,59822
156486,62376
156486,48574
156486,57414
156486,62074
156486,62378
156486,61540
156486,56484
156486,48694
157185,11262
157185,1304
157185,1370
157185,61542
157185,59822
157185,62376
157185,61540
157224,11262
157224,1304
157224,1370
157224,61542
157224,59822
157224,62376
157224,61540
157398,11262
157398,1304
157398,1370
157398,61542
157398,1372
157398,59822
157398,61364
157398,62376
157398,63188
157398,62170
157398,61540
157416,1304
157416,1370
157416,61542
157416,59822
157416,62376
157500,11262
157500,1304
157500,1370
157500,61542
157500,1372
157500,30500
157500,50718
157500,50720
157500,59822
157500,61364
157500,62376
157500,63188
157500,34092
157500,48574
157500,56714
157500,57414
157500,50274
157500,57804
157500,62170
157500,62378
157500,36720
157500,36722
157500,36762
157500,61540
157500,56484
157500,48694
157680,1304
157680,1370
157680,61542
157680,59822
157680,62376
157767,11262
157767,1304
157767,1370
157767,61542
157767,30500
157767,50718
157767,59822
157767,62376
157767,61540
157767,56484
157938,11262
157938,1304
157938,1370
157938,61542
157938,59822
157938,62376
157938,61540
158016,11262
158016,62074
158016,61540
158274,11262
158274,1304
158274,1370
158274,61542
158274,59822
158274,62376
158274,61540
158499,11262
158499,1304
158499,1370
158499,61542
158499,1372
158499,59822
158499,61364
158499,62376
158499,63188
158499,62170
158499,61540
158610,11262
158610,61540
158658,1304
158658,1370
158658,61542
158658,59822
158658,62376
158742,11262
158742,1304
158742,1370
158742,61542
158742,59822
158742,62376
158742,61540
158766,11262
158766,61540
159033,11262
159033,1304
159033,1370
159033,61542
159033,59822
159033,62376
159033,61540
159831,1304
159831,1370
159831,61542
159831,1372
159831,59822
159831,61364
159831,62376
159831,63188
159831,62170
160029,11262
160029,1304
160029,1370
160029,61542
160029,1372
160029,59822
160029,61364
160029,62376
160029,63188
160029,62170
160029,61540
160770,11262
160770,1304
160770,1370
160770,61542
160770,30500
160770,50718
160770,59822
160770,62376
160770,61540
160770,56484
161058,1304
161058,1370
161058,61542
161058,59822
161058,62376
161208,11262
161208,1304
161208,1370
161208,61542
161208,59822
161208,62376
161208,61540
161283,11262
161283,1304
161283,1370
161283,61542
161283,59822
161283,62376
161283,61540
161403,11262
161403,1304
161403,1370
161403,61542
161403,59822
161403,62376
161403,61540
161526,11262
161526,1304
161526,1370
161526,61542
161526,59822
161526,62376
161526,61540
161667,11262
161667,1304
161667,1370
161667,61542
161667,1372
161667,59822
161667,61364
161667,62376
161667,63188
161667,34092
161667,56714
161667,50274
161667,57804
161667,62170
161667,36720
161667,36722
161667,36762
161667,61540
161787,1304
161787,1370
161787,61542
161787,1372
161787,59822
161787,61364
161787,62376
161787,63188
161787,62170
162603,11262
162603,1304
162603,1370
162603,61542
162603,59822
162603,62376
162603,61540
162624,1304
162624,1370
162624,61542
162624,59822
162624,62376
162795,11262
162795,1304
162795,1370
162795,61542
162795,59822
162795,62376
162795,61540
162810,11262
162810,30500
162810,50718
162810,34092
162810,56714
162810,50274
162810,57804
162810,36720
162810,36722
162810,36762
162810,61540
162810,56484
162843,11262
162843,1304
162843,1370
162843,61542
162843,1372
162843,59822
162843,61364
162843,62376
162843,63188
162843,62170
162843,61540
162957,1304
162957,1370
162957,61542
162957,59822
162957,62376
162984,11262
162984,50720
162984,48574
162984,57414
162984,62378
162984,61540
162984,48694
163044,1304
163044,1370
163044,61542
163044,30500
163044,50718
163044,59822
163044,62376
163044,56484
163101,11262
163101,1304
163101,1370
163101,61542
163101,1372
163101,30500
163101,50718
163101,50720
163101,59822
163101,61364
163101,62376
163101,63188
163101,34092
163101,48574
163101,56714
163101,57414
163101,50274
163101,57804
163101,62170
163101,62378
163101,36720
163101,36722
163101,36762
163101,61540
163101,56484
163101,48694
163131,10652
163131,11262
163131,1304
163131,1370
163131,35732
163131,44302
163131,49888
163131,61542
163131,1372
163131,30500
163131,39186
163131,50718
163131,50720
163131,52918
163131,59822
163131,61364
163131,61558
163131,61560
163131,62376
163131,63188
163131,124
163131,34092
163131,48574
163131,50716
163131,56714
163131,57414
163131,63510
163131,35846
163131,50274
163131,56696
163131,60978
163131,61028
163131,62944
163131,16358
163131,32496
163131,48298
163131,57804
163131,61672
163131,62170
163131,62400
163131,63360
163131,63418
163131,62378
163131,62860
163131,36720
163131,50268
163131,61552
163131,36722
163131,36762
163131,61540
163131,56484
163131,48694
163377,11262
163377,1304
163377,1370
163377,61542
163377,59822
163377,62376
163377,61540
163578,11262
163578,1304
163578,1370
163578,61542
163578,59822
163578,62376
163578,61540
164007,11262
164007,1304
164007,1370
164007,61542
164007,59822
164007,62376
164007,61540
164064,11262
164064,1304
164064,1370
164064,61542
164064,1372
164064,50720
164064,59822
164064,61364
164064,62376
164064,63188
164064,48574
164064,57414
164064,62170
164064,62378
164064,61540
164064,48694
164337,11262
164337,1304
164337,1370
164337,61542
164337,50720
164337,59822
164337,62376
164337,48574
164337,57414
164337,62378
164337,61540
164337,48694
164457,11262
164457,1304
164457,1370
164457,61542
164457,1372
164457,30500
164457,50718
164457,50720
164457,59822
164457,61364
164457,62376
164457,63188
164457,48574
164457,57414
164457,62170
164457,62378
164457,61540
164457,56484
164457,48694
164541,1304
164541,1370
164541,61542
164541,59822
164541,62376
164640,1304
164640,1370
164640,61542
164640,59822
164640,62376
164661,11262
164661,1304
164661,1370
164661,61542
164661,59822
164661,62376
164661,34092
164661,56714
164661,50274
164661,57804
164661,36720
164661,36722
164661,36762
164661,61540
164970,11262
164970,1304
164970,1370
164970,61542
164970,59822
164970,62376
164970,61540
165045,11262
165045,1304
165045,1370
165045,61542
165045,1372
165045,59822
165045,61364
165045,62376
165045,63188
165045,62170
165045,61540
165126,11262
165126,1304
165126,1370
165126,61542
165126,59822
165126,62376
165126,61540
165132,11262
165132,1304
165132,1370
165132,61542
165132,59822
165132,62376
165132,61540
165684,1304
165684,1370
165684,61542
165684,59822
165684,62376
165684,62074
165687,11262
165687,1304
165687,1370
165687,61542
165687,59822
165687,62376
165687,124
165687,35846
165687,16358
165687,61552
165687,61540
165717,11262
165717,1304
165717,1370
165717,61542
165717,59822
165717,62376
165717,61540
165726,1372
165726,61364
165726,63188
165726,62170
165744,1304
165744,1370
165744,61542
165744,59822
165744,62376
165744,124
165744,34092
165744,56714
165744,35846
165744,50274
165744,16358
165744,57804
165744,36720
165744,61552
165744,36722
165744,36762
165750,11262
165750,1304
165750,1370
165750,61542
165750,1372
165750,30500
165750,50718
165750,59822
165750,61364
165750,62376
165750,63188
165750,124
165750,35846
165750,16358
165750,33534
165750,62170
165750,61552
165750,61540
165750,56484
165762,11262
165762,1304
165762,1370
165762,61542
165762,30500
165762,50718
165762,59822
165762,62376
165762,124
165762,62074
165762,35846
165762,16358
165762,33534
165762,61552
165762,61540
165762,56484
165927,11262
165927,1304
165927,1370
165927,61542
165927,59822
165927,62376
165927,61540
166002,11262
166002,1304
166002,1370
166002,61542
166002,59822
166002,62376
166002,61540
166005,1304
166005,1370
166005,61542
166005,59822
166005,62376
166029,11262
166029,1304
166029,1370
166029,61542
166029,1372
166029,59822
166029,61364
166029,62376
166029,63188
166029,62170
166029,61540
166128,10652
166128,11262
166128,1304
166128,1370
166128,35732
166128,61542
166128,1372
166128,30500
166128,50718
166128,50720
166128,59822
166128,61364
166128,61558
166128,61560
166128,62376
166128,63188
166128,124
166128,34092
166128,48574
166128,56714
166128,57414
166128,35846
166128,50274
166128,56696
166128,16358
166128,57804
166128,61672
166128,62170
166128,62378
166128,36720
166128,50268
166128,61552
166128,36722
166128,36762
166128,61540
166128,56484
166128,48694
166356,1304
166356,1370
166356,61542
166356,59822
166356,62376
166437,11262
166437,1304
166437,1370
166437,61542
166437,1372
166437,50720
166437,59822
166437,61364
166437,62376
166437,63188
166437,48574
166437,57414
166437,62170
166437,62378
166437,61540
166437,48694
166599,11262
166599,1304
166599,1370
166599,61542
166599,59822
166599,62376
166599,61540
166995,10652
166995,11262
166995,1304
166995,1370
166995,35732
166995,61542
166995,1372
166995,30500
166995,50718
166995,50720
166995,59822
166995,61364
166995,61558
166995,61560
166995,62376
166995,63188
166995,124
166995,34092
166995,48574
166995,56714
166995,57414
166995,35846
166995,50274
166995,56696
166995,16358
166995,57804
166995,61672
166995,62170
166995,62378
166995,36720
166995,50268
166995,61552
166995,36722
166995,36762
166995,61540
166995,56484
166995,48694
167082,1304
167082,1370
167082,61542
167082,59822
167082,62376
167136,11262
167136,1304
167136,1370
167136,61542
167136,59822
167136,62376
167136,61540
167316,11262
167316,1304
167316,1370
167316,61542
167316,1372
167316,30500
167316,50718
167316,50720
167316,59822
167316,61364
167316,62376
167316,63188
167316,34092
167316,48574
167316,56714
167316,57414
167316,50274
167316,57804
167316,62170
167316,62378
167316,36720
167316,36722
167316,36762
167316,61540
167316,56484
167316,48694
167364,11262
167364,61540
167451,11262
167451,1304
167451,1370
167451,61542
167451,59822
167451,62376
167451,61540
167571,11262
167571,1304
167571,1370
167571,61542
167571,59822
167571,62376
167571,61540
167652,1304
167652,1370
167652,61542
167652,59822
167652,62376
167676,11262
167676,61540
171372,11262
171372,1372
171372,61364
171372,63188
171372,62074
171372,62170
171372,61540
171684,1304
171684,1370
171684,61542
171684,59822
171684,62376
171702,11262
171702,1304
171702,1370
171702,61542
171702,59822
171702,62376
171702,61540
171939,11262
171939,1304
171939,1370
171939,61542
171939,59822
171939,62376
171939,61540
172035,11262
172035,1304
172035,1370
172035,61542
172035,1372
172035,30500
172035,50718
172035,50720
172035,59822
172035,61364
172035,62376
172035,63188
172035,48574
172035,57414
172035,62170
172035,62378
172035,61540
172035,56484
172035,48694
172056,11262
172056,1304
172056,1370
172056,61542
172056,1372
172056,59822
172056,61364
172056,62376
172056,63188
172056,62170
172056,61540
172161,11262
172161,1304
172161,1370
172161,61542
172161,1372
172161,30500
172161,50718
172161,50720
172161,59822
172161,61364
172161,62376
172161,63188
172161,48574
172161,57414
172161,62170
172161,62378
172161,61540
172161,56484
172161,48694
172419,11262
172419,1304
172419,1370
172419,61542
172419,59822
172419,62376
172419,61540
172503,11262
172503,1304
172503,1370
172503,61542
172503,1372
172503,30500
172503,50718
172503,50720
172503,59822
172503,61364
172503,62376
172503,63188
172503,48574
172503,57414
172503,62170
172503,62378
172503,61540
172503,56484
172503,48694
172587,1304
172587,1370
172587,61542
172587,59822
172587,62376
172590,11262
172590,1304
172590,1370
172590,61542
172590,59822
172590,62376
172590,61540
172695,11262
172695,1304
172695,1370
172695,61542
172695,59822
172695,62376
172695,61540
172704,11262
172704,1304
172704,1370
172704,61542
172704,1372
172704,30500
172704,39186
172704,50718
172704,54096
172704,59822
172704,61364
172704,62376
172704,63188
172704,34092
172704,56714
172704,50274
172704,61028
172704,42132
172704,57804
172704,62170
172704,62400
172704,63186
172704,63418
172704,59816
172704,36720
172704,36722
172704,36762
172704,61540
172704,56484
172719,11262
172719,1304
172719,1370
172719,61542
172719,59822
172719,62376
172719,61540
173940,11262
173940,1304
173940,1370
173940,61542
173940,1372
173940,30500
173940,50718
173940,59822
173940,61364
173940,62376
173940,63188
173940,62170
173940,61540
173940,56484
174087,1304
174087,1370
174087,61542
174087,59822
174087,62376
174195,1304
174195,1370
174195,61542
174195,59822
174195,62376
174279,11262
174279,1304
174279,1370
174279,61542
174279,59822
174279,62376
174279,61540
174468,11262
174468,1304
174468,1370
174468,61542
174468,1372
174468,30500
174468,50718
174468,50720
174468,59822
174468,61364
174468,62376
174468,63188
174468,124
174468,34092
174468,48574
174468,56714
174468,57414
174468,35846
174468,50274
174468,16358
174468,57804
174468,62170
174468,62378
174468,36720
174468,61552
174468,36722
174468,36762
174468,61540
174468,56484
174468,48694
174513,11262
174513,1304
174513,1370
174513,61542
174513,59822
174513,62376
174513,61540
175266,11262
175266,1304
175266,1370
175266,61542
175266,59822
175266,62376
175266,61540
175293,11262
175293,1304
175293,1370
175293,61542
175293,59822
175293,62376
175293,61540
175809,1304
175809,1370
175809,61542
175809,59822
175809,62376
175878,1304
175878,1370
175878,61542
175878,59822
175878,62376
175899,1304
175899,1370
175899,61542
175899,59822
175899,62376
176319,1304
176319,1370
176319,61542
176319,1372
176319,59822
176319,61364
176319,62376
176319,63188
176319,62170
176403,10652
176403,11262
176403,1304
176403,1370
176403,35732
176403,44302
176403,49888
176403,61542
176403,1372
176403,30500
176403,39186
176403,50718
176403,50720
176403,52918
176403,54096
176403,54290
176403,59822
176403,61364
176403,61558
176403,61560
176403,62376
176403,63188
176403,124
176403,34092
176403,48574
176403,50716
176403,56714
176403,57414
176403,63510
176403,35846
176403,50272
176403,50274
176403,51974
176403,56696
176403,59394
176403,60522
176403,60978
176403,61028
176403,62944
176403,16358
176403,32496
176403,42132
176403,48298
176403,57804
176403,61280
176403,61348
176403,61672
176403,62170
176403,62400
176403,63186
176403,63360
176403,63418
176403,10808
176403,59816
176403,62378
176403,62860
176403,36720
176403,3382
176403,50268
176403,53386
176403,62616
176403,61552
176403,62276
176403,62614
176403,36722
176403,36762
176403,61540
176403,56484
176403,48694
176403,10790
176472,10652
176472,11262
176472,1304
176472,1370
176472,35732
176472,61542
176472,1372
176472,30500
176472,50718
176472,50720
176472,59822
176472,61364
176472,61558
176472,61560
176472,62376
176472,63188
176472,48574
176472,57414
176472,56696
176472,61672
176472,62170
176472,62378
176472,50268
176472,61540
176472,56484
176472,48694
176577,1304
176577,1370
176577,61542
176577,59822
176577,62376
176607,1304
176607,1370
176607,61542
176607,59822
176607,62376
176643,1304
176643,1370
176643,61542
176643,50720
176643,59822
176643,62376
176643,48574
176643,57414
176643,62378
176643,48694
177474,1304
177474,1370
177474,61542
177474,59822
177474,62376
177672,11262
177672,1304
177672,1370
177672,61542
177672,1372
177672,59822
177672,61364
177672,62376
177672,63188
177672,34092
177672,56714
177672,50274
177672,57804
177672,62170
177672,36720
177672,36722
177672,36762
177672,61540
177873,1304
177873,1370
177873,61542
177873,59822
177873,62376
177903,11262
177903,1304
177903,1370
177903,61542
177903,59822
177903,62376
177903,61540
178068,11262
178068,1304
178068,1370
178068,61542
178068,59822
178068,62376
178068,61540
178230,11262
178230,1304
178230,1370
178230,61542
178230,59822
178230,62376
178230,61540
178257,11262
178257,1304
178257,1370
178257,61542
178257,50720
178257,59822
178257,62376
178257,34092
178257,48574
178257,56714
178257,57414
178257,50274
178257,57804
178257,62378
178257,36720
178257,36722
178257,36762
178257,61540
178257,48694
178458,10652
178458,11262
178458,1304
178458,1370
178458,35732
178458,44302
178458,49888
178458,61542
178458,1372
178458,30500
178458,39186
178458,50718
178458,50720
178458,52918
178458,54096
178458,59822
178458,61364
178458,61558
178458,61560
178458,62376
178458,63188
178458,34092
178458,48574
178458,50716
178458,56714
178458,57414
178458,63510
178458,50274
178458,56696
178458,60978
178458,61028
178458,62944
178458,32496
178458,42132
178458,48298
178458,57804
178458,61672
178458,62170
178458,62400
178458,63186
178458,63360
178458,63418
178458,59816
178458,62378
178458,62860
178458,36720
178458,50268
178458,36722
178458,36762
178458,61540
178458,56484
178458,48694
178761,11262
178761,1304
178761,1370
178761,61542
178761,59822
178761,62376
178761,61540
178830,11262
178830,1304
178830,1370
178830,61542
178830,1372
178830,30500
178830,50718
178830,59822
178830,61364
178830,62376
178830,63188
178830,34092
178830,56714
178830,50274
178830,57804
178830,62170
178830,36720
178830,36722
178830,36762
178830,61540
178830,56484
179088,1304
179088,1370
179088,61542
179088,1372
179088,59822
179088,61364
179088,62376
179088,63188
179088,62170
179436,1304
179436,1370
179436,61542
179436,1372
179436,59822
179436,61364
179436,62376
179436,63188
179436,62170
179496,11262
179496,1304
179496,1370
179496,61542
179496,59822
179496,62376
179496,61540
179790,1304
179790,1370
179790,61542
179790,59822
179790,62376
179838,11262
179838,1304
179838,1370
179838,61542
179838,59822
179838,62376
179838,124
179838,35846
179838,16358
179838,61552
179838,61540
179853,11262
179853,44302
179853,49888
179853,52918
179853,50716
179853,63510
179853,60978
179853,62944
179853,32496
179853,48298
179853,63360
179853,10808
179853,62860
179853,61540
180495,11262
180495,1304
180495,1370
180495,61542
180495,59822
180495,62376
180495,61540
181101,11262
181101,1304
181101,1370
181101,61542
181101,1372
181101,30500
181101,50718
181101,50720
181101,59822
181101,61364
181101,62376
181101,63188
181101,34092
181101,48574
181101,56714
181101,57414
181101,50274
181101,57804
181101,62170
181101,62378
181101,36720
181101,36722
181101,36762
181101,61540
181101,56484
181101,48694
181110,34092
181110,56714
181110,50274
181110,57804
181110,36720
181110,36722
181110,36762
181149,11262
181149,1304
181149,1370
181149,61542
181149,30500
181149,50718
181149,50720
181149,59822
181149,62376
181149,48574
181149,57414
181149,62378
181149,61540
181149,56484
181149,48694
181371,11262
181371,1304
181371,1370
181371,61542
181371,1372
181371,59822
181371,61364
181371,62376
181371,63188
181371,62170
181371,61540
181593,11262
181593,1304
181593,1370
181593,61542
181593,59822
181593,62376
181593,61540
181662,11262
181662,1304
181662,1370
181662,61542
181662,1372
181662,59822
181662,61364
181662,62376
181662,63188
181662,62170
181662,61540
181860,11262
181860,1304
181860,1370
181860,61542
181860,59822
181860,62376
181860,61540
182292,10652
182292,11262
182292,1304
182292,1370
182292,35732
182292,61542
182292,1372
182292,59822
182292,61364
182292,61558
182292,61560
182292,62376
182292,63188
182292,124
182292,34092
182292,56714
182292,35846
182292,50274
182292,56696
182292,16358
182292,57804
182292,61672
182292,62170
182292,36720
182292,50268
182292,61552
182292,36722
182292,36762
182292,61540
182295,11262
182295,1304
182295,1370
182295,61542
182295,1372
182295,59822
182295,61364
182295,62376
182295,63188
182295,62170
182295,61540
182556,1304
182556,1370
182556,61542
182556,59822
182556,62376
182565,10652
182565,11262
182565,1304
182565,1370
182565,35732
182565,61542
182565,1372
182565,30500
182565,50718
182565,50720
182565,59822
182565,61364
182565,61558
182565,61560
182565,62376
182565,63188
182565,34092
182565,48574
182565,56714
182565,57414
182565,62074
182565,50274
182565,56696
182565,57804
182565,61672
182565,62170
182565,62378
182565,36720
182565,50268
182565,36722
182565,36762
182565,61540
182565,56484
182565,48694
183105,10652
183105,11262
183105,1304
183105,1370
183105,33886
183105,35732
183105,44302
183105,49888
183105,61542
183105,1372
183105,30500
183105,39186
183105,50718
183105,50720
183105,52918
183105,54096
183105,54290
183105,59822
183105,61364
183105,61558
183105,61560
183105,62376
183105,63188
183105,124
183105,34092
183105,48574
183105,50716
183105,56714
183105,57414
183105,63510
183105,35846
183105,50270
183105,50272
183105,50274
183105,51974
183105,56696
183105,59394
183105,59396
183105,60522
183105,60978
183105,61028
183105,62274
183105,62618
183105,62944
183105,16358
183105,32496
183105,42132
183105,48298
183105,57804
183105,61280
183105,61348
183105,61672
183105,62170
183105,62400
183105,63186
183105,63218
183105,63360
183105,63418
183105,10808
183105,59816
183105,62378
183105,62860
183105,36720
183105,3382
183105,50268
183105,53386
183105,62616
183105,61552
183105,55798
183105,62276
183105,63538
183105,62614
183105,36722
183105,36762
183105,63220
183105,59776
183105,61540
183105,56484
183105,48694
183105,45912
183105,10790
183195,11262
183195,1304
183195,1370
183195,61542
183195,1372
183195,30500
183195,50718
183195,50720
183195,59822
183195,61364
183195,62376
183195,63188
183195,34092
183195,48574
183195,56714
183195,57414
183195,50274
183195,57804
183195,62170
183195,62378
183195,36720
183195,36722
183195,36762
183195,61540
183195,56484
183195,48694
183213,10652
183213,11262
183213,1304
183213,1370
183213,35732
183213,44302
183213,49888
183213,61542
183213,1372
183213,30500
183213,39186
183213,50718
183213,50720
183213,52918
183213,54096
183213,59822
183213,61364
183213,61558
183213,61560
183213,62376
183213,63188
183213,124
183213,34092
183213,48574
183213,50716
183213,56714
183213,57414
183213,62074
183213,63510
183213,35846
183213,50274
183213,56696
183213,60978
183213,61028
183213,62944
183213,16358
183213,32496
183213,33534
183213,42132
183213,48298
183213,57804
183213,61672
183213,62170
183213,62400
183213,63186
183213,63360
183213,63418
183213,59816
183213,62378
183213,62860
183213,36720
183213,50268
183213,61552
183213,36722
183213,36762
183213,61540
183213,56484
183213,48694
183387,11262
183387,1304
183387,1370
183387,61542
183387,1372
183387,30500
183387,50718
183387,50720
183387,59822
183387,61364
183387,62376
183387,63188
183387,34092
183387,48574
183387,56714
183387,57414
183387,62074
183387,50274
183387,57804
183387,62170
183387,62378
183387,36720
183387,36722
183387,36762
183387,61540
183387,56484
183387,48694
183450,11262
183450,1304
183450,1370
183450,61542
183450,1372
183450,30500
183450,50718
183450,50720
183450,59822
183450,61364
183450,62376
183450,63188
183450,48574
183450,57414
183450,62170
183450,62378
183450,61540
183450,56484
183450,48694
183459,11262
183459,61540
183468,11262
183468,1304
183468,1370
183468,61542
183468,1372
183468,59822
183468,61364
183468,62376
183468,63188
183468,62170
183468,61540
183489,10652
183489,11262
183489,1304
183489,1370
183489,35732
183489,44302
183489,49888
183489,61542
183489,1372
183489,30500
183489,39186
183489,50718
183489,50720
183489,52918
183489,54096
183489,59822
183489,61364
183489,61558
183489,61560
183489,62376
183489,63188
183489,124
183489,34092
183489,48574
183489,50716
183489,56714
183489,57414
183489,63510
183489,35846
183489,50274
183489,56696
183489,60978
183489,61028
183489,62944
183489,16358
183489,32496
183489,42132
183489,48298
183489,57804
183489,61672
183489,62170
183489,62400
183489,63186
183489,63360
183489,63418
183489,59816
183489,62378
183489,62860
183489,36720
183489,50268
183489,61552
183489,36722
183489,36762
183489,61540
183489,56484
183489,48694
183492,10652
183492,11262
183492,1304
183492,1370
183492,35732
183492,44302
183492,49888
183492,61542
183492,1372
183492,30500
183492,39186
183492,50718
183492,50720
183492,52918
183492,59822
183492,61364
183492,61558
183492,61560
183492,62376
183492,63188
183492,34092
183492,48574
183492,50716
183492,56714
183492,57414
183492,63510
183492,50274
183492,56696
183492,60978
183492,61028
183492,62944
183492,32496
183492,48298
183492,57804
183492,61672
183492,62170
183492,62400
183492,63360
183492,63418
183492,62378
183492,62860
183492,36720
183492,50268
183492,36722
183492,36762
183492,61540
183492,56484
183492,48694
183573,11262
183573,1304
183573,1370
183573,61542
183573,1372
183573,30500
183573,50718
183573,50720
183573,59822
183573,61364
183573,62376
183573,63188
183573,34092
183573,48574
183573,56714
183573,57414
183573,50274
183573,57804
183573,62170
183573,62378
183573,36720
183573,36722
183573,36762
183573,61540
183573,56484
183573,48694
183576,11262
183576,1304
183576,1370
183576,61542
183576,59822
183576,62376
183576,61540
183645,11262
183645,1304
183645,1370
183645,61542
183645,59822
183645,62376
183645,61540
183666,11262
183666,1304
183666,1370
183666,61542
183666,59822
183666,62376
183666,61540
183672,11262
183672,1304
183672,1370
183672,61542
183672,59822
183672,62376
183672,61540
183675,11262
183675,1304
183675,1370
183675,61542
183675,59822
183675,62376
183675,124
183675,35846
183675,16358
183675,61552
183675,61540
183789,11262
183789,1304
183789,1370
183789,61542
183789,1372
183789,59822
183789,61364
183789,62376
183789,63188
183789,62170
183789,61540
183912,1304
183912,1370
183912,61542
183912,59822
183912,62376
183921,1304
183921,1370
183921,61542
183921,59822
183921,62376
184104,1304
184104,1370
184104,61542
184104,59822
184104,62376
184113,11262
184113,1304
184113,1370
184113,61542
184113,59822
184113,62376
184113,61540
184485,1304
184485,1370
184485,61542
184485,59822
184485,62376
184488,1304
184488,1370
184488,61542
184488,59822
184488,62376
184509,1304
184509,1370
184509,61542
184509,1372
184509,59822
184509,61364
184509,62376
184509,63188
184509,62170
184605,11262
184605,61540
184635,11262
184635,1304
184635,1370
184635,61542
184635,59822
184635,62376
184635,61540
184674,1304
184674,1370
184674,61542
184674,59822
184674,62376
184698,1304
184698,1370
184698,61542
184698,1372
184698,59822
184698,61364
184698,62376
184698,63188
184698,62170
184710,1304
184710,1370
184710,61542
184710,59822
184710,62376
184713,11262
184713,1304
184713,1370
184713,61542
184713,59822
184713,62376
184713,61540
184863,11262
184863,30500
184863,50718
184863,54096
184863,42132
184863,63186
184863,59816
184863,61540
184863,56484
184950,1304
184950,1370
184950,61542
184950,1372
184950,59822
184950,61364
184950,62376
184950,63188
184950,62170
185067,11262
185067,1304
185067,1370
185067,61542
185067,1372
185067,59822
185067,61364
185067,62376
185067,63188
185067,62170
185067,61540
185244,1304
185244,1370
185244,61542
185244,1372
185244,59822
185244,61364
185244,62376
185244,63188
185244,62170
186078,11262
186078,1304
186078,1370
186078,61542
186078,1372
186078,59822
186078,61364
186078,62376
186078,63188
186078,62170
186078,61540
186174,10652
186174,11262
186174,1304
186174,1370
186174,33886
186174,35732
186174,44302
186174,49888
186174,61542
186174,1372
186174,30500
186174,39186
186174,50718
186174,50720
186174,52918
186174,54096
186174,54290
186174,59822
186174,61364
186174,61558
186174,61560
186174,62376
186174,63188
186174,124
186174,34092
186174,48574
186174,50716
186174,56714
186174,57414
186174,63510
186174,35846
186174,50270
186174,50272
186174,50274
186174,51974
186174,56696
186174,59394
186174,59396
186174,60522
186174,60978
186174,61028
186174,62274
186174,62618
186174,62944
186174,16358
186174,32496
186174,33534
186174,42132
186174,48298
186174,57804
186174,61280
186174,61348
186174,61672
186174,62170
186174,62400
186174,63186
186174,63218
186174,63360
186174,63418
186174,10808
186174,59816
186174,62378
186174,62860
186174,36720
186174,3382
186174,50268
186174,53386
186174,62616
186174,61552
186174,55798
186174,62276
186174,63538
186174,62614
186174,36722
186174,36762
186174,63220
186174,59776
186174,61540
186174,56484
186174,48694
186174,45912
186174,10790
186177,11262
186177,1304
186177,1370
186177,61542
186177,59822
186177,62376
186177,61540
186216,11262
186216,1304
186216,1370
186216,61542
186216,1372
186216,30500
186216,50718
186216,50720
186216,59822
186216,61364
186216,62376
186216,63188
186216,48574
186216,57414
186216,62170
186216,62378
186216,61540
186216,56484
186216,48694
186327,1304
186327,1370
186327,61542
186327,59822
186327,62376
186378,11262
186378,1304
186378,1370
186378,61542
186378,59822
186378,62376
186378,124
186378,35846
186378,16358
186378,61552
186378,61540
186384,10652
186384,11262
186384,1304
186384,1370
186384,35732
186384,61542
186384,1372
186384,30500
186384,50718
186384,50720
186384,54096
186384,59822
186384,61364
186384,61558
186384,61560
186384,62376
186384,63188
186384,124
186384,34092
186384,48574
186384,56714
186384,57414
186384,62074
186384,35846
186384,50274
186384,56696
186384,16358
186384,42132
186384,57804
186384,61672
186384,62170
186384,63186
186384,59816
186384,62378
186384,36720
186384,50268
186384,61552
186384,36722
186384,36762
186384,61540
186384,56484
186384,48694
186438,11262
186438,1304
186438,1370
186438,61542
186438,1372
186438,59822
186438,61364
186438,62376
186438,63188
186438,62170
186438,61540
186657,11262
186657,1304
186657,1370
186657,61542
186657,1372
186657,30500
186657,50718
186657,50720
186657,59822
186657,61364
186657,62376
186657,63188
186657,48574
186657,57414
186657,62170
186657,62378
186657,61540
186657,56484
186657,48694
186882,11262
186882,1304
186882,1370
186882,61542
186882,59822
186882,62376
186882,34092
186882,56714
186882,50274
186882,57804
186882,36720
186882,36722
186882,36762
186882,61540
186933,11262
186933,30500
186933,50718
186933,34092
186933,56714
186933,50274
186933,57804
186933,10808
186933,36720
186933,36722
186933,36762
186933,61540
186933,56484
186951,1304
186951,1370
186951,61542
186951,59822
186951,62376
186987,11262
186987,1304
186987,1370
186987,61542
186987,59822
186987,62376
186987,61540
186990,11262
186990,1304
186990,1370
186990,61542
186990,30500
186990,50718
186990,59822
186990,62376
186990,34092
186990,56714
186990,50274
186990,57804
186990,36720
186990,36722
186990,36762
186990,61540
186990,56484
187101,11262
187101,1304
187101,1370
187101,61542
187101,1372
187101,30500
187101,50718
187101,50720
187101,59822
187101,61364
187101,62376
187101,63188
187101,48574
187101,57414
187101,62170
187101,62378
187101,61540
187101,56484
187101,48694
187221,1304
187221,1370
187221,61542
187221,59822
187221,62376
187224,11262
187224,1304
187224,1370
187224,61542
187224,59822
187224,62376
187224,61540
187263,1304
187263,1370
187263,61542
187263,59822
187263,62376
187395,11262
187395,1304
187395,1370
187395,61542
187395,1372
187395,59822
187395,61364
187395,62376
187395,63188
187395,62170
187395,61540
187650,1304
187650,1370
187650,61542
187650,59822
187650,62376
187659,1304
187659,1370
187659,61542
187659,50720
187659,59822
187659,62376
187659,48574
187659,57414
187659,62378
187659,48694
187707,10652
187707,11262
187707,1304
187707,1370
187707,35732
187707,44302
187707,49888
187707,61542
187707,1372
187707,30500
187707,39186
187707,50718
187707,50720
187707,52918
187707,54096
187707,59822
187707,61364
187707,61558
187707,61560
187707,62376
187707,63188
187707,124
187707,34092
187707,48574
187707,50716
187707,56714
187707,57414
187707,62074
187707,63510
187707,35846
187707,50274
187707,56696
187707,60978
187707,61028
187707,62944
187707,16358
187707,32496
187707,42132
187707,48298
187707,57804
187707,61672
187707,62170
187707,62400
187707,63186
187707,63360
187707,63418
187707,59816
187707,62378
187707,62860
187707,36720
187707,50268
187707,61552
187707,36722
187707,36762
187707,61540
187707,56484
187707,48694
187734,11262
187734,1304
187734,1370
187734,61542
187734,30500
187734,50718
187734,59822
187734,62376
187734,34092
187734,56714
187734,50274
187734,57804
187734,36720
187734,36722
187734,36762
187734,61540
187734,56484
187743,1304
187743,1370
187743,61542
187743,59822
187743,62376
187797,11262
187797,1304
187797,1370
187797,61542
187797,1372
187797,30500
187797,50718
187797,50720
187797,59822
187797,61364
187797,62376
187797,63188
187797,48574
187797,57414
187797,62170
187797,62378
187797,61540
187797,56484
187797,48694
187806,10652
187806,11262
187806,1304
187806,1370
187806,35732
187806,44302
187806,49888
187806,61542
187806,1372
187806,30500
187806,39186
187806,50718
187806,50720
187806,52918
187806,54096
187806,54290
187806,59822
187806,61364
187806,61558
187806,61560
187806,62376
187806,63188
187806,124
187806,34092
187806,48574
187806,50716
187806,53394
187806,56714
187806,57414
187806,63510
187806,35846
187806,50272
187806,50274
187806,51974
187806,56696
187806,59394
187806,60522
187806,60978
187806,61028
187806,62944
187806,16358
187806,32496
187806,42132
187806,48298
187806,53160
187806,57804
187806,61280
187806,61348
187806,61672
187806,62170
187806,62400
187806,63136
187806,63186
187806,63360
187806,63418
187806,10808
187806,59816
187806,62378
187806,62860
187806,36720
187806,3382
187806,50268
187806,53386
187806,62616
187806,61552
187806,11490
187806,62276
187806,62614
187806,53406
187806,63540
187806,36722
187806,36762
187806,61540
187806,56484
187806,48694
187806,10790
187839,11262
187839,1304
187839,1370
187839,61542
187839,59822
187839,62376
187839,61540
187875,11262
187875,1304
187875,1370
187875,61542
187875,59822
187875,62376
187875,61540
187962,11262
187962,1304
187962,1370
187962,61542
187962,30500
187962,50718
187962,59822
187962,62376
187962,61540
187962,56484
187974,1304
187974,1370
187974,61542
187974,59822
187974,62376
187974,62074
188100,1304
188100,1370
188100,61542
188100,59822
188100,62376
188106,11262
188106,1304
188106,1370
188106,61542
188106,59822
188106,62376
188106,61540
188196,1304
188196,1370
188196,61542
188196,1372
188196,59822
188196,61364
188196,62376
188196,63188
188196,62170
188331,10652
188331,11262
188331,33886
188331,35732
188331,44302
188331,49888
188331,30500
188331,39186
188331,50718
188331,52918
188331,54096
188331,54290
188331,61558
188331,61560
188331,34092
188331,50716
188331,53394
188331,56714
188331,63510
188331,50270
188331,50272
188331,50274
188331,51974
188331,56696
188331,59394
188331,59396
188331,60522
188331,60978
188331,61028
188331,62274
188331,62618
188331,62944
188331,32496
188331,42132
188331,48298
188331,53160
188331,57804
188331,61280
188331,61348
188331,61672
188331,62400
188331,63136
188331,63186
188331,63218
188331,63360
188331,63418
188331,10808
188331,59816
188331,62860
188331,36720
188331,3382
188331,50268
188331,53386
188331,62616
188331,55798
188331,11490
188331,62276
188331,63538
188331,62614
188331,53406
188331,63540
188331,36722
188331,36762
188331,63220
188331,59776
188331,61540
188331,56484
188331,45912
188331,10790
188343,1304
188343,1370
188343,61542
188343,59822
188343,62376
188604,1304
188604,1370
188604,61542
188604,59822
188604,62376
188637,11262
188637,1304
188637,1370
188637,61542
188637,59822
188637,62376
188637,61540
188685,11262
188685,1304
188685,1370
188685,61542
188685,59822
188685,62376
188685,61540
188700,11262
188700,1304
188700,1370
188700,61542
188700,59822
188700,62376
188700,61540
188730,11262
188730,1304
188730,1370
188730,61542
188730,30500
188730,50718
188730,59822
188730,62376
188730,34092
188730,56714
188730,50274
188730,57804
188730,36720
188730,36722
188730,36762
188730,61540
188730,56484
188787,11262
188787,1304
188787,1370
188787,61542
188787,30500
188787,50718
188787,54096
188787,59822
188787,62376
188787,42132
188787,63186
188787,59816
188787,61540
188787,56484
188844,11262
188844,1304
188844,1370
188844,61542
188844,1372
188844,50720
188844,59822
188844,61364
188844,62376
188844,63188
188844,48574
188844,57414
188844,62170
188844,62378
188844,61540
188844,48694
188853,11262
188853,1304
188853,1370
188853,61542
188853,59822
188853,62376
188853,61540
188937,10652
188937,11262
188937,1304
188937,1370
188937,35732
188937,61542
188937,30500
188937,50718
188937,59822
188937,61558
188937,61560
188937,62376
188937,56696
188937,61672
188937,50268
188937,61540
188937,56484
188961,1304
188961,1370
188961,61542
188961,59822
188961,62376
189012,1304
189012,1370
189012,61542
189012,1372
189012,59822
189012,61364
189012,62376
189012,63188
189012,62170
189045,11262
189045,1304
189045,1370
189045,61542
189045,1372
189045,50720
189045,59822
189045,61364
189045,62376
189045,63188
189045,48574
189045,57414
189045,62170
189045,62378
189045,61540
189045,48694
190776,11262
190776,61540
191223,11262
191223,1304
191223,1370
191223,61542
191223,59822
191223,62376
191223,61540
191226,11262
191226,1304
191226,1370
191226,61542
191226,1372
191226,39186
191226,59822
191226,61364
191226,62376
191226,63188
191226,62074
191226,61028
191226,62170
191226,62400
191226,63418
191226,61540
191229,11262
191229,61540
191232,10652
191232,11262
191232,1304
191232,1370
191232,35732
191232,61542
191232,1372
191232,30500
191232,50718
191232,50720
191232,59822
191232,61364
191232,61558
191232,61560
191232,62376
191232,63188
191232,124
191232,34092
191232,48574
191232,56714
191232,57414
191232,35846
191232,50274
191232,56696
191232,16358
191232,57804
191232,61672
191232,62170
191232,62378
191232,36720
191232,50268
191232,61552
191232,36722
191232,36762
191232,61540
191232,56484
191232,48694
191238,11262
191238,1304
191238,1370
191238,61542
191238,59822
191238,62376
191238,61540
191247,11262
191247,1304
191247,1370
191247,61542
191247,1372
191247,59822
191247,61364
191247,62376
191247,63188
191247,124
191247,35846
191247,16358
191247,33534
191247,62170
191247,61552
191247,61540
191250,1304
191250,1370
191250,61542
191250,59822
191250,62376
191451,11262
191451,1304
191451,1370
191451,61542
191451,59822
191451,62376
191451,62074
191451,61540
191892,54096
191892,34092
191892,56714
191892,50274
191892,42132
191892,57804
191892,63186
191892,59816
191892,36720
191892,60
191892,36722
191892,36762
192144,11262
192144,1304
192144,1370
192144,61542
192144,59822
192144,62376
192144,61540
192159,11262
192159,1304
192159,1370
192159,61542
192159,59822
192159,62376
192159,61540
192300,11262
192300,61540
192549,34092
192549,56714
192549,50274
192549,57804
192549,36720
192549,36722
192549,36762
192564,11262
192564,1304
192564,1370
192564,44302
192564,49888
192564,61542
192564,1372
192564,30500
192564,50718
192564,50720
192564,52918
192564,59822
192564,61364
192564,62376
192564,63188
192564,34092
192564,48574
192564,50716
192564,56714
192564,57414
192564,62074
192564,63510
192564,50274
192564,60978
192564,62944
192564,32496
192564,33534
192564,48298
192564,57804
192564,62170
192564,63360
192564,62378
192564,62860
192564,36720
192564,36722
192564,36762
192564,61540
192564,56484
192564,48694
192627,1304
192627,1370
192627,61542
192627,59822
192627,62376
192714,1304
192714,1370
192714,61542
192714,59822
192714,62376
192735,1304
192735,1370
192735,61542
192735,59822
192735,62376
192756,11262
192756,1304
192756,1370
192756,61542
192756,59822
192756,62376
192756,61540
192771,11262
192771,1304
192771,1370
192771,61542
192771,30500
192771,50718
192771,50720
192771,59822
192771,62376
192771,48574
192771,57414
192771,62074
192771,62378
192771,61540
192771,56484
192771,48694
192942,11262
192942,1304
192942,1370
192942,44302
192942,49888
192942,61542
192942,50720
192942,52918
192942,59822
192942,62376
192942,34092
192942,48574
192942,50716
192942,56714
192942,57414
192942,63510
192942,50274
192942,60978
192942,62944
192942,32496
192942,48298
192942,57804
192942,63360
192942,62378
192942,62860
192942,36720
192942,36722
192942,36762
192942,61540
192942,48694
193323,11262
193323,1304
193323,1370
193323,33886
193323,44302
193323,49888
193323,61542
193323,30500
193323,50718
193323,50720
193323,52918
193323,59822
193323,62376
193323,34092
193323,48574
193323,50716
193323,56714
193323,57414
193323,62074
193323,63510
193323,50270
193323,50274
193323,59396
193323,60978
193323,62274
193323,62618
193323,62944
193323,32496
193323,48298
193323,57804
193323,63218
193323,63360
193323,62378
193323,62860
193323,36720
193323,55798
193323,63538
193323,36722
193323,36762
193323,63220
193323,59776
193323,61540
193323,56484
193323,48694
193323,45912
194082,11262
194082,1304
194082,1370
194082,61542
194082,1372
194082,30500
194082,50718
194082,50720
194082,59822
194082,61364
194082,62376
194082,63188
194082,34092
194082,48574
194082,56714
194082,57414
194082,50274
194082,57804
194082,62170
194082,62378
194082,36720
194082,36722
194082,36762
194082,61540
194082,56484
194082,48694
194208,11262
194208,1304
194208,1370
194208,61542
194208,59822
194208,62376
194208,61540
194229,10652
194229,11262
194229,1304
194229,1370
194229,35732
194229,44302
194229,49888
194229,61542
194229,1372
194229,30500
194229,39186
194229,50718
194229,50720
194229,52918
194229,54096
194229,59822
194229,61364
194229,61558
194229,61560
194229,62376
194229,63188
194229,124
194229,34092
194229,48574
194229,50716
194229,56714
194229,57414
194229,62074
194229,63510
194229,35846
194229,50274
194229,56696
194229,60978
194229,61028
194229,62944
194229,16358
194229,32496
194229,33534
194229,42132
194229,48298
194229,57804
194229,61672
194229,62170
194229,62400
194229,63186
194229,63360
194229,63418
194229,59816
194229,62378
194229,62860
194229,36720
194229,50268
194229,61552
194229,36722
194229,36762
194229,61540
194229,56484
194229,48694
194388,11262
194388,1304
194388,1370
194388,61542
194388,59822
194388,62376
194388,61540
194424,11262
194424,61540
194601,11262
194601,1304
194601,1370
194601,61542
194601,30500
194601,50718
194601,54096
194601,59822
194601,62376
194601,124
194601,35846
194601,16358
194601,42132
194601,63186
194601,59816
194601,61552
194601,61540
194601,56484
194718,11262
194718,1304
194718,1370
194718,61542
194718,59822
194718,62376
194718,124
194718,35846
194718,16358
194718,61552
194718,61540
194790,1304
194790,1370
194790,61542
194790,59822
194790,62376
194883,10652
194883,11262
194883,1304
194883,1370
194883,35732
194883,61542
194883,1372
194883,30500
194883,39186
194883,50718
194883,50720
194883,59822
194883,61364
194883,61558
194883,61560
194883,62376
194883,63188
194883,34092
194883,48574
194883,56714
194883,57414
194883,62074
194883,50274
194883,56696
194883,61028
194883,57804
194883,61672
194883,62170
194883,62400
194883,63418
194883,62378
194883,36720
194883,50268
194883,36722
194883,36762
194883,61540
194883,56484
194883,48694
194904,10652
194904,11262
194904,1304
194904,1370
194904,35732
194904,61542
194904,1372
194904,30500
194904,50718
194904,50720
194904,59822
194904,61364
194904,61558
194904,61560
194904,62376
194904,63188
194904,124
194904,34092
194904,48574
194904,56714
194904,57414
194904,35846
194904,50274
194904,56696
194904,16358
194904,57804
194904,61672
194904,62170
194904,62378
194904,36720
194904,50268
194904,61552
194904,36722
194904,36762
194904,61540
194904,56484
194904,48694
195063,11262
195063,1304
195063,1370
195063,61542
195063,1372
195063,30500
195063,50718
195063,50720
195063,59822
195063,61364
195063,62376
195063,63188
195063,48574
195063,57414
195063,62170
195063,62378
195063,61540
195063,56484
195063,48694
195249,1304
195249,1370
195249,61542
195249,59822
195249,62376
195372,11262
195372,61540
195378,11262
195378,1372
195378,61364
195378,63188
195378,62170
195378,61540
195447,11262
195447,61540
195507,11262
195507,1304
195507,1370
195507,61542
195507,30500
195507,50718
195507,59822
195507,62376
195507,61540
195507,56484
195723,11262
195723,1304
195723,1370
195723,61542
195723,59822
195723,62376
195723,61540
195771,11262
195771,1304
195771,1370
195771,61542
195771,59822
195771,62376
195771,61540
195894,11262
195894,1304
195894,1370
195894,61542
195894,59822
195894,62376
195894,61540
196302,11262
196302,1304
196302,1370
196302,61542
196302,59822
196302,62376
196302,61540
196311,11262
196311,61540
196455,11262
196455,1304
196455,1370
196455,61542
196455,50720
196455,59822
196455,62376
196455,48574
196455,57414
196455,62378
196455,61540
196455,48694
196722,11262
196722,1304
196722,1370
196722,61542
196722,59822
196722,62376
196722,61540
196845,10652
196845,11262
196845,1304
196845,1370
196845,33886
196845,35732
196845,44302
196845,49888
196845,61542
196845,1372
196845,30500
196845,39186
196845,50718
196845,50720
196845,52918
196845,59822
196845,61364
196845,61558
196845,61560
196845,62376
196845,63188
196845,124
196845,34092
196845,48574
196845,50716
196845,56714
196845,57414
196845,62074
196845,63510
196845,35846
196845,50270
196845,50274
196845,56696
196845,59396
196845,60978
196845,61028
196845,62274
196845,62618
196845,62944
196845,16358
196845,32496
196845,48298
196845,57804
196845,61672
196845,62170
196845,62400
196845,63218
196845,63360
196845,63418
196845,62378
196845,62860
196845,36720
196845,50268
196845,61552
196845,55798
196845,63538
196845,36722
196845,36762
196845,63220
196845,59776
196845,61540
196845,56484
196845,48694
196845,45912
197034,1304
197034,1370
197034,61542
197034,59822
197034,62376
197286,10652
197286,11262
197286,1304
197286,1370
197286,33886
197286,35732
197286,44302
197286,49888
197286,61542
197286,1372
197286,30500
197286,39186
197286,50718
197286,50720
197286,52918
197286,54096
197286,59822
197286,61364
197286,61558
197286,61560
197286,62376
197286,63188
197286,124
197286,34092
197286,48574
197286,50716
197286,56714
197286,57414
197286,62074
197286,63510
197286,35846
197286,50270
197286,50274
197286,56696
197286,59396
197286,60978
197286,61028
197286,62274
197286,62618
197286,62944
197286,16358
197286,32496
197286,42132
197286,48298
197286,57804
197286,61672
197286,62170
197286,62400
197286,63186
197286,63218
197286,63360
197286,63418
197286,59816
197286,62378
197286,62860
197286,36720
197286,50268
197286,61552
197286,55798
197286,63538
197286,36722
197286,36762
197286,63220
197286,59776
197286,61540
197286,56484
197286,48694
197286,45912
197529,11262
197529,1304
197529,1370
197529,61542
197529,1372
197529,30500
197529,50718
197529,50720
197529,59822
197529,61364
197529,62376
197529,63188
197529,34092
197529,48574
197529,56714
197529,57414
197529,50274
197529,57804
197529,62170
197529,62378
197529,36720
197529,36722
197529,36762
197529,61540
197529,56484
197529,48694
197595,11262
197595,1304
197595,1370
197595,61542
197595,59822
197595,62376
197595,61540
197673,11262
197673,1304
197673,1370
197673,61542
197673,59822
197673,62376
197673,61540
197676,11262
197676,1304
197676,1370
197676,61542
197676,59822
197676,62376
197676,61540
197799,11262
197799,1304
197799,1370
197799,61542
197799,59822
197799,62376
197799,61540
197802,11262
197802,30500
197802,50718
197802,61540
197802,56484
197835,11262
197835,1304
197835,1370
197835,61542
197835,1372
197835,39186
197835,59822
197835,61364
197835,62376
197835,63188
197835,62074
197835,61028
197835,62170
197835,62400
197835,63418
197835,61540
198210,11262
198210,1304
198210,1370
198210,61542
198210,59822
198210,62376
198210,34092
198210,56714
198210,50274
198210,57804
198210,36720
198210,36722
198210,36762
198210,61540
198279,11262
198279,1304
198279,1370
198279,61542
198279,59822
198279,62376
198279,61540
198522,11262
198522,61540
198552,11262
198552,1304
198552,1370
198552,61542
198552,59822
198552,62376
198552,61540
198573,11262
198573,1304
198573,1370
198573,61542
198573,1372
198573,39186
198573,59822
198573,61364
198573,62376
198573,63188
198573,61028
198573,62170
198573,62400
198573,63418
198573,61540
198801,11262
198801,1304
198801,1370
198801,61542
198801,1372
198801,30500
198801,50718
198801,59822
198801,61364
198801,62376
198801,63188
198801,34092
198801,56714
198801,50274
198801,57804
198801,62170
198801,36720
198801,36722
198801,36762
198801,61540
198801,56484
198855,1304
198855,1370
198855,61542
198855,59822
198855,62376
198867,11262
198867,1304
198867,1370
198867,61542
198867,30500
198867,50718
198867,59822
198867,62376
198867,61540
198867,56484
198882,10652
198882,11262
198882,1304
198882,1370
198882,33886
198882,35732
198882,44302
198882,49888
198882,61542
198882,1372
198882,30500
198882,39186
198882,50718
198882,50720
198882,52918
198882,59822
198882,61364
198882,61558
198882,61560
198882,62376
198882,63188
198882,124
198882,34092
198882,48574
198882,50716
198882,56714
198882,57414
198882,62074
198882,63510
198882,35846
198882,50270
198882,50274
198882,56696
198882,59396
198882,60978
198882,61028
198882,62274
198882,62618
198882,62944
198882,16358
198882,32496
198882,48298
198882,57804
198882,61672
198882,62170
198882,62400
198882,63218
198882,63360
198882,63418
198882,62378
198882,62860
198882,36720
198882,50268
198882,61552
198882,55798
198882,63538
198882,36722
198882,36762
198882,63220
198882,59776
198882,61540
198882,56484
198882,48694
198882,45912
198945,11262
198945,1304
198945,1370
198945,61542
198945,59822
198945,62376
198945,61540
198981,11262
198981,1304
198981,1370
198981,61542
198981,1372
198981,30500
198981,50718
198981,50720
198981,59822
198981,61364
198981,62376
198981,63188
198981,34092
198981,48574
198981,56714
198981,57414
198981,50274
198981,57804
198981,62170
198981,62378
198981,36720
198981,36722
198981,36762
198981,61540
198981,56484
198981,48694
198990,11262
198990,1304
198990,1370
198990,61542
198990,59822
198990,62376
198990,61540
199242,11262
199242,61540
199479,11262
199479,1304
199479,1370
199479,61542
199479,59822
199479,62376
199479,61540
199854,10652
199854,11262
199854,1304
199854,1370
199854,35732
199854,61542
199854,1372
199854,30500
199854,50718
199854,50720
199854,59822
199854,61364
199854,61558
199854,61560
199854,62376
199854,63188
199854,124
199854,34092
199854,48574
199854,56714
199854,57414
199854,35846
199854,50274
199854,56696
199854,16358
199854,57804
199854,61672
199854,62170
199854,62378
199854,36720
199854,50268
199854,61552
199854,36722
199854,36762
199854,61540
199854,56484
199854,48694
199860,11262
199860,1304
199860,1370
199860,61542
199860,30500
199860,50718
199860,50720
199860,59822
199860,62376
199860,48574
199860,57414
199860,62378
199860,61540
199860,56484
199860,48694
200259,11262
200259,1304
200259,1370
200259,61542
200259,59822
200259,62376
200259,61540
200502,11262
200502,1304
200502,1370
200502,61542
200502,30500
200502,50718
200502,59822
200502,62376
200502,61540
200502,56484
200508,1304
200508,1370
200508,61542
200508,59822
200508,62376
200964,11262
200964,1304
200964,1370
200964,44302
200964,49888
200964,61542
200964,30500
200964,50718
200964,52918
200964,59822
200964,62376
200964,50716
200964,63510
200964,60978
200964,62944
200964,32496
200964,48298
200964,63360
200964,62860
200964,61540
200964,56484
201282,1304
201282,1370
201282,61542
201282,59822
201282,62376
201282,62074
201522,34092
201522,56714
201522,50274
201522,57804
201522,10808
201522,36720
201522,36722
201522,36762
201564,11262
201564,1304
201564,1370
201564,61542
201564,30500
201564,50718
201564,50720
201564,59822
201564,62376
201564,48574
201564,57414
201564,62378
201564,61540
201564,56484
201564,48694
201741,11262
201741,1304
201741,1370
201741,61542
201741,59822
201741,62376
201741,61540
201798,11262
201798,1304
201798,1370
201798,61542
201798,59822
201798,62376
201798,61540
201837,11262
201837,1304
201837,1370
201837,61542
201837,59822
201837,62376
201837,61540
201852,11262
201852,1304
201852,1370
201852,61542
201852,30500
201852,50718
201852,59822
201852,62376
201852,61540
201852,56484
202818,11262
202818,1304
202818,1370
202818,61542
202818,50720
202818,59822
202818,62376
202818,34092
202818,48574
202818,56714
202818,57414
202818,50274
202818,57804
202818,62378
202818,36720
202818,36722
202818,36762
202818,61540
202818,48694
202959,11262
202959,1304
202959,1370
202959,61542
202959,59822
202959,62376
202959,61540
203052,11262
203052,1304
203052,1370
203052,61542
203052,50720
203052,59822
203052,62376
203052,48574
203052,57414
203052,62378
203052,61540
203052,48694
203055,11262
203055,1304
203055,1370
203055,61542
203055,59822
203055,62376
203055,61540
203058,10652
203058,11262
203058,1304
203058,1370
203058,35732
203058,44302
203058,49888
203058,61542
203058,30500
203058,50718
203058,50720
203058,52918
203058,59822
203058,61558
203058,61560
203058,62376
203058,124
203058,34092
203058,48574
203058,50716
203058,56714
203058,57414
203058,63510
203058,35846
203058,50274
203058,56696
203058,60978
203058,62944
203058,16358
203058,32496
203058,48298
203058,57804
203058,61672
203058,63360
203058,62378
203058,62860
203058,36720
203058,50268
203058,61552
203058,36722
203058,36762
203058,61540
203058,56484
203058,48694
203073,11262
203073,1304
203073,1370
203073,61542
203073,59822
203073,62376
203073,61540
203082,11262
203082,1304
203082,1370
203082,61542
203082,59822
203082,62376
203082,61540
203088,1304
203088,1370
203088,61542
203088,59822
203088,62376
203088,34092
203088,56714
203088,50274
203088,57804
203088,36720
203088,36722
203088,36762
203100,11262
203100,1304
203100,1370
203100,61542
203100,59822
203100,62376
203100,61540
203106,11262
203106,1304
203106,1370
203106,61542
203106,50720
203106,59822
203106,62376
203106,48574
203106,57414
203106,62378
203106,61540
203106,48694
203133,11262
203133,1304
203133,1370
203133,61542
203133,30500
203133,50718
203133,59822
203133,62376
203133,61540
203133,56484
203142,11262
203142,1304
203142,1370
203142,61542
203142,59822
203142,62376
203142,61540
203145,11262
203145,1304
203145,1370
203145,61542
203145,59822
203145,62376
203145,61540
203166,11262
203166,1304
203166,1370
203166,61542
203166,59822
203166,62376
203166,61540
203175,11262
203175,1304
203175,1370
203175,61542
203175,59822
203175,62376
203175,61540
203178,11262
203178,1304
203178,1370
203178,61542
203178,1372
203178,59822
203178,61364
203178,62376
203178,63188
203178,124
203178,35846
203178,16358
203178,62170
203178,61552
203178,61540
203199,1304
203199,1370
203199,61542
203199,1372
203199,59822
203199,61364
203199,62376
203199,63188
203199,62170
203214,1304
203214,1370
203214,61542
203214,59822
203214,62376
203232,11262
203232,1304
203232,1370
203232,61542
203232,59822
203232,62376
203232,61540
203256,10652
203256,11262
203256,1304
203256,1370
203256,35732
203256,44302
203256,49888
203256,61542
203256,30500
203256,50718
203256,50720
203256,52918
203256,59822
203256,61558
203256,61560
203256,62376
203256,124
203256,48574
203256,50716
203256,57414
203256,62074
203256,63510
203256,35846
203256,56696
203256,60978
203256,62944
203256,16358
203256,32496
203256,48298
203256,61672
203256,63360
203256,62378
203256,62860
203256,50268
203256,61552
203256,61540
203256,56484
203256,48694
203259,11262
203259,1304
203259,1370
203259,61542
203259,30500
203259,50718
203259,50720
203259,59822
203259,62376
203259,124
203259,34092
203259,48574
203259,56714
203259,57414
203259,62074
203259,35846
203259,50274
203259,16358
203259,57804
203259,62378
203259,36720
203259,61552
203259,36722
203259,36762
203259,61540
203259,56484
203259,48694
203268,11262
203268,1304
203268,1370
203268,61542
203268,59822
203268,62376
203268,61540
203271,11262
203271,1304
203271,1370
203271,61542
203271,59822
203271,62376
203271,62074
203271,33534
203271,61540
203274,11262
203274,1304
203274,1370
203274,61542
203274,59822
203274,62376
203274,62074
203274,33534
203274,61540
203295,11262
203295,1304
203295,1370
203295,61542
203295,59822
203295,62376
203295,61540
203301,11262
203301,1304
203301,1370
203301,61542
203301,59822
203301,62376
203301,61540
203310,11262
203310,1304
203310,1370
203310,61542
203310,30500
203310,50718
203310,59822
203310,62376
203310,61540
203310,56484
203316,11262
203316,1304
203316,1370
203316,61542
203316,30500
203316,50718
203316,59822
203316,62376
203316,61540
203316,56484
203322,11262
203322,1304
203322,1370
203322,61542
203322,30500
203322,50718
203322,59822
203322,62376
203322,61540
203322,56484
203328,11262
203328,1304
203328,1370
203328,61542
203328,30500
203328,50718
203328,59822
203328,62376
203328,61540
203328,56484
203439,11262
203439,1304
203439,1370
203439,61542
203439,50720
203439,59822
203439,62376
203439,124
203439,48574
203439,57414
203439,62074
203439,35846
203439,16358
203439,62378
203439,61552
203439,61540
203439,48694
203445,1304
203445,1370
203445,61542
203445,59822
203445,62376
203445,62074
203460,11262
203460,1304
203460,1370
203460,61542
203460,59822
203460,62376
203460,34092
203460,56714
203460,50274
203460,57804
203460,36720
203460,36722
203460,36762
203460,61540
203502,11262
203502,61540
203517,1304
203517,1370
203517,61542
203517,54096
203517,59822
203517,62376
203517,42132
203517,63186
203517,59816
203532,11262
203532,1304
203532,1370
203532,61542
203532,30500
203532,50718
203532,59822
203532,62376
203532,61540
203532,56484
203574,11262
203574,1304
203574,1370
203574,61542
203574,59822
203574,62376
203574,61540
203661,11262
203661,1304
203661,1370
203661,61542
203661,59822
203661,62376
203661,61540
203670,11262
203670,61540
203673,10652
203673,11262
203673,1304
203673,1370
203673,33886
203673,35732
203673,44302
203673,49888
203673,61542
203673,30500
203673,50718
203673,50720
203673,52918
203673,54096
203673,59822
203673,61558
203673,61560
203673,62376
203673,124
203673,48574
203673,50716
203673,57414
203673,63510
203673,35846
203673,50270
203673,56696
203673,59396
203673,60978
203673,62274
203673,62618
203673,62944
203673,16358
203673,32496
203673,33534
203673,42132
203673,48298
203673,61672
203673,63186
203673,63218
203673,63360
203673,59816
203673,62378
203673,62860
203673,50268
203673,61552
203673,55798
203673,63538
203673,63220
203673,59776
203673,61540
203673,56484
203673,48694
203673,45912
203700,10652
203700,11262
203700,1304
203700,1370
203700,35732
203700,44302
203700,49888
203700,61542
203700,39186
203700,52918
203700,59822
203700,61558
203700,61560
203700,62376
203700,50716
203700,63510
203700,56696
203700,60978
203700,61028
203700,62944
203700,32496
203700,48298
203700,61672
203700,62400
203700,63360
203700,63418
203700,62860
203700,50268
203700,61540
203706,1304
203706,1370
203706,61542
203706,59822
203706,62376
203709,1304
203709,1370
203709,61542
203709,59822
203709,62376
203724,11262
203724,1304
203724,1370
203724,33886
203724,61542
203724,1372
203724,30500
203724,50718
203724,50720
203724,54096
203724,59822
203724,61364
203724,62376
203724,63188
203724,34092
203724,48574
203724,56714
203724,57414
203724,50270
203724,50274
203724,59396
203724,62274
203724,62618
203724,42132
203724,57804
203724,62170
203724,63186
203724,63218
203724,59816
203724,62378
203724,36720
203724,55798
203724,63538
203724,36722
203724,36762
203724,63220
203724,59776
203724,61540
203724,56484
203724,48694
203724,45912
203727,1304
203727,1370
203727,61542
203727,59822
203727,62376
203733,11262
203733,1304
203733,1370
203733,61542
203733,59822
203733,62376
203733,61540
203736,1304
203736,1370
203736,61542
203736,59822
203736,62376
203784,11262
203784,61540
203790,1304
203790,1370
203790,61542
203790,59822
203790,62376
203790,124
203790,35846
203790,16358
203790,61552
203796,11262
203796,1304
203796,1370
203796,61542
203796,30500
203796,50718
203796,50720
203796,59822
203796,62376
203796,48574
203796,57414
203796,62378
203796,61540
203796,56484
203796,48694
203811,11262
203811,1304
203811,1370
203811,61542
203811,59822
203811,62376
203811,62074
203811,61540
203820,11262
203820,1304
203820,1370
203820,61542
203820,59822
203820,62376
203820,61540
203829,11262
203829,1304
203829,1370
203829,61542
203829,59822
203829,62376
203829,61540
203868,1304
203868,1370
203868,61542
203868,50720
203868,59822
203868,62376
203868,48574
203868,57414
203868,62074
203868,62378
203868,48694
203889,11262
203889,61540
204057,11262
204057,61540
204093,11262
204093,1304
204093,1370
204093,61542
204093,30500
204093,50718
204093,59822
204093,62376
204093,61540
204093,56484
204141,1304
204141,1370
204141,61542
204141,59822
204141,62376
204144,11262
204144,1304
204144,1370
204144,61542
204144,30500
204144,50718
204144,50720
204144,59822
204144,62376
204144,34092
204144,48574
204144,56714
204144,57414
204144,50274
204144,57804
204144,62378
204144,36720
204144,36722
204144,36762
204144,61540
204144,56484
204144,48694
204189,10652
204189,11262
204189,1304
204189,1370
204189,35732
204189,44302
204189,49888
204189,61542
204189,30500
204189,39186
204189,50718
204189,52918
204189,54096
204189,59822
204189,61558
204189,61560
204189,62376
204189,124
204189,34092
204189,50716
204189,56714
204189,63510
204189,35846
204189,50274
204189,56696
204189,60978
204189,61028
204189,62944
204189,16358
204189,32496
204189,42132
204189,48298
204189,57804
204189,61672
204189,62400
204189,63186
204189,63360
204189,63418
204189,10808
204189,59816
204189,62860
204189,36720
204189,50268
204189,61552
204189,36722
204189,36762
204189,61540
204189,56484
204222,11262
204222,1304
204222,1370
204222,61542
204222,59822
204222,62376
204222,61540
204228,11262
204228,1304
204228,1370
204228,61542
204228,59822
204228,62376
204228,61540
204243,11262
204243,1304
204243,1370
204243,61542
204243,59822
204243,62376
204243,61540
204375,11262
204375,1304
204375,1370
204375,61542
204375,59822
204375,62376
204375,124
204375,35846
204375,16358
204375,61552
204375,61540
204411,11262
204411,54096
204411,42132
204411,63186
204411,59816
204411,61540
204480,1304
204480,1370
204480,61542
204480,59822
204480,62376
204483,11262
204483,1304
204483,1370
204483,61542
204483,59822
204483,62376
204483,61540
204519,11262
204519,1304
204519,1370
204519,61542
204519,1372
204519,59822
204519,61364
204519,62376
204519,63188
204519,62170
204519,61540
204522,1304
204522,1370
204522,61542
204522,59822
204522,62376
204657,11262
204657,1304
204657,1370
204657,61542
204657,1372
204657,30500
204657,50718
204657,50720
204657,59822
204657,61364
204657,62376
204657,63188
204657,34092
204657,48574
204657,56714
204657,57414
204657,50274
204657,57804
204657,62170
204657,62378
204657,36720
204657,36722
204657,36762
204657,61540
204657,56484
204657,48694
204762,11262
204762,1304
204762,1370
204762,61542
204762,59822
204762,62376
204762,62074
204762,33534
204762,61540
204768,1304
204768,1370
204768,61542
204768,59822
204768,62376
204771,11262
204771,124
204771,35846
204771,16358
204771,33534
204771,61552
204771,61540
204774,11262
204774,61540
204780,11262
204780,1304
204780,1370
204780,61542
204780,50720
204780,59822
204780,62376
204780,124
204780,48574
204780,57414
204780,35846
204780,16358
204780,62378
204780,61552
204780,61540
204780,48694
204795,11262
204795,1304
204795,1370
204795,61542
204795,1372
204795,30500
204795,50718
204795,50720
204795,59822
204795,61364
204795,62376
204795,63188
204795,48574
204795,57414
204795,62170
204795,62378
204795,61540
204795,56484
204795,48694
205107,11262
205107,1304
205107,1370
205107,61542
205107,59822
205107,62376
205107,61540
205122,11262
205122,1304
205122,1370
205122,61542
205122,59822
205122,62376
205122,61540
205191,11262
205191,1304
205191,1370
205191,61542
205191,1372
205191,30500
205191,50718
205191,50720
205191,59822
205191,61364
205191,62376
205191,63188
205191,34092
205191,48574
205191,56714
205191,57414
205191,50274
205191,57804
205191,62170
205191,62378
205191,36720
205191,36722
205191,36762
205191,61540
205191,56484
205191,48694
205332,1304
205332,1370
205332,61542
205332,59822
205332,62376
205353,11262
205353,1304
205353,1370
205353,61542
205353,59822
205353,62376
205353,61540
205659,11262
205659,1304
205659,1370
205659,61542
205659,50720
205659,59822
205659,62376
205659,124
205659,48574
205659,57414
205659,62074
205659,35846
205659,16358
205659,62378
205659,61552
205659,61540
205659,48694
205662,11262
205662,1304
205662,1370
205662,61542
205662,30500
205662,50718
205662,59822
205662,62376
205662,61540
205662,56484
205665,11262
205665,1304
205665,1370
205665,61542
205665,59822
205665,62376
205665,61540
205722,1304
205722,1370
205722,61542
205722,59822
205722,62376
205728,1304
205728,1370
205728,61542
205728,59822
205728,62376
205731,11262
205731,1304
205731,1370
205731,61542
205731,59822
205731,62376
205731,61540
205740,1304
205740,1370
205740,61542
205740,59822
205740,62376
205812,11262
205812,1304
205812,1370
205812,61542
205812,59822
205812,62376
205812,61540
205815,11262
205815,1304
205815,1370
205815,61542
205815,59822
205815,62376
205815,61540
205821,1304
205821,1370
205821,61542
205821,59822
205821,62376
205905,11262
205905,1304
205905,1370
205905,61542
205905,59822
205905,62376
205905,61540
205959,11262
205959,1304
205959,1370
205959,61542
205959,30500
205959,50718
205959,50720
205959,59822
205959,62376
205959,48574
205959,57414
205959,62378
205959,61540
205959,56484
205959,48694
205995,1304
205995,1370
205995,61542
205995,59822
205995,62376
2061063,11262
2061063,1304
2061063,1370
2061063,61542
2061063,30500
2061063,50718
2061063,59822
2061063,62376
2061063,61540
2061063,56484
206304,1304
206304,1370
206304,61542
206304,1372
206304,59822
206304,61364
206304,62376
206304,63188
206304,62170
206343,11262
206343,61540
206346,10652
206346,11262
206346,1304
206346,1370
206346,33886
206346,35732
206346,44302
206346,49888
206346,61542
206346,1372
206346,30500
206346,39186
206346,50718
206346,50720
206346,52918
206346,59822
206346,61364
206346,61558
206346,61560
206346,62376
206346,63188
206346,34092
206346,48574
206346,50716
206346,56714
206346,57414
206346,63510
206346,50270
206346,50274
206346,56696
206346,59396
206346,60978
206346,61028
206346,62274
206346,62618
206346,62944
206346,32496
206346,48298
206346,57804
206346,61672
206346,62170
206346,62400
206346,63218
206346,63360
206346,63418
206346,62378
206346,62860
206346,36720
206346,50268
206346,55798
206346,63538
206346,36722
206346,36762
206346,63220
206346,59776
206346,61540
206346,56484
206346,48694
206346,45912
206349,11262
206349,1304
206349,1370
206349,61542
206349,59822
206349,62376
206349,61540
206355,11262
206355,1304
206355,1370
206355,61542
206355,59822
206355,62376
206355,61540
206358,11262
206358,1304
206358,1370
206358,61542
206358,59822
206358,62376
206358,61540
206361,11262
206361,61540
206364,11262
206364,1304
206364,1370
206364,33886
206364,44302
206364,49888
206364,61542
206364,1372
206364,30500
206364,50718
206364,50720
206364,52918
206364,59822
206364,61364
206364,62376
206364,63188
206364,34092
206364,48574
206364,50716
206364,56714
206364,57414
206364,63510
206364,50270
206364,50274
206364,59396
206364,60978
206364,62274
206364,62618
206364,62944
206364,32496
206364,48298
206364,57804
206364,62170
206364,63218
206364,63360
206364,62378
206364,62860
206364,36720
206364,55798
206364,63538
206364,60
206364,51316
206364,36722
206364,36762
206364,63220
206364,59776
206364,61540
206364,56484
206364,48694
206364,45912
206367,11262
206367,1304
206367,1370
206367,61542
206367,59822
206367,62376
206367,61540
206376,11262
206376,1304
206376,1370
206376,33886
206376,44302
206376,49888
206376,61542
206376,1372
206376,30500
206376,39186
206376,50718
206376,50720
206376,52918
206376,59822
206376,61364
206376,62376
206376,63188
206376,34092
206376,48574
206376,50716
206376,56714
206376,57414
206376,63510
206376,46632
206376,50270
206376,50274
206376,59396
206376,60978
206376,61028
206376,62274
206376,62618
206376,62944
206376,32496
206376,48298
206376,48980
206376,57804
206376,62170
206376,62400
206376,63218
206376,63360
206376,63418
206376,62378
206376,62860
206376,36720
206376,55798
206376,63538
206376,36722
206376,36762
206376,63220
206376,59776
206376,37644
206376,61540
206376,52620
206376,56484
206376,48694
206376,45912
206406,11262
206406,1304
206406,1370
206406,33886
206406,61542
206406,50720
206406,59822
206406,62376
206406,34092
206406,48574
206406,56714
206406,57414
206406,62074
206406,50270
206406,50274
206406,59396
206406,62274
206406,62618
206406,57804
206406,63218
206406,62378
206406,36720
206406,55798
206406,63538
206406,36722
206406,36762
206406,63220
206406,59776
206406,61540
206406,48694
206406,45912
206412,11262
206412,1304
206412,1370
206412,61542
206412,30500
206412,50718
206412,59822
206412,62376
206412,34092
206412,56714
206412,50274
206412,33534
206412,57804
206412,36720
206412,36722
206412,36762
206412,61540
206412,56484
206415,11262
206415,1304
206415,1370
206415,61542
206415,59822
206415,62376
206415,61540
206418,11262
206418,1304
206418,1370
206418,44302
206418,49888
206418,61542
206418,1372
206418,30500
206418,50718
206418,52918
206418,54096
206418,59822
206418,61364
206418,62376
206418,63188
206418,124
206418,34092
206418,50716
206418,56714
206418,62074
206418,63510
206418,35846
206418,50274
206418,60978
206418,62944
206418,16358
206418,32496
206418,42132
206418,48298
206418,57804
206418,62170
206418,63186
206418,63360
206418,10808
206418,59816
206418,62860
206418,36720
206418,61552
206418,36722
206418,36762
206418,61540
206418,56484
206421,11262
206421,1304
206421,1370
206421,61542
206421,59822
206421,62376
206421,61540
206427,11262
206427,1304
206427,1370
206427,61542
206427,30500
206427,50718
206427,50720
206427,59822
206427,62376
206427,34092
206427,48574
206427,56714
206427,57414
206427,50274
206427,57804
206427,62378
206427,36720
206427,36722
206427,36762
206427,61540
206427,56484
206427,48694
206433,11262
206433,1304
206433,1370
206433,61542
206433,30500
206433,50718
206433,59822
206433,62376
206433,34092
206433,56714
206433,50274
206433,57804
206433,36720
206433,36722
206433,36762
206433,61540
206433,56484
206439,11262
206439,1304
206439,1370
206439,61542
206439,59822
206439,62376
206439,61540
206442,11262
206442,1304
206442,1370
206442,61542
206442,30500
206442,50718
206442,59822
206442,62376
206442,34092
206442,56714
206442,50274
206442,57804
206442,36720
206442,36722
206442,36762
206442,61540
206442,56484
206448,11262
206448,1304
206448,1370
206448,61542
206448,59822
206448,62376
206448,61540
206451,11262
206451,1304
206451,1370
206451,61542
206451,59822
206451,62376
206451,61540
206457,11262
206457,1304
206457,1370
206457,61542
206457,59822
206457,62376
206457,61540
206460,11262
206460,1304
206460,1370
206460,61542
206460,59822
206460,62376
206460,61540
206475,60
206478,11262
206478,61540
206481,11262
206481,61540
206484,11262
206484,1304
206484,1370
206484,61542
206484,1372
206484,59822
206484,61364
206484,62376
206484,63188
206484,62170
206484,61540
206496,11262
206496,61540
206514,11262
206514,1304
206514,1370
206514,61542
206514,1372
206514,59822
206514,61364
206514,62376
206514,63188
206514,62170
206514,61540
206625,11262
206625,1304
206625,1370
206625,61542
206625,59822
206625,62376
206625,61540
206634,11262
206634,1304
206634,1370
206634,61542
206634,59822
206634,62376
206634,62074
206634,61540
206637,11262
206637,1304
206637,1370
206637,61542
206637,59822
206637,62376
206637,62074
206637,61540
206646,11262
206646,62074
206646,61540
206664,11262
206664,1304
206664,1370
206664,61542
206664,59822
206664,62376
206664,62074
206664,61540
206667,11262
206667,1304
206667,1370
206667,61542
206667,1372
206667,30500
206667,50718
206667,50720
206667,59822
206667,61364
206667,62376
206667,63188
206667,124
206667,48574
206667,57414
206667,62074
206667,35846
206667,16358
206667,62170
206667,62378
206667,61552
206667,61540
206667,56484
206667,48694
206670,11262
206670,1304
206670,1370
206670,61542
206670,59822
206670,62376
206670,62074
206670,61540
206673,11262
206673,1304
206673,1370
206673,61542
206673,50720
206673,59822
206673,62376
206673,48574
206673,57414
206673,62074
206673,62378
206673,61540
206673,48694
206697,10808
206745,11262
206745,1304
206745,1370
206745,61542
206745,30500
206745,50718
206745,59822
206745,62376
206745,61540
206745,56484
206748,10652
206748,11262
206748,1304
206748,1370
206748,33886
206748,35732
206748,44302
206748,49888
206748,61542
206748,1372
206748,30500
206748,39186
206748,50718
206748,50720
206748,52918
206748,54096
206748,59822
206748,61364
206748,61558
206748,61560
206748,62376
206748,63188
206748,124
206748,34092
206748,48574
206748,50716
206748,56714
206748,57414
206748,62074
206748,63510
206748,35846
206748,50270
206748,50274
206748,56696
206748,59396
206748,60978
206748,61028
206748,62274
206748,62618
206748,62944
206748,16358
206748,32496
206748,42132
206748,48298
206748,57804
206748,61672
206748,62170
206748,62400
206748,63186
206748,63218
206748,63360
206748,63418
206748,59816
206748,62378
206748,62860
206748,36720
206748,50268
206748,61552
206748,55798
206748,63538
206748,36722
206748,36762
206748,63220
206748,59776
206748,61540
206748,56484
206748,48694
206748,45912
206760,11262
206760,1304
206760,1370
206760,33886
206760,44302
206760,49888
206760,61542
206760,1372
206760,30500
206760,39186
206760,50718
206760,50720
206760,52918
206760,54096
206760,54290
206760,59822
206760,61364
206760,62376
206760,63188
206760,124
206760,34092
206760,48574
206760,50716
206760,56714
206760,57414
206760,62074
206760,63510
206760,35846
206760,50270
206760,50272
206760,50274
206760,51974
206760,59394
206760,59396
206760,60522
206760,60978
206760,61028
206760,62274
206760,62618
206760,62944
206760,16358
206760,32496
206760,33534
206760,42132
206760,48298
206760,57804
206760,61280
206760,61348
206760,62170
206760,62400
206760,63186
206760,63218
206760,63360
206760,63418
206760,59816
206760,62378
206760,62860
206760,36720
206760,3382
206760,53386
206760,62616
206760,61552
206760,55798
206760,62276
206760,63538
206760,62614
206760,36722
206760,36762
206760,63220
206760,59776
206760,61540
206760,56484
206760,48694
206760,45912
206760,10790
206763,1372
206763,61364
206763,63188
206763,62170
206772,11262
206772,1304
206772,1370
206772,61542
206772,1372
206772,30500
206772,50718
206772,59822
206772,61364
206772,62376
206772,63188
206772,62170
206772,61540
206772,56484
206784,11262
206784,1304
206784,1370
206784,61542
206784,1372
206784,59822
206784,61364
206784,62376
206784,63188
206784,62170
206784,61540
206787,11262
206787,1304
206787,1370
206787,61542
206787,59822
206787,62376
206787,61540
206811,11262
206811,1304
206811,1370
206811,61542
206811,59822
206811,62376
206811,62074
206811,61540
206823,11262
206823,1304
206823,1370
206823,61542
206823,59822
206823,62376
206823,61540
206838,11262
206838,1304
206838,1370
206838,61542
206838,59822
206838,62376
206838,61540
206847,11262
206847,1304
206847,1370
206847,61542
206847,59822
206847,62376
206847,124
206847,35846
206847,16358
206847,61552
206847,61540
206850,11262
206850,61540
206856,11262
206856,1304
206856,1370
206856,61542
206856,59822
206856,62376
206856,124
206856,35846
206856,16358
206856,61552
206856,61540
206868,11262
206868,1304
206868,1370
206868,61542
206868,1372
206868,30500
206868,50718
206868,59822
206868,61364
206868,62376
206868,63188
206868,62170
206868,61540
206868,56484
206928,11262
206928,1304
206928,1370
206928,61542
206928,59822
206928,62376
206928,61540
206937,11262
206937,1304
206937,1370
206937,61542
206937,1372
206937,30500
206937,50718
206937,59822
206937,61364
206937,62376
206937,63188
206937,62170
206937,61540
206937,56484
206940,10652
206940,11262
206940,1304
206940,1370
206940,33886
206940,35732
206940,44302
206940,49888
206940,61542
206940,1372
206940,30500
206940,39186
206940,50718
206940,50720
206940,52918
206940,54096
206940,59822
206940,61364
206940,61558
206940,61560
206940,62376
206940,63188
206940,124
206940,34092
206940,48574
206940,50716
206940,56714
206940,57414
206940,62074
206940,63510
206940,35846
206940,50270
206940,50274
206940,56696
206940,59396
206940,60978
206940,61028
206940,62274
206940,62618
206940,62944
206940,16358
206940,32496
206940,42132
206940,48298
206940,57804
206940,61672
206940,62170
206940,62400
206940,63186
206940,63218
206940,63360
206940,63418
206940,59816
206940,62378
206940,62860
206940,36720
206940,50268
206940,61552
206940,55798
206940,63538
206940,36722
206940,36762
206940,63220
206940,59776
206940,61540
206940,56484
206940,48694
206940,45912
206943,11262
206943,61540
206952,11262
206952,1304
206952,1370
206952,61542
206952,1372
206952,30500
206952,39186
206952,50718
206952,54096
206952,59822
206952,61364
206952,62376
206952,63188
206952,124
206952,34092
206952,56714
206952,35846
206952,50274
206952,61028
206952,16358
206952,42132
206952,57804
206952,62170
206952,62400
206952,63186
206952,63418
206952,59816
206952,36720
206952,61552
206952,36722
206952,36762
206952,61540
206952,56484
206955,11262
206955,1304
206955,1370
206955,61542
206955,30500
206955,50718
206955,54096
206955,59822
206955,62376
206955,124
206955,62074
206955,35846
206955,16358
206955,33534
206955,42132
206955,63186
206955,59816
206955,61552
206955,61540
206955,56484
206958,11262
206958,1304
206958,1370
206958,61542
206958,59822
206958,62376
206958,61540
206979,11262
206979,1304
206979,1370
206979,33886
206979,61542
206979,1372
206979,30500
206979,39186
206979,50718
206979,50720
206979,59822
206979,61364
206979,62376
206979,63188
206979,34092
206979,48574
206979,56714
206979,57414
206979,50270
206979,50274
206979,59396
206979,61028
206979,62274
206979,62618
206979,33534
206979,57804
206979,62170
206979,62400
206979,63218
206979,63418
206979,10808
206979,62378
206979,36720
206979,55798
206979,63538
206979,36722
206979,36762
206979,63220
206979,59776
206979,61540
206979,56484
206979,48694
206979,45912
206988,11262
206988,1304
206988,1370
206988,61542
206988,1372
206988,59822
206988,61364
206988,62376
206988,63188
206988,62170
206988,61540
207078,11262
207078,62074
207078,61540
207084,11262
207084,1304
207084,1370
207084,61542
207084,1372
207084,59822
207084,61364
207084,62376
207084,63188
207084,62170
207084,61540
207087,34092
207087,56714
207087,50274
207087,57804
207087,36720
207087,60
207087,51316
207087,36722
207087,36762
207096,11262
207096,50720
207096,48574
207096,57414
207096,62378
207096,61540
207096,48694
207102,11262
207102,61540
207105,11262
207105,61540
207114,11262
207114,1304
207114,1370
207114,61542
207114,59822
207114,62376
207114,61540
207123,11262
207123,61540
207129,11262
207129,1304
207129,1370
207129,61542
207129,1372
207129,54096
207129,59822
207129,61364
207129,62376
207129,63188
207129,42132
207129,62170
207129,63186
207129,59816
207129,61540
207144,11262
207144,1304
207144,1370
207144,61542
207144,59822
207144,62376
207144,61540
207147,11262
207147,1304
207147,1370
207147,61542
207147,59822
207147,62376
207147,61540
207150,11262
207150,1304
207150,1370
207150,61542
207150,59822
207150,62376
207150,34092
207150,56714
207150,50274
207150,57804
207150,36720
207150,36722
207150,36762
207150,61540
207156,11262
207156,1304
207156,1370
207156,61542
207156,59822
207156,62376
207156,61540
207216,11262
207216,1304
207216,1370
207216,61542
207216,59822
207216,62376
207216,61540
207219,10652
207219,11262
207219,1304
207219,1370
207219,35732
207219,61542
207219,30500
207219,50718
207219,59822
207219,61558
207219,61560
207219,62376
207219,56696
207219,61672
207219,50268
207219,61540
207219,56484
207222,11262
207222,1304
207222,1370
207222,61542
207222,1372
207222,30500
207222,50718
207222,50720
207222,59822
207222,61364
207222,62376
207222,63188
207222,34092
207222,48574
207222,56714
207222,57414
207222,50274
207222,57804
207222,62170
207222,62378
207222,36720
207222,36722
207222,36762
207222,61540
207222,56484
207222,48694
207264,10808
207330,1372
207330,61364
207330,63188
207330,124
207330,35846
207330,16358
207330,33534
207330,62170
207330,61552
207339,11262
207339,1304
207339,1370
207339,44302
207339,49888
207339,61542
207339,1372
207339,30500
207339,39186
207339,50718
207339,52918
207339,54096
207339,59822
207339,61364
207339,62376
207339,63188
207339,34092
207339,50716
207339,56714
207339,63510
207339,50274
207339,60978
207339,61028
207339,62944
207339,32496
207339,42132
207339,48298
207339,57804
207339,62170
207339,62400
207339,63186
207339,63360
207339,63418
207339,59816
207339,62860
207339,36720
207339,36722
207339,36762
207339,61540
207339,56484
207345,11262
207345,30500
207345,50718
207345,61540
207345,56484
207366,11262
207366,1304
207366,1370
207366,61542
207366,59822
207366,62376
207366,34092
207366,56714
207366,50274
207366,33534
207366,57804
207366,36720
207366,36722
207366,36762
207366,61540
207387,1304
207387,1370
207387,61542
207387,59822
207387,62376
207390,11262
207390,61540
207498,11262
207498,61540
207600,11262
207600,1304
207600,1370
207600,61542
207600,1372
207600,59822
207600,61364
207600,62376
207600,63188
207600,124
207600,35846
207600,16358
207600,62170
207600,61552
207600,61540
207618,11262
207618,1304
207618,1370
207618,61542
207618,1372
207618,30500
207618,50718
207618,59822
207618,61364
207618,62376
207618,63188
207618,62170
207618,61540
207618,56484
207828,10652
207828,11262
207828,1304
207828,1370
207828,35732
207828,61542
207828,30500
207828,50718
207828,59822
207828,61558
207828,61560
207828,62376
207828,124
207828,35846
207828,56696
207828,16358
207828,61672
207828,50268
207828,61552
207828,61540
207828,56484
207927,1304
207927,1370
207927,61542
207927,1372
207927,59822
207927,61364
207927,62376
207927,63188
207927,62170
207993,1304
207993,1370
207993,61542
207993,59822
207993,62376
207996,11262
207996,1304
207996,1370
207996,61542
207996,59822
207996,62376
207996,33534
207996,61540
207999,11262
207999,1304
207999,1370
207999,61542
207999,30500
207999,50718
207999,59822
207999,62376
207999,34092
207999,56714
207999,50274
207999,57804
207999,36720
207999,36722
207999,36762
207999,61540
207999,56484
208053,11262
208053,1304
208053,1370
208053,61542
208053,59822
208053,62376
208053,61540
208080,11262
208080,1304
208080,1370
208080,61542
208080,59822
208080,62376
208080,61540
208116,11262
208116,1304
208116,1370
208116,61542
208116,59822
208116,62376
208116,61540
208206,1304
208206,1370
208206,61542
208206,59822
208206,62376
208341,10652
208341,11262
208341,1304
208341,1370
208341,35732
208341,44302
208341,49888
208341,61542
208341,30500
208341,39186
208341,50718
208341,52918
208341,59822
208341,61558
208341,61560
208341,62376
208341,34092
208341,50716
208341,56714
208341,63510
208341,50274
208341,56696
208341,60978
208341,61028
208341,62944
208341,32496
208341,48298
208341,57804
208341,61672
208341,62400
208341,63360
208341,63418
208341,62860
208341,36720
208341,50268
208341,36722
208341,36762
208341,61540
208341,56484
208347,11262
208347,1304
208347,1370
208347,61542
208347,59822
208347,62376
208347,61540
208350,1304
208350,1370
208350,61542
208350,59822
208350,62376
208350,124
208350,35846
208350,16358
208350,61552
208449,1304
208449,1370
208449,61542
208449,59822
208449,62376
208473,11262
208473,61540
208476,11262
208476,1304
208476,1370
208476,61542
208476,50720
208476,59822
208476,62376
208476,48574
208476,57414
208476,62378
208476,61540
208476,48694
208482,11262
208482,1304
208482,1370
208482,61542
208482,59822
208482,62376
208482,61540
208485,11262
208485,1304
208485,1370
208485,61542
208485,50720
208485,59822
208485,62376
208485,48574
208485,57414
208485,62378
208485,61540
208485,48694
208488,11262
208488,1304
208488,1370
208488,61542
208488,59822
208488,62376
208488,34092
208488,56714
208488,50274
208488,57804
208488,36720
208488,36722
208488,36762
208488,61540
208491,11262
208491,1304
208491,1370
208491,61542
208491,30500
208491,50718
208491,59822
208491,62376
208491,34092
208491,56714
208491,50274
208491,57804
208491,36720
208491,36722
208491,36762
208491,61540
208491,56484
208500,11262
208500,61540
208503,11262
208503,61540
208506,1304
208506,1370
208506,61542
208506,59822
208506,62376
208509,1304
208509,1370
208509,61542
208509,59822
208509,62376
208515,11262
208515,61540
208518,11262
208518,61540
208524,11262
208524,1304
208524,1370
208524,44302
208524,49888
208524,61542
208524,1372
208524,30500
208524,50718
208524,50720
208524,52918
208524,59822
208524,61364
208524,62376
208524,63188
208524,34092
208524,48574
208524,50716
208524,56714
208524,57414
208524,63510
208524,50274
208524,60978
208524,62944
208524,32496
208524,48298
208524,57804
208524,62170
208524,63360
208524,62378
208524,62860
208524,36720
208524,36722
208524,36762
208524,61540
208524,56484
208524,48694
208536,11262
208536,1304
208536,1370
208536,61542
208536,59822
208536,62376
208536,61540
208539,11262
208539,61540
208545,11262
208545,1304
208545,1370
208545,61542
208545,30500
208545,50718
208545,59822
208545,62376
208545,61540
208545,56484
208554,11262
208554,1304
208554,1370
208554,61542
208554,59822
208554,62376
208554,34092
208554,56714
208554,62074
208554,50274
208554,57804
208554,36720
208554,36722
208554,36762
208554,61540
208566,11262
208566,1304
208566,1370
208566,61542
208566,59822
208566,62376
208566,61540
208572,11262
208572,1304
208572,1370
208572,61542
208572,50720
208572,59822
208572,62376
208572,34092
208572,48574
208572,56714
208572,57414
208572,50274
208572,57804
208572,62378
208572,36720
208572,36722
208572,36762
208572,61540
208572,48694
208575,11262
208575,1304
208575,1370
208575,61542
208575,59822
208575,62376
208575,61540
208584,1304
208584,1370
208584,61542
208584,59822
208584,62376
208599,11262
208599,1304
208599,1370
208599,61542
208599,30500
208599,50718
208599,50720
208599,59822
208599,62376
208599,124
208599,34092
208599,48574
208599,56714
208599,57414
208599,35846
208599,50274
208599,16358
208599,57804
208599,62378
208599,36720
208599,61552
208599,36722
208599,36762
208599,61540
208599,56484
208599,48694
208617,11262
208617,61540
208626,11262
208626,61540
208692,11262
208692,1304
208692,1370
208692,61542
208692,59822
208692,62376
208692,61540
208722,11262
208722,1304
208722,1370
208722,61542
208722,30500
208722,50718
208722,50720
208722,59822
208722,62376
208722,48574
208722,57414
208722,62378
208722,61540
208722,56484
208722,48694
208740,11262
208740,1304
208740,1370
208740,61542
208740,50720
208740,59822
208740,62376
208740,48574
208740,57414
208740,62378
208740,61540
208740,48694
208758,11262
208758,1304
208758,1370
208758,61542
208758,59822
208758,62376
208758,124
208758,35846
208758,16358
208758,61552
208758,61540
208761,11262
208761,1304
208761,1370
208761,61542
208761,30500
208761,50718
208761,59822
208761,62376
208761,61540
208761,56484
208788,10652
208788,11262
208788,1304
208788,1370
208788,35732
208788,44302
208788,49888
208788,61542
208788,1372
208788,30500
208788,39186
208788,50718
208788,50720
208788,52918
208788,59822
208788,61364
208788,61558
208788,61560
208788,62376
208788,63188
208788,34092
208788,48574
208788,50716
208788,56714
208788,57414
208788,62074
208788,63510
208788,50274
208788,56696
208788,60978
208788,61028
208788,62944
208788,32496
208788,48298
208788,57804
208788,61672
208788,62170
208788,62400
208788,63360
208788,63418
208788,62378
208788,62860
208788,36720
208788,50268
208788,36722
208788,36762
208788,61540
208788,56484
208788,48694
208794,1304
208794,1370
208794,61542
208794,59822
208794,62376
208794,124
208794,35846
208794,16358
208794,61552
208797,1304
208797,1370
208797,61542
208797,59822
208797,62376
208806,11262
208806,1304
208806,1370
208806,61542
208806,59822
208806,62376
208806,61540
208812,11262
208812,1304
208812,1370
208812,61542
208812,59822
208812,62376
208812,61540
208821,11262
208821,1304
208821,1370
208821,61542
208821,59822
208821,62376
208821,61540
208872,11262
208872,1304
208872,1370
208872,61542
208872,1372
208872,30500
208872,50718
208872,59822
208872,61364
208872,62376
208872,63188
208872,34092
208872,56714
208872,50274
208872,57804
208872,62170
208872,36720
208872,36722
208872,36762
208872,61540
208872,56484
208899,11262
208899,1304
208899,1370
208899,61542
208899,59822
208899,62376
208899,61540
209073,11262
209073,1304
209073,1370
209073,61542
209073,59822
209073,62376
209073,61540
209154,1304
209154,1370
209154,61542
209154,59822
209154,62376
209184,11262
209184,1304
209184,1370
209184,61542
209184,59822
209184,62376
209184,61540
209622,11262
209622,1304
209622,1370
209622,61542
209622,1372
209622,50720
209622,59822
209622,61364
209622,62376
209622,63188
209622,34092
209622,48574
209622,56714
209622,57414
209622,50274
209622,57804
209622,62170
209622,62378
209622,36720
209622,36722
209622,36762
209622,61540
209622,48694
209637,11262
209637,1304
209637,1370
209637,61542
209637,59822
209637,62376
209637,61540
209697,1304
209697,1370
209697,61542
209697,59822
209697,62376
209793,1304
209793,1370
209793,61542
209793,1372
209793,59822
209793,61364
209793,62376
209793,63188
209793,62170
209793,51316
209799,11262
209799,61540
209829,1304
209829,1370
209829,61542
209829,59822
209829,62376
209880,11262
209880,1304
209880,1370
209880,61542
209880,1372
209880,59822
209880,61364
209880,62376
209880,63188
209880,62170
209880,61540
209976,11262
209976,1304
209976,1370
209976,61542
209976,59822
209976,62376
209976,61540
209994,11262
209994,1304
209994,1370
209994,61542
209994,50720
209994,59822
209994,62376
209994,48574
209994,57414
209994,62378
209994,61540
209994,48694
210000,11262
210000,1304
210000,1370
210000,61542
210000,59822
210000,62376
210000,61540
210045,1304
210045,1370
210045,61542
210045,59822
210045,62376
210114,11262
210114,1304
210114,1370
210114,61542
210114,30500
210114,50718
210114,59822
210114,62376
210114,61540
210114,56484
210120,1304
210120,1370
210120,61542
210120,59822
210120,62376
210129,11262
210129,1304
210129,1370
210129,61542
210129,59822
210129,62376
210129,61540
210141,11262
210141,1304
210141,1370
210141,61542
210141,30500
210141,50718
210141,59822
210141,62376
210141,34092
210141,56714
210141,50274
210141,57804
210141,36720
210141,36722
210141,36762
210141,61540
210141,56484
210168,11262
210168,1304
210168,1370
210168,61542
210168,1372
210168,50720
210168,59822
210168,61364
210168,62376
210168,63188
210168,48574
210168,57414
210168,62170
210168,10808
210168,62378
210168,61540
210168,48694
210171,11262
210171,61540
210186,11262
210186,1372
210186,30500
210186,50718
210186,61364
210186,63188
210186,34092
210186,56714
210186,50274
210186,57804
210186,62170
210186,36720
210186,36722
210186,36762
210186,61540
210186,56484
210234,10652
210234,11262
210234,1304
210234,1370
210234,35732
210234,44302
210234,49888
210234,61542
210234,1372
210234,30500
210234,50718
210234,50720
210234,52918
210234,59822
210234,61364
210234,61558
210234,61560
210234,62376
210234,63188
210234,124
210234,34092
210234,48574
210234,50716
210234,56714
210234,57414
210234,62074
210234,63510
210234,35846
210234,50274
210234,56696
210234,60978
210234,62944
210234,16358
210234,32496
210234,48298
210234,57804
210234,61672
210234,62170
210234,63360
210234,62378
210234,62860
210234,36720
210234,50268
210234,61552
210234,36722
210234,36762
210234,61540
210234,56484
210234,48694
210342,11262
210342,1304
210342,1370
210342,61542
210342,59822
210342,62376
210342,61540
210393,11262
210393,1304
210393,1370
210393,61542
210393,50720
210393,59822
210393,62376
210393,48574
210393,57414
210393,62074
210393,62378
210393,61540
210393,48694
210585,11262
210585,10808
210585,61540
210615,10652
210615,11262
210615,1304
210615,1370
210615,35732
210615,61542
210615,30500
210615,50718
210615,59822
210615,61558
210615,61560
210615,62376
210615,124
210615,34092
210615,56714
210615,35846
210615,50274
210615,56696
210615,16358
210615,57804
210615,61672
210615,36720
210615,50268
210615,61552
210615,36722
210615,36762
210615,61540
210615,56484
210627,11262
210627,1304
210627,1370
210627,61542
210627,59822
210627,62376
210627,62074
210627,61540
210633,11262
210633,1304
210633,1370
210633,61542
210633,59822
210633,62376
210633,61540
210678,11262
210678,1304
210678,1370
210678,61542
210678,59822
210678,62376
210678,62074
210678,61540
210690,11262
210690,1304
210690,1370
210690,61542
210690,59822
210690,62376
210690,61540
210834,11262
210834,1304
210834,1370
210834,61542
210834,59822
210834,62376
210834,61540
210840,11262
210840,1304
210840,1370
210840,61542
210840,50720
210840,59822
210840,62376
210840,48574
210840,57414
210840,62074
210840,62378
210840,61540
210840,48694
210843,11262
210843,1304
210843,1370
210843,61542
210843,59822
210843,62376
210843,61540
210846,11262
210846,1304
210846,1370
210846,61542
210846,30500
210846,50718
210846,59822
210846,62376
210846,61540
210846,56484
210876,11262
210876,1304
210876,1370
210876,61542
210876,1372
210876,30500
210876,50718
210876,50720
210876,59822
210876,61364
210876,62376
210876,63188
210876,124
210876,48574
210876,57414
210876,35846
210876,16358
210876,62170
210876,62378
210876,61552
210876,61540
210876,56484
210876,48694
210882,11262
210882,1304
210882,1370
210882,61542
210882,50720
210882,59822
210882,62376
210882,48574
210882,57414
210882,62378
210882,61540
210882,48694
210897,11262
210897,1304
210897,1370
210897,61542
210897,59822
210897,62376
210897,61540
210933,60
210954,11262
210954,1304
210954,1370
210954,61542
210954,1372
210954,59822
210954,61364
210954,62376
210954,63188
210954,62170
210954,61540
210978,11262
210978,1304
210978,1370
210978,61542
210978,1372
210978,59822
210978,61364
210978,62376
210978,63188
210978,62170
210978,61540
210981,11262
210981,1304
210981,1370
210981,61542
210981,1372
210981,30500
210981,50718
210981,50720
210981,59822
210981,61364
210981,62376
210981,63188
210981,34092
210981,48574
210981,56714
210981,57414
210981,50274
210981,57804
210981,62170
210981,62378
210981,36720
210981,36722
210981,36762
210981,61540
210981,56484
210981,48694
211047,11262
211047,1304
211047,1370
211047,61542
211047,59822
211047,62376
211047,61540
211125,11262
211125,61540
211140,34092
211140,56714
211140,50274
211140,57804
211140,10808
211140,36720
211140,60
211140,51316
211140,36722
211140,36762
211236,1304
211236,1370
211236,61542
211236,59822
211236,62376
211383,11262
211383,50720
211383,48574
211383,57414
211383,62378
211383,61540
211383,48694
211386,11262
211386,50720
211386,48574
211386,57414
211386,62378
211386,61540
211386,48694
211407,11262
211407,1304
211407,1370
211407,61542
211407,59822
211407,62376
211407,61540
211413,1304
211413,1370
211413,61542
211413,59822
211413,62376
211473,10652
211473,11262
211473,1304
211473,1370
211473,35732
211473,61542
211473,30500
211473,50718
211473,50720
211473,59822
211473,61558
211473,61560
211473,62376
211473,34092
211473,48574
211473,56714
211473,57414
211473,50274
211473,56696
211473,57804
211473,61672
211473,62378
211473,36720
211473,50268
211473,36722
211473,36762
211473,61540
211473,56484
211473,48694
211476,11262
211476,1304
211476,1370
211476,61542
211476,59822
211476,62376
211476,61540
211524,11262
211524,1304
211524,1370
211524,61542
211524,30500
211524,50718
211524,50720
211524,59822
211524,62376
211524,34092
211524,48574
211524,56714
211524,57414
211524,62074
211524,50274
211524,57804
211524,62378
211524,36720
211524,36722
211524,36762
211524,61540
211524,56484
211524,48694
211527,11262
211527,1304
211527,1370
211527,33886
211527,44302
211527,49888
211527,61542
211527,1372
211527,30500
211527,39186
211527,50718
211527,52918
211527,54096
211527,54290
211527,59822
211527,61364
211527,62376
211527,63188
211527,124
211527,34092
211527,50716
211527,56714
211527,63510
211527,35846
211527,50270
211527,50272
211527,50274
211527,51974
211527,59394
211527,59396
211527,60522
211527,60978
211527,61028
211527,62274
211527,62618
211527,62944
211527,16358
211527,32496
211527,42132
211527,48298
211527,57804
211527,61280
211527,61348
211527,62170
211527,62400
211527,63186
211527,63218
211527,63360
211527,63418
211527,59816
211527,62860
211527,36720
211527,3382
211527,53386
211527,62616
211527,61552
211527,55798
211527,62276
211527,63538
211527,62614
211527,36722
211527,36762
211527,63220
211527,59776
211527,61540
211527,56484
211527,45912
211527,10790
211533,11262
211533,1304
211533,1370
211533,61542
211533,1372
211533,59822
211533,61364
211533,62376
211533,63188
211533,124
211533,34092
211533,56714
211533,62074
211533,35846
211533,50274
211533,16358
211533,33534
211533,57804
211533,62170
211533,36720
211533,61552
211533,60
211533,36722
211533,36762
211533,61540
211542,11262
211542,1304
211542,1370
211542,61542
211542,59822
211542,62376
211542,61540
211548,11262
211548,1304
211548,1370
211548,61542
211548,30500
211548,50718
211548,59822
211548,62376
211548,61540
211548,56484
211632,1304
211632,1370
211632,61542
211632,59822
211632,62376
211638,11262
211638,62074
211638,33534
211638,61540
211641,11262
211641,61540
211683,11262
211683,1304
211683,1370
211683,61542
211683,59822
211683,62376
211683,61540
211749,54096
211749,42132
211749,63186
211749,59816
211761,11262
211761,1304
211761,1370
211761,61542
211761,59822
211761,62376
211761,61540
211767,11262
211767,1304
211767,1370
211767,61542
211767,59822
211767,62376
211767,61540
211806,1304
211806,1370
211806,61542
211806,59822
211806,62376
211815,11262
211815,1304
211815,1370
211815,61542
211815,59822
211815,62376
211815,61540
211950,11262
211950,1304
211950,1370
211950,61542
211950,1372
211950,50720
211950,59822
211950,61364
211950,62376
211950,63188
211950,124
211950,48574
211950,57414
211950,62074
211950,35846
211950,16358
211950,62170
211950,62378
211950,61552
211950,61540
211950,48694
211965,1304
211965,1370
211965,61542
211965,30500
211965,50718
211965,50720
211965,59822
211965,62376
211965,124
211965,34092
211965,48574
211965,56714
211965,57414
211965,35846
211965,50274
211965,16358
211965,33534
211965,57804
211965,62378
211965,36720
211965,61552
211965,36722
211965,36762
211965,56484
211965,48694
211989,11262
211989,1304
211989,1370
211989,61542
211989,59822
211989,62376
211989,61540
212112,11262
212112,1304
212112,1370
212112,61542
212112,30500
212112,50718
212112,59822
212112,62376
212112,61540
212112,56484
212211,11262
212211,1304
212211,1370
212211,61542
212211,30500
212211,50718
212211,50720
212211,59822
212211,62376
212211,48574
212211,57414
212211,62378
212211,61540
212211,56484
212211,48694
212220,10652
212220,11262
212220,1304
212220,1370
212220,35732
212220,61542
212220,1372
212220,30500
212220,50718
212220,50720
212220,54096
212220,59822
212220,61364
212220,61558
212220,61560
212220,62376
212220,63188
212220,124
212220,34092
212220,48574
212220,56714
212220,57414
212220,35846
212220,50274
212220,56696
212220,16358
212220,42132
212220,57804
212220,61672
212220,62170
212220,63186
212220,10808
212220,59816
212220,62378
212220,36720
212220,50268
212220,61552
212220,36722
212220,36762
212220,61540
212220,56484
212220,48694
212256,1304
212256,1370
212256,61542
212256,30500
212256,50718
212256,59822
212256,62376
212256,34092
212256,56714
212256,50274
212256,57804
212256,36720
212256,36722
212256,36762
212256,56484
212283,1304
212283,1370
212283,61542
212283,59822
212283,62376
212301,11262
212301,1304
212301,1370
212301,61542
212301,1372
212301,30500
212301,50718
212301,50720
212301,54096
212301,59822
212301,61364
212301,62376
212301,63188
212301,34092
212301,48574
212301,56714
212301,57414
212301,50274
212301,42132
212301,57804
212301,62170
212301,63186
212301,59816
212301,62378
212301,36720
212301,36722
212301,36762
212301,61540
212301,56484
212301,48694
212337,11262
212337,1304
212337,1370
212337,61542
212337,59822
212337,62376
212337,61540
212379,11262
212379,30500
212379,50718
212379,61540
212379,56484
212430,10652
212430,11262
212430,1304
212430,1370
212430,35732
212430,61542
212430,1372
212430,30500
212430,50718
212430,59822
212430,61364
212430,61558
212430,61560
212430,62376
212430,63188
212430,124
212430,34092
212430,56714
212430,62074
212430,35846
212430,50274
212430,56696
212430,16358
212430,57804
212430,61672
212430,62170
212430,36720
212430,50268
212430,61552
212430,36722
212430,36762
212430,61540
212430,56484
212442,11262
212442,1304
212442,1370
212442,61542
212442,1372
212442,30500
212442,50718
212442,50720
212442,59822
212442,61364
212442,62376
212442,63188
212442,34092
212442,48574
212442,56714
212442,57414
212442,62074
212442,50274
212442,57804
212442,62170
212442,62378
212442,36720
212442,36722
212442,36762
212442,61540
212442,56484
212442,48694
212445,34092
212445,56714
212445,50274
212445,57804
212445,36720
212445,36722
212445,36762
212448,11262
212448,1304
212448,1370
212448,61542
212448,1372
212448,30500
212448,50718
212448,59822
212448,61364
212448,62376
212448,63188
212448,62170
212448,61540
212448,56484
212469,11262
212469,1304
212469,1370
212469,61542
212469,50720
212469,59822
212469,62376
212469,34092
212469,48574
212469,56714
212469,57414
212469,62074
212469,50274
212469,57804
212469,62378
212469,36720
212469,36722
212469,36762
212469,61540
212469,48694
212475,11262
212475,61540
212526,10652
212526,11262
212526,1304
212526,1370
212526,35732
212526,61542
212526,30500
212526,50718
212526,59822
212526,61558
212526,61560
212526,62376
212526,56696
212526,61672
212526,50268
212526,61540
212526,56484
212550,1304
212550,1370
212550,61542
212550,1372
212550,59822
212550,61364
212550,62376
212550,63188
212550,62170
212571,11262
212571,1304
212571,1370
212571,61542
212571,59822
212571,62376
212571,61540
212586,1304
212586,1370
212586,61542
212586,1372
212586,59822
212586,61364
212586,62376
212586,63188
212586,62170
212592,11262
212592,61540
212637,11262
212637,61540
212640,11262
212640,61540
212721,11262
212721,1304
212721,1370
212721,44302
212721,49888
212721,61542
212721,1372
212721,30500
212721,39186
212721,50718
212721,50720
212721,52918
212721,59822
212721,61364
212721,62376
212721,63188
212721,34092
212721,48574
212721,50716
212721,56714
212721,57414
212721,63510
212721,50274
212721,60978
212721,61028
212721,62944
212721,32496
212721,48298
212721,57804
212721,62170
212721,62400
212721,63360
212721,63418
212721,62378
212721,62860
212721,36720
212721,36722
212721,36762
212721,61540
212721,56484
212721,48694
212745,11262
212745,1304
212745,1370
212745,61542
212745,59822
212745,62376
212745,124
212745,35846
212745,16358
212745,61552
212745,61540
212748,11262
212748,1304
212748,1370
212748,61542
212748,1372
212748,30500
212748,50718
212748,59822
212748,61364
212748,62376
212748,63188
212748,34092
212748,56714
212748,50274
212748,57804
212748,62170
212748,36720
212748,36722
212748,36762
212748,61540
212748,56484
212775,1304
212775,1370
212775,61542
212775,50720
212775,59822
212775,62376
212775,48574
212775,57414
212775,62378
212775,48694
212892,11262
212892,1304
212892,1370
212892,61542
212892,59822
212892,62376
212892,61540
213102,11262
213102,1304
213102,1370
213102,44302
213102,49888
213102,61542
213102,1372
213102,30500
213102,50718
213102,50720
213102,52918
213102,59822
213102,61364
213102,62376
213102,63188
213102,34092
213102,48574
213102,50716
213102,56714
213102,57414
213102,63510
213102,50274
213102,60978
213102,62944
213102,32496
213102,48298
213102,57804
213102,62170
213102,63360
213102,62378
213102,62860
213102,36720
213102,36722
213102,36762
213102,61540
213102,56484
213102,48694
213114,11262
213114,1304
213114,1370
213114,61542
213114,1372
213114,30500
213114,50718
213114,50720
213114,59822
213114,61364
213114,62376
213114,63188
213114,124
213114,34092
213114,48574
213114,56714
213114,57414
213114,62074
213114,35846
213114,50274
213114,16358
213114,57804
213114,62170
213114,62378
213114,36720
213114,61552
213114,36722
213114,36762
213114,61540
213114,56484
213114,48694
213513,11262
213513,1304
213513,1370
213513,61542
213513,59822
213513,62376
213513,61540
213885,11262
213885,44302
213885,49888
213885,30500
213885,50718
213885,52918
213885,34092
213885,50716
213885,56714
213885,63510
213885,50274
213885,60978
213885,62944
213885,32496
213885,48298
213885,57804
213885,63360
213885,62860
213885,36720
213885,36722
213885,36762
213885,61540
213885,56484
213978,34092
213978,56714
213978,50274
213978,57804
213978,36720
213978,60
213978,51316
213978,36722
213978,36762
214506,11262
214506,61540
214968,11262
214968,1304
214968,1370
214968,61542
214968,59822
214968,62376
214968,61540
215112,11262
215112,30500
215112,50718
215112,61540
215112,56484
215298,1372
215298,50720
215298,61364
215298,63188
215298,48574
215298,57414
215298,62170
215298,62378
215298,48694
215457,1304
215457,1370
215457,61542
215457,59822
215457,62376
215985,11262
215985,61540
216033,11262
216033,1304
216033,1370
216033,61542
216033,1372
216033,59822
216033,61364
216033,62376
216033,63188
216033,62170
216033,61540
216108,10652
216108,11262
216108,1304
216108,1370
216108,35732
216108,61542
216108,1372
216108,30500
216108,50718
216108,50720
216108,59822
216108,61364
216108,61558
216108,61560
216108,62376
216108,63188
216108,34092
216108,48574
216108,56714
216108,57414
216108,50274
216108,56696
216108,57804
216108,61672
216108,62170
216108,62378
216108,36720
216108,50268
216108,36722
216108,36762
216108,61540
216108,56484
216108,48694
216123,1304
216123,1370
216123,61542
216123,59822
216123,62376
216309,34092
216309,56714
216309,50274
216309,57804
216309,36720
216309,36722
216309,36762
216366,11262
216366,61540
216498,11262
216498,1304
216498,1370
216498,61542
216498,1372
216498,59822
216498,61364
216498,62376
216498,63188
216498,124
216498,35846
216498,16358
216498,62170
216498,61552
216498,61540
216564,34092
216564,56714
216564,50274
216564,57804
216564,10808
216564,36720
216564,36722
216564,36762
216648,11262
216648,1304
216648,1370
216648,61542
216648,30500
216648,50718
216648,59822
216648,62376
216648,61540
216648,56484
216948,1304
216948,1370
216948,61542
216948,59822
216948,62376
216981,1304
216981,1370
216981,61542
216981,1372
216981,59822
216981,61364
216981,62376
216981,63188
216981,62170
217002,11262
217002,1304
217002,1370
217002,61542
217002,59822
217002,62376
217002,61540
217293,11262
217293,1304
217293,1370
217293,61542
217293,59822
217293,62376
217293,61540
217380,1304
217380,1370
217380,61542
217380,59822
217380,62376
217494,11262
217494,1304
217494,1370
217494,61542
217494,59822
217494,62376
217494,61540
217620,1304
217620,1370
217620,61542
217620,1372
217620,59822
217620,61364
217620,62376
217620,63188
217620,62170
217752,11262
217752,1304
217752,1370
217752,61542
217752,1372
217752,59822
217752,61364
217752,62376
217752,63188
217752,62170
217752,61540
217782,10652
217782,11262
217782,1304
217782,1370
217782,35732
217782,44302
217782,49888
217782,61542
217782,1372
217782,30500
217782,39186
217782,50718
217782,50720
217782,52918
217782,54096
217782,59822
217782,61364
217782,61558
217782,61560
217782,62376
217782,63188
217782,124
217782,34092
217782,48574
217782,50716
217782,56714
217782,57414
217782,63510
217782,35846
217782,50274
217782,56696
217782,60978
217782,61028
217782,62944
217782,16358
217782,32496
217782,42132
217782,48298
217782,57804
217782,61672
217782,62170
217782,62400
217782,63186
217782,63360
217782,63418
217782,10808
217782,59816
217782,62378
217782,62860
217782,36720
217782,50268
217782,61552
217782,55632
217782,36722
217782,36762
217782,54864
217782,57522
217782,61540
217782,55638
217782,56484
217782,48694
217848,11262
217848,1304
217848,1370
217848,61542
217848,1372
217848,30500
217848,50718
217848,50720
217848,59822
217848,61364
217848,62376
217848,63188
217848,34092
217848,48574
217848,56714
217848,57414
217848,62074
217848,50274
217848,57804
217848,62170
217848,62378
217848,36720
217848,36722
217848,36762
217848,61540
217848,56484
217848,48694
218061,1304
218061,1370
218061,61542
218061,59822
218061,62376
218121,1304
218121,1370
218121,61542
218121,59822
218121,62376
218265,11262
218265,1304
218265,1370
218265,61542
218265,59822
218265,62376
218265,61540
218673,11262
218673,1304
218673,1370
218673,61542
218673,59822
218673,62376
218673,61540
219021,11262
219021,1304
219021,1370
219021,61542
219021,59822
219021,62376
219021,61540
219048,11262
219048,1304
219048,1370
219048,61542
219048,1372
219048,50720
219048,59822
219048,61364
219048,62376
219048,63188
219048,48574
219048,57414
219048,62074
219048,62170
219048,62378
219048,61540
219048,48694
219132,11262
219132,1304
219132,1370
219132,61542
219132,59822
219132,62376
219132,61540
219231,11262
219231,61540
219381,11262
219381,1304
219381,1370
219381,61542
219381,59822
219381,62376
219381,61540
219420,11262
219420,1304
219420,1370
219420,61542
219420,59822
219420,62376
219420,61540
219450,11262
219450,1304
219450,1370
219450,61542
219450,59822
219450,62376
219450,61540
219456,1304
219456,1370
219456,61542
219456,59822
219456,62376
219522,1304
219522,1370
219522,61542
219522,59822
219522,62376
219522,34092
219522,56714
219522,50274
219522,57804
219522,36720
219522,36722
219522,36762
220011,11262
220011,1304
220011,1370
220011,61542
220011,59822
220011,62376
220011,61540
220179,11262
220179,61540
220218,1304
220218,1370
220218,61542
220218,59822
220218,62376
220269,11262
220269,1304
220269,1370
220269,61542
220269,1372
220269,50720
220269,54096
220269,59822
220269,61364
220269,62376
220269,63188
220269,124
220269,34092
220269,48574
220269,56714
220269,57414
220269,62074
220269,35846
220269,50274
220269,16358
220269,42132
220269,57804
220269,62170
220269,63186
220269,10808
220269,59816
220269,62378
220269,36720
220269,61552
220269,36722
220269,36762
220269,61540
220269,48694
220302,11262
220302,61540
220632,11262
220632,1304
220632,1370
220632,61542
220632,59822
220632,62376
220632,124
220632,62074
220632,35846
220632,16358
220632,33534
220632,61552
220632,61540
220713,10652
220713,11262
220713,1304
220713,1370
220713,35732
220713,61542
220713,30500
220713,50718
220713,59822
220713,61558
220713,61560
220713,62376
220713,56696
220713,61672
220713,50268
220713,61540
220713,56484
220728,11262
220728,1304
220728,1370
220728,61542
220728,30500
220728,50718
220728,59822
220728,62376
220728,62074
220728,61540
220728,56484
221115,11262
221115,1304
221115,1370
221115,61542
221115,50720
221115,59822
221115,62376
221115,34092
221115,48574
221115,56714
221115,57414
221115,50274
221115,57804
221115,62378
221115,36720
221115,36722
221115,36762
221115,61540
221115,48694
221151,11262
221151,1304
221151,1370
221151,61542
221151,59822
221151,62376
221151,61540
221331,10652
221331,11262
221331,1304
221331,1370
221331,35732
221331,44302
221331,49888
221331,61542
221331,1372
221331,30500
221331,39186
221331,50718
221331,50720
221331,52918
221331,54096
221331,59822
221331,61364
221331,61558
221331,61560
221331,62376
221331,63188
221331,34092
221331,48574
221331,50716
221331,56714
221331,57414
221331,63510
221331,50274
221331,56696
221331,60978
221331,61028
221331,62944
221331,32496
221331,42132
221331,48298
221331,57804
221331,61672
221331,62170
221331,62400
221331,63186
221331,63360
221331,63418
221331,59816
221331,62378
221331,62860
221331,36720
221331,50268
221331,36722
221331,36762
221331,61540
221331,56484
221331,48694
221409,1304
221409,1370
221409,61542
221409,1372
221409,59822
221409,61364
221409,62376
221409,63188
221409,62170
221526,11262
221526,1304
221526,1370
221526,61542
221526,59822
221526,62376
221526,61540
221610,11262
221610,1304
221610,1370
221610,61542
221610,59822
221610,62376
221610,61540
221751,11262
221751,61540
222159,11262
222159,61540
222204,11262
222204,1304
222204,1370
222204,61542
222204,30500
222204,50718
222204,59822
222204,62376
222204,61540
222204,56484
222306,11262
222306,1304
222306,1370
222306,61542
222306,59822
222306,62376
222306,61540
222438,11262
222438,1304
222438,1370
222438,61542
222438,30500
222438,50718
222438,59822
222438,62376
222438,34092
222438,56714
222438,50274
222438,57804
222438,36720
222438,36722
222438,36762
222438,61540
222438,56484
222621,1304
222621,1370
222621,61542
222621,59822
222621,62376
222669,11262
222669,1304
222669,1370
222669,33886
222669,61542
222669,59822
222669,62376
222669,50270
222669,59396
222669,62274
222669,62618
222669,63218
222669,10808
222669,55798
222669,63538
222669,63220
222669,59776
222669,61540
222669,45912
222711,11262
222711,1304
222711,1370
222711,61542
222711,59822
222711,62376
222711,61540
222750,11262
222750,1304
222750,1370
222750,61542
222750,59822
222750,62376
222750,61540
222759,11262
222759,61540
222843,11262
222843,62074
222843,61540
222894,11262
222894,1304
222894,1370
222894,61542
222894,59822
222894,62376
222894,61540
222906,11262
222906,1304
222906,1370
222906,44302
222906,49888
222906,61542
222906,1372
222906,30500
222906,50718
222906,50720
222906,52918
222906,59822
222906,61364
222906,62376
222906,63188
222906,34092
222906,48574
222906,50716
222906,56714
222906,57414
222906,63510
222906,50274
222906,60978
222906,62944
222906,32496
222906,48298
222906,57804
222906,62170
222906,63360
222906,62378
222906,62860
222906,36720
222906,36722
222906,36762
222906,61540
222906,56484
222906,48694
223071,1304
223071,1370
223071,61542
223071,59822
223071,62376
223089,34092
223089,56714
223089,50274
223089,57804
223089,10808
223089,36720
223089,60
223089,36722
223089,36762
223104,11262
223104,1304
223104,1370
223104,61542
223104,30500
223104,50718
223104,59822
223104,62376
223104,61540
223104,56484
223518,11262
223518,1304
223518,1370
223518,61542
223518,59822
223518,62376
223518,61540
223554,11262
223554,61540
223728,11262
223728,1304
223728,1370
223728,61542
223728,30500
223728,50718
223728,59822
223728,62376
223728,61540
223728,56484
223776,11262
223776,1304
223776,1370
223776,61542
223776,59822
223776,62376
223776,61540
223782,11262
223782,1304
223782,1370
223782,61542
223782,59822
223782,62376
223782,61540
223968,11262
223968,1304
223968,1370
223968,61542
223968,1372
223968,30500
223968,50718
223968,50720
223968,59822
223968,61364
223968,62376
223968,63188
223968,34092
223968,48574
223968,56714
223968,57414
223968,50274
223968,57804
223968,62170
223968,62378
223968,36720
223968,36722
223968,36762
223968,61540
223968,56484
223968,48694
224145,11262
224145,1304
224145,1370
224145,61542
224145,50720
224145,59822
224145,62376
224145,48574
224145,57414
224145,62378
224145,61540
224145,48694
224169,11262
224169,1304
224169,1370
224169,61542
224169,1372
224169,30500
224169,50718
224169,50720
224169,59822
224169,61364
224169,62376
224169,63188
224169,48574
224169,57414
224169,62170
224169,62378
224169,61540
224169,56484
224169,48694
224280,11262
224280,1304
224280,1370
224280,61542
224280,59822
224280,62376
224280,61540
224526,11262
224526,1304
224526,1370
224526,61542
224526,59822
224526,62376
224526,61540
224631,11262
224631,1304
224631,1370
224631,61542
224631,1372
224631,59822
224631,61364
224631,62376
224631,63188
224631,62170
224631,61540
224787,11262
224787,1304
224787,1370
224787,61542
224787,59822
224787,62376
224787,61540
224841,11262
224841,1304
224841,1370
224841,61542
224841,59822
224841,62376
224841,61540
224925,1304
224925,1370
224925,61542
224925,59822
224925,62376
224931,1304
224931,1370
224931,61542
224931,59822
224931,62376
225012,1304
225012,1370
225012,61542
225012,59822
225012,62376
225276,11262
225276,1304
225276,1370
225276,61542
225276,59822
225276,62376
225276,61540
225351,11262
225351,1304
225351,1370
225351,61542
225351,50720
225351,59822
225351,62376
225351,48574
225351,57414
225351,62378
225351,61540
225351,48694
225390,11262
225390,1304
225390,1370
225390,61542
225390,59822
225390,62376
225390,61540
225393,10652
225393,11262
225393,1304
225393,1370
225393,33886
225393,35732
225393,44302
225393,49888
225393,61542
225393,1372
225393,30500
225393,39186
225393,50718
225393,50720
225393,52918
225393,54096
225393,59822
225393,61364
225393,61558
225393,61560
225393,62376
225393,63188
225393,124
225393,34092
225393,48574
225393,50716
225393,56714
225393,57414
225393,63510
225393,35846
225393,50270
225393,50274
225393,56696
225393,59396
225393,60978
225393,61028
225393,62274
225393,62618
225393,62944
225393,16358
225393,32496
225393,33534
225393,42132
225393,48298
225393,57804
225393,61672
225393,62170
225393,62400
225393,63186
225393,63218
225393,63360
225393,63418
225393,59816
225393,62378
225393,62860
225393,36720
225393,50268
225393,61552
225393,55798
225393,63538
225393,36722
225393,36762
225393,63220
225393,59776
225393,61540
225393,56484
225393,48694
225393,45912
225396,11262
225396,61540
225480,1304
225480,1370
225480,61542
225480,59822
225480,62376
225501,10652
225501,11262
225501,1304
225501,1370
225501,35732
225501,61542
225501,1372
225501,30500
225501,50718
225501,50720
225501,59822
225501,61364
225501,61558
225501,61560
225501,62376
225501,63188
225501,124
225501,34092
225501,48574
225501,56714
225501,57414
225501,62074
225501,35846
225501,50274
225501,56696
225501,16358
225501,57804
225501,61672
225501,62170
225501,62378
225501,36720
225501,50268
225501,61552
225501,36722
225501,36762
225501,61540
225501,56484
225501,48694
225654,1304
225654,1370
225654,61542
225654,59822
225654,62376
225669,10652
225669,11262
225669,1304
225669,1370
225669,35732
225669,61542
225669,59822
225669,61558
225669,61560
225669,62376
225669,56696
225669,61672
225669,50268
225669,61540
225672,1304
225672,1370
225672,61542
225672,59822
225672,62376
225699,11262
225699,1304
225699,1370
225699,61542
225699,59822
225699,62376
225699,61540
225747,11262
225747,1304
225747,1370
225747,61542
225747,50720
225747,59822
225747,62376
225747,48574
225747,57414
225747,62378
225747,61540
225747,48694
225972,1304
225972,1370
225972,61542
225972,59822
225972,62376
226623,11262
226623,1304
226623,1370
226623,61542
226623,30500
226623,50718
226623,59822
226623,62376
226623,34092
226623,56714
226623,50274
226623,57804
226623,36720
226623,36722
226623,36762
226623,61540
226623,56484
226662,11262
226662,1304
226662,1370
226662,61542
226662,1372
226662,50720
226662,59822
226662,61364
226662,62376
226662,63188
226662,34092
226662,48574
226662,56714
226662,57414
226662,50274
226662,57804
226662,62170
226662,62378
226662,36720
226662,36722
226662,36762
226662,61540
226662,48694
226827,11262
226827,61540
226848,11262
226848,1304
226848,1370
226848,61542
226848,59822
226848,62376
226848,61540
227115,11262
227115,1304
227115,1370
227115,61542
227115,59822
227115,62376
227115,62074
227115,61540
227223,1304
227223,1370
227223,61542
227223,59822
227223,62376
227292,10652
227292,11262
227292,1304
227292,1370
227292,35732
227292,44302
227292,49888
227292,61542
227292,1372
227292,30500
227292,50718
227292,50720
227292,52918
227292,59822
227292,61364
227292,61558
227292,61560
227292,62376
227292,63188
227292,34092
227292,48574
227292,50716
227292,56714
227292,57414
227292,63510
227292,50274
227292,56696
227292,60978
227292,62944
227292,32496
227292,48298
227292,57804
227292,61672
227292,62170
227292,63360
227292,62378
227292,62860
227292,36720
227292,50268
227292,36722
227292,36762
227292,61540
227292,56484
227292,48694
227295,10652
227295,11262
227295,1304
227295,1370
227295,35732
227295,61542
227295,1372
227295,30500
227295,50718
227295,59822
227295,61364
227295,61558
227295,61560
227295,62376
227295,63188
227295,124
227295,34092
227295,56714
227295,62074
227295,35846
227295,50274
227295,56696
227295,16358
227295,57804
227295,61672
227295,62170
227295,36720
227295,50268
227295,61552
227295,36722
227295,36762
227295,61540
227295,56484
227310,11262
227310,1304
227310,1370
227310,61542
227310,30500
227310,50718
227310,50720
227310,59822
227310,62376
227310,34092
227310,48574
227310,56714
227310,57414
227310,50274
227310,57804
227310,62378
227310,36720
227310,36722
227310,36762
227310,61540
227310,56484
227310,48694
227343,11262
227343,1304
227343,1370
227343,61542
227343,1372
227343,30500
227343,50718
227343,50720
227343,59822
227343,61364
227343,62376
227343,63188
227343,124
227343,48574
227343,57414
227343,35846
227343,16358
227343,62170
227343,62378
227343,61552
227343,61540
227343,56484
227343,48694
227469,1304
227469,1370
227469,61542
227469,1372
227469,50720
227469,59822
227469,61364
227469,62376
227469,63188
227469,48574
227469,57414
227469,62170
227469,62378
227469,48694
227616,11262
227616,1304
227616,1370
227616,61542
227616,1372
227616,59822
227616,61364
227616,62376
227616,63188
227616,62170
227616,61540
227664,1304
227664,1370
227664,61542
227664,1372
227664,50720
227664,59822
227664,61364
227664,62376
227664,63188
227664,48574
227664,57414
227664,62170
227664,62378
227664,48694
227670,11262
227670,1304
227670,1370
227670,61542
227670,59822
227670,62376
227670,61540
227829,11262
227829,1304
227829,1370
227829,61542
227829,59822
227829,62376
227829,61540
227973,11262
227973,1304
227973,1370
227973,61542
227973,59822
227973,62376
227973,61540
227988,11262
227988,1304
227988,1370
227988,61542
227988,59822
227988,62376
227988,61540
228024,11262
228024,1304
228024,1370
228024,61542
228024,59822
228024,62376
228024,61540
228060,11262
228060,1304
228060,1370
228060,61542
228060,1372
228060,50720
228060,59822
228060,61364
228060,62376
228060,63188
228060,34092
228060,48574
228060,56714
228060,57414
228060,62074
228060,50274
228060,57804
228060,62170
228060,62378
228060,36720
228060,36722
228060,36762
228060,61540
228060,48694
228315,1304
228315,1370
228315,61542
228315,59822
228315,62376
228438,1304
228438,1370
228438,61542
228438,59822
228438,62376
228564,11262
228564,1304
228564,1370
228564,61542
228564,59822
228564,62376
228564,61540
228729,11262
228729,1304
228729,1370
228729,61542
228729,30500
228729,50718
228729,50720
228729,59822
228729,62376
228729,34092
228729,48574
228729,56714
228729,57414
228729,50274
228729,57804
228729,62378
228729,36720
228729,36722
228729,36762
228729,61540
228729,56484
228729,48694
228741,1304
228741,1370
228741,61542
228741,59822
228741,62376
228753,1304
228753,1370
228753,61542
228753,59822
228753,62376
228948,1372
228948,54096
228948,61364
228948,63188
228948,42132
228948,62170
228948,63186
228948,59816
229341,11262
229341,1304
229341,1370
229341,61542
229341,30500
229341,50718
229341,50720
229341,59822
229341,62376
229341,48574
229341,57414
229341,62074
229341,62378
229341,61540
229341,56484
229341,48694
229473,11262
229473,1304
229473,1370
229473,61542
229473,59822
229473,62376
229473,61540
229521,11262
229521,1304
229521,1370
229521,44302
229521,49888
229521,61542
229521,30500
229521,50718
229521,50720
229521,52918
229521,59822
229521,62376
229521,34092
229521,48574
229521,50716
229521,56714
229521,57414
229521,62074
229521,63510
229521,50274
229521,60978
229521,62944
229521,32496
229521,48298
229521,57804
229521,63360
229521,62378
229521,62860
229521,36720
229521,36722
229521,36762
229521,61540
229521,56484
229521,48694
229527,11262
229527,1372
229527,39186
229527,54096
229527,61364
229527,63188
229527,62074
229527,61028
229527,42132
229527,62170
229527,62400
229527,63186
229527,63418
229527,59816
229527,61540
229539,39186
229539,34092
229539,56714
229539,50274
229539,61028
229539,57804
229539,62400
229539,63418
229539,36720
229539,36722
229539,36762
229620,11262
229620,1304
229620,1370
229620,61542
229620,59822
229620,62376
229620,61540
229737,1304
229737,1370
229737,61542
229737,59822
229737,62376
229812,1304
229812,1370
229812,61542
229812,59822
229812,62376
229977,11262
229977,1304
229977,1370
229977,61542
229977,59822
229977,62376
229977,61540
230010,11262
230010,1304
230010,1370
230010,61542
230010,1372
230010,59822
230010,61364
230010,62376
230010,63188
230010,124
230010,35846
230010,16358
230010,33534
230010,62170
230010,61552
230010,61540
230028,11262
230028,1304
230028,1370
230028,61542
230028,1372
230028,30500
230028,50718
230028,59822
230028,61364
230028,62376
230028,63188
230028,62170
230028,61540
230028,56484
230073,11262
230073,1304
230073,1370
230073,61542
230073,1372
230073,30500
230073,50718
230073,59822
230073,61364
230073,62376
230073,63188
230073,62170
230073,61540
230073,56484
230091,10652
230091,11262
230091,1304
230091,1370
230091,35732
230091,44302
230091,49888
230091,61542
230091,30500
230091,39186
230091,50718
230091,52918
230091,54096
230091,59822
230091,61558
230091,61560
230091,62376
230091,50716
230091,63510
230091,56696
230091,60978
230091,61028
230091,62944
230091,32496
230091,42132
230091,48298
230091,61672
230091,62400
230091,63186
230091,63360
230091,63418
230091,59816
230091,62860
230091,50268
230091,61540
230091,56484
230178,11262
230178,1304
230178,1370
230178,61542
230178,59822
230178,62376
230178,61540
230286,11262
230286,1304
230286,1370
230286,61542
230286,50720
230286,59822
230286,62376
230286,48574
230286,57414
230286,62378
230286,61540
230286,48694
230331,1304
230331,1370
230331,61542
230331,59822
230331,62376
230604,11262
230604,1304
230604,1370
230604,61542
230604,59822
230604,62376
230604,61540
231057,11262
231057,1304
231057,1370
231057,44302
231057,49888
231057,61542
231057,1372
231057,30500
231057,50718
231057,50720
231057,52918
231057,59822
231057,61364
231057,62376
231057,63188
231057,34092
231057,48574
231057,50716
231057,56714
231057,57414
231057,62074
231057,63510
231057,50274
231057,60978
231057,62944
231057,32496
231057,48298
231057,57804
231057,62170
231057,63360
231057,62378
231057,62860
231057,36720
231057,36722
231057,36762
231057,61540
231057,56484
231057,48694
231096,1304
231096,1370
231096,61542
231096,59822
231096,62376
231102,1304
231102,1370
231102,61542
231102,1372
231102,59822
231102,61364
231102,62376
231102,63188
231102,62170
231144,11262
231144,61540
231162,1304
231162,1370
231162,61542
231162,59822
231162,62376
231225,11262
231225,1304
231225,1370
231225,61542
231225,1372
231225,59822
231225,61364
231225,62376
231225,63188
231225,62170
231225,61540
231459,1304
231459,1370
231459,61542
231459,59822
231459,62376
231663,11262
231663,1304
231663,1370
231663,61542
231663,59822
231663,62376
231663,61540
231708,11262
231708,1304
231708,1370
231708,61542
231708,59822
231708,62376
231708,61540
231876,11262
231876,1304
231876,1370
231876,61542
231876,59822
231876,62376
231876,34092
231876,56714
231876,50274
231876,57804
231876,36720
231876,36722
231876,36762
231876,61540
231900,11262
231900,1304
231900,1370
231900,61542
231900,59822
231900,62376
231900,61540
231909,1304
231909,1370
231909,61542
231909,1372
231909,59822
231909,61364
231909,62376
231909,63188
231909,62170
232029,11262
232029,1304
232029,1370
232029,61542
232029,1372
232029,50720
232029,59822
232029,61364
232029,62376
232029,63188
232029,34092
232029,48574
232029,56714
232029,57414
232029,50274
232029,57804
232029,62170
232029,62378
232029,36720
232029,36722
232029,36762
232029,61540
232029,48694
232035,11262
232035,1304
232035,1370
232035,44302
232035,49888
232035,61542
232035,1372
232035,30500
232035,50718
232035,50720
232035,52918
232035,59822
232035,61364
232035,62376
232035,63188
232035,34092
232035,48574
232035,50716
232035,56714
232035,57414
232035,63510
232035,50274
232035,60978
232035,62944
232035,32496
232035,48298
232035,57804
232035,62170
232035,63360
232035,62378
232035,62860
232035,36720
232035,36722
232035,36762
232035,61540
232035,56484
232035,48694
232065,11262
232065,1304
232065,1370
232065,61542
232065,1372
232065,30500
232065,39186
232065,50718
232065,54096
232065,59822
232065,61364
232065,62376
232065,63188
232065,34092
232065,56714
232065,50274
232065,61028
232065,42132
232065,57804
232065,62170
232065,62400
232065,63186
232065,63418
232065,10808
232065,59816
232065,36720
232065,36722
232065,36762
232065,61540
232065,56484
232068,11262
232068,1304
232068,1370
232068,61542
232068,1372
232068,50720
232068,59822
232068,61364
232068,62376
232068,63188
232068,48574
232068,57414
232068,62170
232068,62378
232068,61540
232068,48694
232266,60
232269,11262
232269,1304
232269,1370
232269,61542
232269,30500
232269,50718
232269,50720
232269,59822
232269,62376
232269,48574
232269,57414
232269,62074
232269,62378
232269,61540
232269,56484
232269,48694
232404,11262
232404,1304
232404,1370
232404,61542
232404,59822
232404,62376
232404,61540
232410,11262
232410,1304
232410,1370
232410,61542
232410,59822
232410,62376
232410,61540
232455,11262
232455,1304
232455,1370
232455,61542
232455,30500
232455,50718
232455,59822
232455,62376
232455,124
232455,34092
232455,56714
232455,62074
232455,35846
232455,50274
232455,16358
232455,33534
232455,57804
232455,36720
232455,61552
232455,36722
232455,36762
232455,61540
232455,56484
232614,1304
232614,1370
232614,61542
232614,59822
232614,62376
232656,1304
232656,1370
232656,61542
232656,59822
232656,62376
232665,11262
232665,1304
232665,1370
232665,61542
232665,59822
232665,62376
232665,61540
232788,1304
232788,1370
232788,61542
232788,59822
232788,62376
232827,11262
232827,1304
232827,1370
232827,61542
232827,59822
232827,62376
232827,61540
233091,1304
233091,1370
233091,61542
233091,59822
233091,62376
233559,1304
233559,1370
233559,61542
233559,59822
233559,62376
233970,10652
233970,11262
233970,1304
233970,1370
233970,35732
233970,61542
233970,59822
233970,61558
233970,61560
233970,62376
233970,56696
233970,61672
233970,50268
233970,61540
234018,11262
234018,1304
234018,1370
234018,61542
234018,59822
234018,62376
234018,61540
234021,11262
234021,1304
234021,1370
234021,61542
234021,59822
234021,62376
234021,34092
234021,56714
234021,62074
234021,50274
234021,57804
234021,36720
234021,36722
234021,36762
234021,61540
234030,50720
234030,48574
234030,57414
234030,62378
234030,48694
234093,11262
234093,1304
234093,1370
234093,61542
234093,30500
234093,50718
234093,50720
234093,59822
234093,62376
234093,48574
234093,57414
234093,62074
234093,62378
234093,61540
234093,56484
234093,48694
234120,11262
234120,1304
234120,1370
234120,61542
234120,59822
234120,62376
234120,61540
234156,11262
234156,1304
234156,1370
234156,61542
234156,59822
234156,62376
234156,62074
234156,61540
234297,11262
234297,1304
234297,1370
234297,61542
234297,50720
234297,59822
234297,62376
234297,48574
234297,57414
234297,62378
234297,61540
234297,48694
234555,11262
234555,61540
234864,1304
234864,1370
234864,61542
234864,59822
234864,62376
234972,11262
234972,1304
234972,1370
234972,61542
234972,1372
234972,59822
234972,61364
234972,62376
234972,63188
234972,62074
234972,62170
234972,61540
235191,11262
235191,1304
235191,1370
235191,61542
235191,59822
235191,62376
235191,61540
235299,11262
235299,1304
235299,1370
235299,61542
235299,59822
235299,62376
235299,61540
235335,11262
235335,61540
235380,11262
235380,1304
235380,1370
235380,61542
235380,59822
235380,62376
235380,61540
235458,1304
235458,1370
235458,61542
235458,59822
235458,62376
235932,11262
235932,1304
235932,1370
235932,61542
235932,59822
235932,62376
235932,34092
235932,56714
235932,50274
235932,57804
235932,36720
235932,36722
235932,36762
235932,61540
236115,11262
236115,1304
236115,1370
236115,61542
236115,59822
236115,62376
236115,61540
236226,11262
236226,1304
236226,1370
236226,61542
236226,1372
236226,30500
236226,50718
236226,50720
236226,59822
236226,61364
236226,62376
236226,63188
236226,34092
236226,48574
236226,56714
236226,57414
236226,50274
236226,57804
236226,62170
236226,62378
236226,36720
236226,36722
236226,36762
236226,61540
236226,56484
236226,48694
236490,1304
236490,1370
236490,61542
236490,59822
236490,62376
236520,34092
236520,56714
236520,50274
236520,57804
236520,10808
236520,36720
236520,51316
236520,36722
236520,36762
236655,10652
236655,11262
236655,1304
236655,1370
236655,35732
236655,61542
236655,1372
236655,59822
236655,61364
236655,61558
236655,61560
236655,62376
236655,63188
236655,56696
236655,61672
236655,62170
236655,50268
236655,61540
236766,11262
236766,1304
236766,1370
236766,61542
236766,59822
236766,62376
236766,61540
236775,1304
236775,1370
236775,61542
236775,59822
236775,62376
236973,11262
236973,61540
237057,11262
237057,1304
237057,1370
237057,61542
237057,59822
237057,62376
237057,61540
237195,11262
237195,1304
237195,1370
237195,61542
237195,1372
237195,59822
237195,61364
237195,62376
237195,63188
237195,62170
237195,61540
237252,1304
237252,1370
237252,61542
237252,59822
237252,62376
237300,11262
237300,1304
237300,1370
237300,61542
237300,59822
237300,62376
237300,62074
237300,61540
237804,11262
237804,1304
237804,1370
237804,61542
237804,1372
237804,59822
237804,61364
237804,62376
237804,63188
237804,62170
237804,61540
238032,11262
238032,30500
238032,50718
238032,61540
238032,56484
238068,11262
238068,1304
238068,1370
238068,61542
238068,1372
238068,59822
238068,61364
238068,62376
238068,63188
238068,62170
238068,61540
238218,1304
238218,1370
238218,61542
238218,59822
238218,62376
238263,11262
238263,1304
238263,1370
238263,61542
238263,50720
238263,59822
238263,62376
238263,48574
238263,57414
238263,62074
238263,62378
238263,61540
238263,48694
238293,10652
238293,11262
238293,1304
238293,1370
238293,35732
238293,44302
238293,49888
238293,61542
238293,1372
238293,30500
238293,39186
238293,50718
238293,52918
238293,54096
238293,59822
238293,61364
238293,61558
238293,61560
238293,62376
238293,63188
238293,34092
238293,50716
238293,56714
238293,63510
238293,50274
238293,56696
238293,60978
238293,61028
238293,62944
238293,32496
238293,42132
238293,48298
238293,57804
238293,61672
238293,62170
238293,62400
238293,63186
238293,63360
238293,63418
238293,59816
238293,62860
238293,36720
238293,50268
238293,36722
238293,36762
238293,61540
238293,56484
238377,11262
238377,1304
238377,1370
238377,61542
238377,30500
238377,50718
238377,50720
238377,59822
238377,62376
238377,48574
238377,57414
238377,62074
238377,62378
238377,61540
238377,56484
238377,48694
238536,1304
238536,1370
238536,61542
238536,1372
238536,59822
238536,61364
238536,62376
238536,63188
238536,62170
238572,11262
238572,1304
238572,1370
238572,61542
238572,59822
238572,62376
238572,61540
238608,11262
238608,1304
238608,1370
238608,61542
238608,50720
238608,59822
238608,62376
238608,48574
238608,57414
238608,62074
238608,62378
238608,61540
238608,48694
238611,1304
238611,1370
238611,61542
238611,59822
238611,62376
238689,1304
238689,1370
238689,61542
238689,50720
238689,59822
238689,62376
238689,48574
238689,57414
238689,62378
238689,48694
238827,11262
238827,1304
238827,1370
238827,61542
238827,59822
238827,62376
238827,61540
238875,1304
238875,1370
238875,61542
238875,59822
238875,62376
238878,1304
238878,1370
238878,61542
238878,1372
238878,59822
238878,61364
238878,62376
238878,63188
238878,62170
238887,1304
238887,1370
238887,61542
238887,59822
238887,62376
239115,1304
239115,1370
239115,61542
239115,59822
239115,62376
239247,11262
239247,1304
239247,1370
239247,61542
239247,59822
239247,62376
239247,61540
239508,11262
239508,61540
239556,11262
239556,1304
239556,1370
239556,61542
239556,30500
239556,50718
239556,50720
239556,59822
239556,62376
239556,34092
239556,48574
239556,56714
239556,57414
239556,50274
239556,57804
239556,62378
239556,36720
239556,36722
239556,36762
239556,61540
239556,56484
239556,48694
239577,11262
239577,1304
239577,1370
239577,61542
239577,30500
239577,50718
239577,59822
239577,62376
239577,61540
239577,56484
240852,11262
240852,1304
240852,1370
240852,61542
240852,59822
240852,62376
240852,61540
240912,1304
240912,1370
240912,61542
240912,59822
240912,62376
240918,1304
240918,1370
240918,61542
240918,59822
240918,62376
240939,1304
240939,1370
240939,61542
240939,50720
240939,59822
240939,62376
240939,48574
240939,57414
240939,62378
240939,48694
240990,11262
240990,1304
240990,1370
240990,61542
240990,59822
240990,62376
240990,61540
241026,11262
241026,61540
241203,1304
241203,1370
241203,61542
241203,59822
241203,62376
241263,11262
241263,61540
241305,11262
241305,1304
241305,1370
241305,61542
241305,59822
241305,62376
241305,34092
241305,56714
241305,50274
241305,57804
241305,36720
241305,36722
241305,36762
241305,61540
241329,11262
241329,1304
241329,1370
241329,61542
241329,59822
241329,62376
241329,61540
241389,11262
241389,1304
241389,1370
241389,61542
241389,59822
241389,62376
241389,61540
241824,11262
241824,1304
241824,1370
241824,61542
241824,59822
241824,62376
241824,62074
241824,61540
242130,34092
242130,56714
242130,50274
242130,57804
242130,10808
242130,36720
242130,60
242130,36722
242130,36762
242151,11262
242151,1304
242151,1370
242151,61542
242151,30500
242151,50718
242151,59822
242151,62376
242151,62074
242151,61540
242151,56484
242232,11262
242232,1304
242232,1370
242232,44302
242232,49888
242232,61542
242232,30500
242232,50718
242232,50720
242232,52918
242232,59822
242232,62376
242232,34092
242232,48574
242232,50716
242232,56714
242232,57414
242232,63510
242232,50274
242232,60978
242232,62944
242232,32496
242232,48298
242232,57804
242232,63360
242232,62378
242232,62860
242232,36720
242232,36722
242232,36762
242232,61540
242232,56484
242232,48694
242388,11262
242388,30500
242388,39186
242388,50718
242388,34092
242388,56714
242388,50274
242388,61028
242388,57804
242388,62400
242388,63418
242388,36720
242388,36722
242388,36762
242388,61540
242388,56484
242409,11262
242409,1304
242409,1370
242409,61542
242409,59822
242409,62376
242409,61540
242412,11262
242412,1372
242412,61364
242412,63188
242412,62170
242412,61540
242430,1304
242430,1370
242430,61542
242430,59822
242430,62376
242439,11262
242439,1304
242439,1370
242439,61542
242439,59822
242439,62376
242439,61540
242442,11262
242442,1304
242442,1370
242442,61542
242442,1372
242442,30500
242442,50718
242442,59822
242442,61364
242442,62376
242442,63188
242442,34092
242442,56714
242442,50274
242442,57804
242442,62170
242442,36720
242442,36722
242442,36762
242442,61540
242442,56484
242505,1304
242505,1370
242505,61542
242505,59822
242505,62376
242556,11262
242556,1304
242556,1370
242556,61542
242556,30500
242556,50718
242556,50720
242556,59822
242556,62376
242556,34092
242556,48574
242556,56714
242556,57414
242556,50274
242556,57804
242556,62378
242556,36720
242556,36722
242556,36762
242556,61540
242556,56484
242556,48694
242571,11262
242571,61540
242610,10808
242610,60
242856,11262
242856,1304
242856,1370
242856,61542
242856,59822
242856,62376
242856,61540
243408,11262
243408,1304
243408,1370
243408,61542
243408,59822
243408,62376
243408,61540
243477,1304
243477,1370
243477,61542
243477,59822
243477,62376
243546,11262
243546,61540
243927,11262
243927,1304
243927,1370
243927,61542
243927,59822
243927,62376
243927,61540
243954,11262
243954,61540
244005,1304
244005,1370
244005,61542
244005,59822
244005,62376
244041,1304
244041,1370
244041,61542
244041,59822
244041,62376
244065,11262
244065,61540
244158,1304
244158,1370
244158,61542
244158,59822
244158,62376
244278,11262
244278,1304
244278,1370
244278,61542
244278,30500
244278,50718
244278,59822
244278,62376
244278,61540
244278,56484
244287,11262
244287,61540
244380,11262
244380,61540
244404,62074
244446,1304
244446,1370
244446,61542
244446,59822
244446,62376
244680,11262
244680,1304
244680,1370
244680,61542
244680,30500
244680,50718
244680,59822
244680,62376
244680,61540
244680,56484
244731,34092
244731,56714
244731,50274
244731,57804
244731,36720
244731,36722
244731,36762
246627,11262
246627,1304
246627,1370
246627,61542
246627,59822
246627,62376
246627,61540
246963,11262
246963,61540
247374,1304
247374,1370
247374,61542
247374,59822
247374,62376
249216,11262
249216,61540
250629,11262
250629,61540
251721,11262
251721,61540
252618,11262
252618,1304
252618,1370
252618,61542
252618,30500
252618,50718
252618,59822
252618,62376
252618,124
252618,62074
252618,35846
252618,16358
252618,33534
252618,61552
252618,61540
252618,56484
25734,11262
25734,61540
25743,11262
25743,1304
25743,1370
25743,61542
25743,1372
25743,30500
25743,50718
25743,50720
25743,59822
25743,61364
25743,62376
25743,63188
25743,124
25743,34092
25743,48574
25743,56714
25743,57414
25743,35846
25743,50274
25743,16358
25743,57804
25743,62170
25743,62378
25743,36720
25743,61552
25743,36722
25743,36762
25743,61540
25743,56484
25743,48694
25749,10652
25749,11262
25749,1304
25749,1370
25749,35732
25749,44302
25749,49888
25749,61542
25749,1372
25749,30500
25749,39186
25749,50718
25749,50720
25749,52918
25749,54096
25749,59822
25749,61364
25749,61558
25749,61560
25749,62376
25749,63188
25749,124
25749,34092
25749,48574
25749,50716
25749,56714
25749,57414
25749,62074
25749,63510
25749,35846
25749,50274
25749,56696
25749,60978
25749,61028
25749,62944
25749,16358
25749,32496
25749,42132
25749,48298
25749,57804
25749,61672
25749,62170
25749,62400
25749,63186
25749,63360
25749,63418
25749,59816
25749,62378
25749,62860
25749,36720
25749,50268
25749,61552
25749,36722
25749,36762
25749,61540
25749,56484
25749,48694
56868,1304
56868,1370
56868,61542
56868,1372
56868,59822
56868,61364
56868,62376
56868,63188
56868,62170
56871,11262
56871,1304
56871,1370
56871,61542
56871,59822
56871,62376
56871,61540
59691,11262
59691,1304
59691,1370
59691,61542
59691,59822
59691,62376
59691,61540
59700,11262
59700,1304
59700,1370
59700,61542
59700,59822
59700,62376
59700,61540
59703,11262
59703,1304
59703,1370
59703,61542
59703,50720
59703,59822
59703,62376
59703,48574
59703,57414
59703,62378
59703,61540
59703,48694
60864,11262
60864,1304
60864,1370
60864,61542
60864,59822
60864,62376
60864,124
60864,35846
60864,16358
60864,61552
60864,61540
60870,11262
60870,61540
60882,11262
60882,1304
60882,1370
60882,61542
60882,1372
60882,30500
60882,50718
60882,50720
60882,59822
60882,61364
60882,62376
60882,63188
60882,48574
60882,57414
60882,62170
60882,62378
60882,61540
60882,56484
60882,48694
60888,10652
60888,11262
60888,1304
60888,1370
60888,35732
60888,61542
60888,1372
60888,30500
60888,39186
60888,50718
60888,54096
60888,59822
60888,61364
60888,61558
60888,61560
60888,62376
60888,63188
60888,34092
60888,56714
60888,50274
60888,56696
60888,61028
60888,42132
60888,57804
60888,61672
60888,62170
60888,62400
60888,63186
60888,63418
60888,59816
60888,36720
60888,50268
60888,36722
60888,36762
60888,61540
60888,56484
61344,11262
61344,1304
61344,1370
61344,61542
61344,59822
61344,62376
61344,61540
61353,11262
61353,1304
61353,1370
61353,61542
61353,59822
61353,62376
61353,61540
61482,11262
61482,30500
61482,50718
61482,34092
61482,56714
61482,50274
61482,57804
61482,36720
61482,36722
61482,36762
61482,61540
61482,56484
61692,11262
61692,1304
61692,1370
61692,61542
61692,1372
61692,50720
61692,59822
61692,61364
61692,62376
61692,63188
61692,124
61692,34092
61692,48574
61692,56714
61692,57414
61692,35846
61692,50274
61692,16358
61692,57804
61692,62170
61692,62378
61692,36720
61692,61552
61692,36722
61692,36762
61692,61540
61692,48694
61824,11262
61824,1304
61824,1370
61824,61542
61824,50720
61824,59822
61824,62376
61824,48574
61824,57414
61824,62378
61824,61540
61824,48694
61899,11262
61899,30500
61899,50718
61899,54096
61899,42132
61899,63186
61899,59816
61899,61540
61899,56484
61902,1304
61902,1370
61902,61542
61902,59822
61902,62376
61908,11262
61908,1304
61908,1370
61908,61542
61908,50720
61908,59822
61908,62376
61908,124
61908,48574
61908,57414
61908,35846
61908,16358
61908,62378
61908,61552
61908,61540
61908,48694
61935,1304
61935,1370
61935,61542
61935,59822
61935,62376
61977,11262
61977,62074
61977,61540
62337,11262
62337,34092
62337,56714
62337,50274
62337,57804
62337,10808
62337,36720
62337,36722
62337,36762
62337,61540
62811,30500
62811,50718
62811,56484
62817,11262
62817,1304
62817,1370
62817,44302
62817,49888
62817,61542
62817,1372
62817,30500
62817,50718
62817,50720
62817,52918
62817,59822
62817,61364
62817,62376
62817,63188
62817,34092
62817,48574
62817,50716
62817,56714
62817,57414
62817,63510
62817,50274
62817,60978
62817,62944
62817,32496
62817,48298
62817,57804
62817,62170
62817,63360
62817,62378
62817,62860
62817,36720
62817,36722
62817,36762
62817,61540
62817,56484
62817,48694
63690,11262
63690,1304
63690,1370
63690,61542
63690,59822
63690,62376
63690,61540
63867,11262
63867,1304
63867,1370
63867,61542
63867,59822
63867,62376
63867,61540
64218,1304
64218,1370
64218,61542
64218,59822
64218,62376
64272,11262
64272,1304
64272,1370
64272,61542
64272,59822
64272,62376
64272,61540
64299,11262
64299,1304
64299,1370
64299,61542
64299,30500
64299,50718
64299,59822
64299,62376
64299,34092
64299,56714
64299,50274
64299,57804
64299,36720
64299,36722
64299,36762
64299,61540
64299,56484
64353,11262
64353,1304
64353,1370
64353,61542
64353,1372
64353,59822
64353,61364
64353,62376
64353,63188
64353,62170
64353,61540
64365,1304
64365,1370
64365,61542
64365,59822
64365,62376
64734,11262
64734,1304
64734,1370
64734,61542
64734,59822
64734,62376
64734,61540
64764,11262
64764,61540
64860,11262
64860,1304
64860,1370
64860,61542
64860,1372
64860,59822
64860,61364
64860,62376
64860,63188
64860,62170
64860,61540
64893,11262
64893,1304
64893,1370
64893,61542
64893,59822
64893,62376
64893,61540
64959,1304
64959,1370
64959,61542
64959,59822
64959,62376
65052,1304
65052,1370
65052,61542
65052,59822
65052,62376
65067,1304
65067,1370
65067,61542
65067,59822
65067,62376
65313,1372
65313,61364
65313,63188
65313,62170
65631,11262
65631,1304
65631,1370
65631,61542
65631,59822
65631,62376
65631,61540
65637,11262
65637,1304
65637,1370
65637,61542
65637,59822
65637,62376
65637,61540
65640,11262
65640,1304
65640,1370
65640,61542
65640,1372
65640,30500
65640,50718
65640,50720
65640,59822
65640,61364
65640,62376
65640,63188
65640,48574
65640,57414
65640,62170
65640,62378
65640,61540
65640,56484
65640,48694
66054,11262
66054,1304
66054,1370
66054,61542
66054,59822
66054,62376
66054,61540
66336,1304
66336,1370
66336,61542
66336,59822
66336,62376
66378,11262
66378,1304
66378,1370
66378,33886
66378,44302
66378,49888
66378,61542
66378,30500
66378,50718
66378,50720
66378,52918
66378,59822
66378,62376
66378,48574
66378,50716
66378,57414
66378,63510
66378,50270
66378,59396
66378,60978
66378,62274
66378,62618
66378,62944
66378,32496
66378,48298
66378,63218
66378,63360
66378,62378
66378,62860
66378,55798
66378,63538
66378,63220
66378,59776
66378,61540
66378,56484
66378,48694
66378,45912
66465,11262
66465,1304
66465,1370
66465,61542
66465,59822
66465,62376
66465,61540
66777,11262
66777,1304
66777,1370
66777,61542
66777,1372
66777,30500
66777,50718
66777,59822
66777,61364
66777,62376
66777,63188
66777,62170
66777,61540
66777,56484
66843,11262
66843,1304
66843,1370
66843,61542
66843,30500
66843,50718
66843,59822
66843,62376
66843,61540
66843,56484
66879,11262
66879,1304
66879,1370
66879,61542
66879,1372
66879,59822
66879,61364
66879,62376
66879,63188
66879,62170
66879,61540
66915,11262
66915,1304
66915,1370
66915,61542
66915,59822
66915,62376
66915,61540
66918,1304
66918,1370
66918,61542
66918,59822
66918,62376
66924,11262
66924,1304
66924,1370
66924,61542
66924,59822
66924,62376
66924,61540
67158,11262
67158,1304
67158,1370
67158,61542
67158,59822
67158,62376
67158,61540
67314,11262
67314,1304
67314,1370
67314,61542
67314,59822
67314,62376
67314,61540
67740,11262
67740,61540
67764,1304
67764,1370
67764,61542
67764,59822
67764,62376
67827,1304
67827,1370
67827,61542
67827,59822
67827,62376
68496,11262
68496,1304
68496,1370
68496,61542
68496,30500
68496,50718
68496,50720
68496,59822
68496,62376
68496,48574
68496,57414
68496,62378
68496,61540
68496,56484
68496,48694
68568,1304
68568,1370
68568,61542
68568,59822
68568,62376
68676,11262
68676,1304
68676,1370
68676,61542
68676,59822
68676,62376
68676,61540
69060,1304
69060,1370
69060,61542
69060,59822
69060,62376
71271,10652
71271,11262
71271,1304
71271,1370
71271,35732
71271,44302
71271,49888
71271,61542
71271,1372
71271,30500
71271,39186
71271,50718
71271,50720
71271,52918
71271,54096
71271,59822
71271,61364
71271,61558
71271,61560
71271,62376
71271,63188
71271,124
71271,34092
71271,48574
71271,50716
71271,56714
71271,57414
71271,63510
71271,35846
71271,50274
71271,56696
71271,60978
71271,61028
71271,62944
71271,16358
71271,32496
71271,42132
71271,48298
71271,57804
71271,61672
71271,62170
71271,62400
71271,63186
71271,63360
71271,63418
71271,10808
71271,59816
71271,62378
71271,62860
71271,36720
71271,50268
71271,61552
71271,36722
71271,36762
71271,61540
71271,56484
71271,48694
71274,11262
71274,1304
71274,1370
71274,44302
71274,49888
71274,61542
71274,1372
71274,30500
71274,39186
71274,50718
71274,50720
71274,52918
71274,54096
71274,59822
71274,61364
71274,62376
71274,63188
71274,34092
71274,48574
71274,50716
71274,53394
71274,56714
71274,57414
71274,63510
71274,50274
71274,60978
71274,61028
71274,62944
71274,32496
71274,42132
71274,48298
71274,53160
71274,57804
71274,62170
71274,62400
71274,63136
71274,63186
71274,63360
71274,63418
71274,10808
71274,59816
71274,62378
71274,62860
71274,36720
71274,11490
71274,53406
71274,63540
71274,36722
71274,36762
71274,61540
71274,56484
71274,48694
71301,1304
71301,1370
71301,61542
71301,59822
71301,62376
71409,1304
71409,1370
71409,61542
71409,59822
71409,62376
71766,10652
71766,11262
71766,1304
71766,1370
71766,35732
71766,61542
71766,1372
71766,30500
71766,50718
71766,50720
71766,59822
71766,61364
71766,61558
71766,61560
71766,62376
71766,63188
71766,34092
71766,48574
71766,56714
71766,57414
71766,50274
71766,56696
71766,57804
71766,61672
71766,62170
71766,62378
71766,36720
71766,50268
71766,36722
71766,36762
71766,61540
71766,56484
71766,48694
72045,10652
72045,11262
72045,1304
72045,1370
72045,35732
72045,44302
72045,49888
72045,61542
72045,1372
72045,30500
72045,39186
72045,50718
72045,50720
72045,52918
72045,59822
72045,61364
72045,61558
72045,61560
72045,62376
72045,63188
72045,34092
72045,48574
72045,50716
72045,56714
72045,57414
72045,63510
72045,50274
72045,56696
72045,60978
72045,61028
72045,62944
72045,32496
72045,48298
72045,57804
72045,61672
72045,62170
72045,62400
72045,63360
72045,63418
72045,62378
72045,62860
72045,36720
72045,50268
72045,36722
72045,36762
72045,61540
72045,56484
72045,48694
72108,11262
72108,1304
72108,1370
72108,61542
72108,59822
72108,62376
72108,61540
72117,11262
72117,1304
72117,1370
72117,61542
72117,1372
72117,30500
72117,50718
72117,50720
72117,59822
72117,61364
72117,62376
72117,63188
72117,48574
72117,57414
72117,62170
72117,62378
72117,61540
72117,56484
72117,48694
72312,11262
72312,1304
72312,1370
72312,61542
72312,59822
72312,62376
72312,61540
72483,10652
72483,11262
72483,1304
72483,1370
72483,35732
72483,44302
72483,49888
72483,61542
72483,30500
72483,39186
72483,50718
72483,52918
72483,59822
72483,61558
72483,61560
72483,62376
72483,34092
72483,50716
72483,56714
72483,63510
72483,50274
72483,56696
72483,60978
72483,61028
72483,62944
72483,32496
72483,48298
72483,57804
72483,61672
72483,62400
72483,63360
72483,63418
72483,62860
72483,36720
72483,50268
72483,36722
72483,36762
72483,61540
72483,56484
72558,11262
72558,1304
72558,1370
72558,61542
72558,59822
72558,62376
72558,61540
72561,1304
72561,1370
72561,61542
72561,59822
72561,62376
72645,1304
72645,1370
72645,61542
72645,50720
72645,59822
72645,62376
72645,48574
72645,57414
72645,62378
72645,48694
72900,11262
72900,1304
72900,1370
72900,61542
72900,30500
72900,50718
72900,50720
72900,59822
72900,62376
72900,34092
72900,48574
72900,56714
72900,57414
72900,50274
72900,57804
72900,62378
72900,36720
72900,36722
72900,36762
72900,61540
72900,56484
72900,48694
72918,11262
72918,1304
72918,1370
72918,61542
72918,1372
72918,59822
72918,61364
72918,62376
72918,63188
72918,34092
72918,56714
72918,50274
72918,57804
72918,62170
72918,36720
72918,36722
72918,36762
72918,61540
72930,10652
72930,11262
72930,1304
72930,1370
72930,35732
72930,44302
72930,49888
72930,61542
72930,1372
72930,30500
72930,39186
72930,50718
72930,50720
72930,52918
72930,54096
72930,59822
72930,61364
72930,61558
72930,61560
72930,62376
72930,63188
72930,124
72930,34092
72930,48574
72930,50716
72930,56714
72930,57414
72930,62074
72930,63510
72930,35846
72930,50274
72930,56696
72930,60978
72930,61028
72930,62944
72930,16358
72930,32496
72930,42132
72930,48298
72930,57804
72930,61672
72930,62170
72930,62400
72930,63186
72930,63360
72930,63418
72930,59816
72930,62378
72930,62860
72930,36720
72930,50268
72930,61552
72930,36722
72930,36762
72930,61540
72930,56484
72930,48694
75723,11262
75723,1304
75723,1370
75723,61542
75723,59822
75723,62376
75723,61540
77484,10652
77484,11262
77484,1304
77484,1370
77484,35732
77484,61542
77484,1372
77484,30500
77484,50718
77484,59822
77484,61364
77484,61558
77484,61560
77484,62376
77484,63188
77484,124
77484,34092
77484,56714
77484,35846
77484,50274
77484,56696
77484,16358
77484,57804
77484,61672
77484,62170
77484,36720
77484,50268
77484,61552
77484,36722
77484,36762
77484,61540
77484,56484
88821,11262
88821,1304
88821,1370
88821,61542
88821,30500
88821,50718
88821,59822
88821,62376
88821,124
88821,62074
88821,35846
88821,16358
88821,61552
88821,61540
88821,56484
88920,10652
88920,11262
88920,1304
88920,1370
88920,35732
88920,44302
88920,49888
88920,61542
88920,1372
88920,30500
88920,39186
88920,50718
88920,50720
88920,52918
88920,54096
88920,59822
88920,61364
88920,61558
88920,61560
88920,62376
88920,63188
88920,34092
88920,48574
88920,50716
88920,56714
88920,57414
88920,63510
88920,50274
88920,56696
88920,60978
88920,61028
88920,62944
88920,32496
88920,42132
88920,48298
88920,57804
88920,61672
88920,62170
88920,62400
88920,63186
88920,63360
88920,63418
88920,10808
88920,59816
88920,62378
88920,62860
88920,36720
88920,50268
88920,36722
88920,36762
88920,61540
88920,56484
88920,48694
89013,11262
89013,1304
89013,1370
89013,61542
89013,59822
89013,62376
89013,61540
96138,1304
96138,1370
96138,61542
96138,59822
96138,62376
96444,11262
96444,1304
96444,1370
96444,61542
96444,59822
96444,62376
96444,62074
96444,61540
